openings: 308 positions from tests/openings_pool.fen
gauntlet: agent@engine vs agent@checkpoints/openingcap | SPRT elo0=0.0 elo1=8.0 alpha=0.025 beta=0.025 max_games=1500 | 10000ms+100ms | 6 workers
   1 games  +0 =1 -0   -0 Elo +/- 0   3fold=1 (100%)   188s      mean=0.500 LLR=+0.00 (game LLR=+0.00) [CONTINUE]
   2 games  +0 =2 -0   -0 Elo +/- 0   3fold=2 (100%)   193s      mean=0.500 LLR=+0.00 (game LLR=+0.00) [CONTINUE]
   3 games  +1 =2 -0   +120 Elo +/- 265   3fold=2 (67%)   195s      mean=0.667 LLR=+0.00 (game LLR=+0.10) [CONTINUE]
   4 games  +1 =3 -0   +89 Elo +/- 173   3fold=3 (75%)   196s      mean=0.625 LLR=+0.00 (game LLR=+0.12) [CONTINUE]
   5 games  +1 =4 -0   +70 Elo +/- 134   3fold=4 (80%)   202s      mean=0.600 LLR=+0.00 (game LLR=+0.14) [CONTINUE]
   6 games  +1 =4 -1   -0 Elo +/- 174   3fold=4 (67%)   203s      mean=0.500 LLR=+0.00 (game LLR=-0.00) [CONTINUE]
   7 games  +2 =4 -1   +50 Elo +/- 185   3fold=4 (57%)   224s      mean=0.571 LLR=+0.00 (game LLR=+0.05) [CONTINUE]
   8 games  +2 =5 -1   +44 Elo +/- 157   3fold=4 (50%)   227s      mean=0.562 LLR=+0.00 (game LLR=+0.06) [CONTINUE]
   9 games  +2 =6 -1   +39 Elo +/- 137   3fold=5 (56%)   227s      mean=0.556 LLR=+0.09 (game LLR=+0.06) [CONTINUE]
  10 games  +2 =7 -1   +35 Elo +/- 122   3fold=6 (60%)   233s      mean=0.550 LLR=+0.10 (game LLR=+0.07) [CONTINUE]
  11 games  +3 =7 -1   +64 Elo +/- 128   3fold=6 (55%)   237s      mean=0.591 LLR=+0.04 (game LLR=+0.13) [CONTINUE]
  12 games  +3 =8 -1   +58 Elo +/- 116   3fold=7 (58%)   243s      mean=0.583 LLR=+0.08 (game LLR=+0.14) [CONTINUE]
  13 games  +3 =9 -1   +54 Elo +/- 107   3fold=8 (62%)   246s      mean=0.577 LLR=+0.10 (game LLR=+0.15) [CONTINUE]
  14 games  +3 =9 -2   +25 Elo +/- 112   3fold=8 (57%)   252s      mean=0.536 LLR=+0.10 (game LLR=+0.05) [CONTINUE]
  15 games  +3 =10 -2   +23 Elo +/- 104   3fold=9 (60%)   255s      mean=0.533 LLR=+0.10 (game LLR=+0.06) [CONTINUE]
  16 games  +4 =10 -2   +44 Elo +/- 107   3fold=9 (56%)   258s      mean=0.562 LLR=+0.10 (game LLR=+0.12) [CONTINUE]
  17 games  +4 =10 -3   +20 Elo +/- 109   3fold=9 (53%)   266s      mean=0.529 LLR=+0.10 (game LLR=+0.05) [CONTINUE]
  18 games  +4 =11 -3   +19 Elo +/- 103   3fold=9 (50%)   276s      mean=0.528 LLR=+0.10 (game LLR=+0.05) [CONTINUE]
  19 games  +4 =12 -3   +18 Elo +/- 97   3fold=10 (53%)   279s      mean=0.526 LLR=+0.10 (game LLR=+0.05) [CONTINUE]
  20 games  +4 =13 -3   +17 Elo +/- 92   3fold=11 (55%)   280s      mean=0.525 LLR=+0.11 (game LLR=+0.05) [CONTINUE]
  21 games  +4 =14 -3   +17 Elo +/- 88   3fold=12 (57%)   282s      mean=0.524 LLR=+0.04 (game LLR=+0.05) [CONTINUE]
  22 games  +4 =15 -3   +16 Elo +/- 83   3fold=13 (59%)   293s      mean=0.523 LLR=+0.05 (game LLR=+0.05) [CONTINUE]
  23 games  +4 =15 -4   -0 Elo +/- 85   3fold=13 (57%)   293s      mean=0.500 LLR=-0.01 (game LLR=-0.02) [CONTINUE]
  24 games  +4 =16 -4   -0 Elo +/- 82   3fold=14 (58%)   301s      mean=0.500 LLR=-0.02 (game LLR=-0.02) [CONTINUE]
  25 games  +5 =16 -4   +14 Elo +/- 83   3fold=14 (56%)   307s      mean=0.520 LLR=-0.02 (game LLR=+0.05) [CONTINUE]
  26 games  +5 =17 -4   +13 Elo +/- 80   3fold=15 (58%)   310s      mean=0.519 LLR=+0.04 (game LLR=+0.05) [CONTINUE]
  27 games  +6 =17 -4   +26 Elo +/- 81   3fold=15 (56%)   311s      mean=0.537 LLR=+0.04 (game LLR=+0.11) [CONTINUE]
  28 games  +6 =17 -5   +12 Elo +/- 82   3fold=15 (54%)   320s      mean=0.518 LLR=+0.04 (game LLR=+0.04) [CONTINUE]
  29 games  +6 =18 -5   +12 Elo +/- 79   3fold=16 (55%)   323s      mean=0.517 LLR=+0.04 (game LLR=+0.04) [CONTINUE]
  30 games  +6 =19 -5   +12 Elo +/- 76   3fold=17 (57%)   326s      mean=0.517 LLR=+0.04 (game LLR=+0.04) [CONTINUE]
  31 games  +6 =20 -5   +11 Elo +/- 74   3fold=18 (58%)   334s      mean=0.516 LLR=+0.05 (game LLR=+0.04) [CONTINUE]
  32 games  +7 =20 -5   +22 Elo +/- 75   3fold=18 (56%)   338s      mean=0.531 LLR=+0.05 (game LLR=+0.10) [CONTINUE]
  33 games  +7 =21 -5   +21 Elo +/- 72   3fold=19 (58%)   343s      mean=0.530 LLR=+0.11 (game LLR=+0.10) [CONTINUE]
  34 games  +7 =22 -5   +20 Elo +/- 70   3fold=20 (59%)   345s      mean=0.529 LLR=+0.18 (game LLR=+0.11) [CONTINUE]
  35 games  +7 =23 -5   +20 Elo +/- 68   3fold=21 (60%)   351s      mean=0.529 LLR=+0.10 (game LLR=+0.11) [CONTINUE]
  36 games  +7 =24 -5   +19 Elo +/- 66   3fold=22 (61%)   364s      mean=0.528 LLR=+0.11 (game LLR=+0.11) [CONTINUE]
  37 games  +7 =25 -5   +19 Elo +/- 64   3fold=23 (62%)   364s      mean=0.527 LLR=+0.11 (game LLR=+0.11) [CONTINUE]
  38 games  +8 =25 -5   +27 Elo +/- 65   3fold=23 (61%)   370s      mean=0.539 LLR=+0.11 (game LLR=+0.18) [CONTINUE]
  39 games  +9 =25 -5   +36 Elo +/- 66   3fold=23 (59%)   371s      mean=0.551 LLR=+0.11 (game LLR=+0.23) [CONTINUE]
  40 games  +9 =26 -5   +35 Elo +/- 64   3fold=24 (60%)   375s      mean=0.550 LLR=+0.11 (game LLR=+0.24) [CONTINUE]
  41 games  +9 =26 -6   +25 Elo +/- 65   3fold=24 (59%)   378s      mean=0.537 LLR=+0.11 (game LLR=+0.16) [CONTINUE]
  42 games  +9 =27 -6   +25 Elo +/- 63   3fold=25 (60%)   391s      mean=0.536 LLR=+0.11 (game LLR=+0.16) [CONTINUE]
  43 games  +9 =28 -6   +24 Elo +/- 62   3fold=26 (60%)   392s      mean=0.535 LLR=+0.11 (game LLR=+0.17) [CONTINUE]
  44 games  +9 =29 -6   +24 Elo +/- 60   3fold=27 (61%)   397s      mean=0.534 LLR=+0.12 (game LLR=+0.17) [CONTINUE]
  45 games  +10 =29 -6   +31 Elo +/- 61   3fold=27 (60%)   399s      mean=0.544 LLR=+0.19 (game LLR=+0.23) [CONTINUE]
  46 games  +10 =30 -6   +30 Elo +/- 60   3fold=28 (61%)   399s      mean=0.543 LLR=+0.26 (game LLR=+0.23) [CONTINUE]
  47 games  +10 =30 -7   +22 Elo +/- 60   3fold=28 (60%)   408s      mean=0.532 LLR=+0.33 (game LLR=+0.16) [CONTINUE]
  48 games  +10 =31 -7   +22 Elo +/- 59   3fold=29 (60%)   420s      mean=0.531 LLR=+0.14 (game LLR=+0.16) [CONTINUE]
  49 games  +10 =32 -7   +21 Elo +/- 58   3fold=30 (61%)   424s      mean=0.531 LLR=+0.15 (game LLR=+0.16) [CONTINUE]
  50 games  +10 =33 -7   +21 Elo +/- 57   3fold=31 (62%)   427s      mean=0.530 LLR=+0.15 (game LLR=+0.17) [CONTINUE]
  51 games  +10 =33 -8   +14 Elo +/- 57   3fold=31 (61%)   429s      mean=0.520 LLR=+0.15 (game LLR=+0.09) [CONTINUE]
  52 games  +10 =34 -8   +13 Elo +/- 56   3fold=32 (62%)   433s      mean=0.519 LLR=+0.15 (game LLR=+0.09) [CONTINUE]
  53 games  +10 =34 -9   +7 Elo +/- 56   3fold=32 (60%)   446s      mean=0.509 LLR=+0.15 (game LLR=+0.03) [CONTINUE]
  54 games  +10 =35 -9   +6 Elo +/- 55   3fold=33 (61%)   452s      mean=0.509 LLR=+0.15 (game LLR=+0.02) [CONTINUE]
  55 games  +10 =35 -10   -0 Elo +/- 56   3fold=33 (60%)   453s      mean=0.500 LLR=+0.15 (game LLR=-0.04) [CONTINUE]
  56 games  +11 =35 -10   +6 Elo +/- 56   3fold=33 (59%)   458s      mean=0.509 LLR=+0.15 (game LLR=+0.02) [CONTINUE]
  57 games  +11 =35 -11   -0 Elo +/- 57   3fold=33 (58%)   459s      mean=0.500 LLR=+0.15 (game LLR=-0.04) [CONTINUE]
  58 games  +11 =35 -12   -6 Elo +/- 57   3fold=33 (57%)   461s      mean=0.491 LLR=+0.09 (game LLR=-0.10) [CONTINUE]
  59 games  +11 =36 -12   -6 Elo +/- 56   3fold=34 (58%)   477s      mean=0.492 LLR=+0.02 (game LLR=-0.10) [CONTINUE]
  60 games  +11 =37 -12   -6 Elo +/- 55   3fold=35 (58%)   482s      mean=0.492 LLR=-0.04 (game LLR=-0.10) [CONTINUE]
  61 games  +11 =38 -12   -6 Elo +/- 54   3fold=36 (59%)   486s      mean=0.492 LLR=-0.04 (game LLR=-0.10) [CONTINUE]
  62 games  +11 =39 -12   -6 Elo +/- 53   3fold=37 (60%)   493s      mean=0.492 LLR=-0.10 (game LLR=-0.11) [CONTINUE]
  63 games  +12 =39 -12   -0 Elo +/- 53   3fold=37 (59%)   494s      mean=0.500 LLR=-0.10 (game LLR=-0.04) [CONTINUE]
  64 games  +12 =40 -12   -0 Elo +/- 53   3fold=38 (59%)   496s      mean=0.500 LLR=-0.10 (game LLR=-0.05) [CONTINUE]
  65 games  +13 =40 -12   +5 Elo +/- 53   3fold=38 (58%)   506s      mean=0.508 LLR=-0.10 (game LLR=+0.02) [CONTINUE]
  66 games  +13 =40 -13   -0 Elo +/- 53   3fold=38 (58%)   511s      mean=0.500 LLR=-0.10 (game LLR=-0.04) [CONTINUE]
  67 games  +13 =41 -13   -0 Elo +/- 52   3fold=39 (58%)   512s      mean=0.500 LLR=-0.10 (game LLR=-0.05) [CONTINUE]
  68 games  +13 =42 -13   -0 Elo +/- 51   3fold=40 (59%)   513s      mean=0.500 LLR=-0.04 (game LLR=-0.05) [CONTINUE]
  69 games  +13 =42 -14   -5 Elo +/- 52   3fold=40 (58%)   520s      mean=0.493 LLR=-0.05 (game LLR=-0.11) [CONTINUE]
  70 games  +13 =42 -15   -10 Elo +/- 52   3fold=40 (57%)   529s      mean=0.486 LLR=-0.11 (game LLR=-0.16) [CONTINUE]
  71 games  +13 =42 -16   -15 Elo +/- 52   3fold=40 (56%)   541s      mean=0.479 LLR=-0.17 (game LLR=-0.22) [CONTINUE]
  72 games  +13 =43 -16   -14 Elo +/- 51   3fold=41 (57%)   541s      mean=0.479 LLR=-0.17 (game LLR=-0.22) [CONTINUE]
  73 games  +13 =44 -16   -14 Elo +/- 51   3fold=42 (58%)   542s      mean=0.479 LLR=-0.17 (game LLR=-0.22) [CONTINUE]
  74 games  +14 =44 -16   -9 Elo +/- 51   3fold=42 (57%)   544s      mean=0.486 LLR=-0.23 (game LLR=-0.16) [CONTINUE]
  75 games  +15 =44 -16   -5 Elo +/- 51   3fold=42 (56%)   553s      mean=0.493 LLR=-0.10 (game LLR=-0.10) [CONTINUE]
  76 games  +15 =45 -16   -5 Elo +/- 50   3fold=43 (57%)   556s      mean=0.493 LLR=-0.10 (game LLR=-0.11) [CONTINUE]
  77 games  +15 =46 -16   -5 Elo +/- 50   3fold=44 (57%)   563s      mean=0.494 LLR=-0.10 (game LLR=-0.11) [CONTINUE]
  78 games  +15 =46 -17   -9 Elo +/- 50   3fold=44 (56%)   573s      mean=0.487 LLR=-0.10 (game LLR=-0.16) [CONTINUE]
  79 games  +15 =46 -18   -13 Elo +/- 50   3fold=44 (56%)   573s      mean=0.481 LLR=-0.10 (game LLR=-0.22) [CONTINUE]
  80 games  +15 =47 -18   -13 Elo +/- 49   3fold=45 (56%)   578s      mean=0.481 LLR=-0.10 (game LLR=-0.22) [CONTINUE]
  81 games  +15 =48 -18   -13 Elo +/- 49   3fold=46 (57%)   582s      mean=0.481 LLR=-0.16 (game LLR=-0.22) [CONTINUE]
  82 games  +15 =49 -18   -13 Elo +/- 48   3fold=47 (57%)   593s      mean=0.482 LLR=-0.10 (game LLR=-0.23) [CONTINUE]
  83 games  +15 =49 -19   -17 Elo +/- 48   3fold=47 (57%)   594s      mean=0.476 LLR=-0.10 (game LLR=-0.28) [CONTINUE]
  84 games  +16 =49 -19   -12 Elo +/- 48   3fold=47 (56%)   603s      mean=0.482 LLR=-0.16 (game LLR=-0.22) [CONTINUE]
  85 games  +16 =50 -19   -12 Elo +/- 48   3fold=48 (56%)   604s      mean=0.482 LLR=-0.16 (game LLR=-0.22) [CONTINUE]
  86 games  +16 =51 -19   -12 Elo +/- 47   3fold=49 (57%)   605s      mean=0.483 LLR=-0.22 (game LLR=-0.23) [CONTINUE]
  87 games  +16 =52 -19   -12 Elo +/- 47   3fold=50 (57%)   607s      mean=0.483 LLR=-0.22 (game LLR=-0.23) [CONTINUE]
  88 games  +17 =52 -19   -8 Elo +/- 47   3fold=50 (57%)   624s      mean=0.489 LLR=-0.22 (game LLR=-0.17) [CONTINUE]
  89 games  +18 =52 -19   -4 Elo +/- 47   3fold=50 (56%)   625s      mean=0.494 LLR=-0.22 (game LLR=-0.11) [CONTINUE]
  90 games  +18 =53 -19   -4 Elo +/- 46   3fold=51 (57%)   631s      mean=0.494 LLR=-0.16 (game LLR=-0.11) [CONTINUE]
  91 games  +18 =54 -19   -4 Elo +/- 46   3fold=52 (57%)   632s      mean=0.495 LLR=-0.17 (game LLR=-0.12) [CONTINUE]
  92 games  +18 =55 -19   -4 Elo +/- 45   3fold=53 (58%)   633s      mean=0.495 LLR=-0.17 (game LLR=-0.12) [CONTINUE]
  93 games  +18 =56 -19   -4 Elo +/- 45   3fold=53 (57%)   646s      mean=0.495 LLR=-0.17 (game LLR=-0.12) [CONTINUE]
  94 games  +18 =56 -20   -7 Elo +/- 45   3fold=53 (56%)   654s      mean=0.489 LLR=-0.18 (game LLR=-0.18) [CONTINUE]
  95 games  +18 =56 -21   -11 Elo +/- 45   3fold=53 (56%)   655s      mean=0.484 LLR=-0.18 (game LLR=-0.23) [CONTINUE]
  96 games  +19 =56 -21   -7 Elo +/- 45   3fold=53 (55%)   655s      mean=0.490 LLR=-0.18 (game LLR=-0.17) [CONTINUE]
  97 games  +19 =57 -21   -7 Elo +/- 45   3fold=54 (56%)   663s      mean=0.490 LLR=-0.12 (game LLR=-0.17) [CONTINUE]
  98 games  +19 =58 -21   -7 Elo +/- 44   3fold=55 (56%)   664s      mean=0.490 LLR=-0.13 (game LLR=-0.18) [CONTINUE]
  99 games  +19 =59 -21   -7 Elo +/- 44   3fold=56 (57%)   680s      mean=0.490 LLR=-0.13 (game LLR=-0.18) [CONTINUE]
 100 games  +19 =60 -21   -7 Elo +/- 43   3fold=57 (57%)   683s      mean=0.490 LLR=-0.19 (game LLR=-0.18) [CONTINUE]
 101 games  +19 =61 -21   -7 Elo +/- 43   3fold=58 (57%)   684s      mean=0.490 LLR=-0.19 (game LLR=-0.18) [CONTINUE]
 102 games  +19 =62 -21   -7 Elo +/- 42   3fold=59 (58%)   692s      mean=0.490 LLR=-0.19 (game LLR=-0.19) [CONTINUE]
 103 games  +19 =62 -22   -10 Elo +/- 43   3fold=59 (57%)   697s      mean=0.485 LLR=-0.19 (game LLR=-0.24) [CONTINUE]
 104 games  +19 =63 -22   -10 Elo +/- 42   3fold=59 (57%)   699s      mean=0.486 LLR=-0.25 (game LLR=-0.25) [CONTINUE]
 105 games  +19 =63 -23   -13 Elo +/- 42   3fold=59 (56%)   710s      mean=0.481 LLR=-0.25 (game LLR=-0.30) [CONTINUE]
 106 games  +20 =63 -23   -10 Elo +/- 42   3fold=59 (56%)   714s      mean=0.486 LLR=-0.25 (game LLR=-0.24) [CONTINUE]
 107 games  +20 =64 -23   -10 Elo +/- 42   3fold=60 (56%)   717s      mean=0.486 LLR=-0.19 (game LLR=-0.24) [CONTINUE]
 108 games  +20 =65 -23   -10 Elo +/- 42   3fold=60 (56%)   721s      mean=0.486 LLR=-0.19 (game LLR=-0.25) [CONTINUE]
 109 games  +20 =66 -23   -10 Elo +/- 41   3fold=61 (56%)   724s      mean=0.486 LLR=-0.20 (game LLR=-0.25) [CONTINUE]
 110 games  +20 =67 -23   -9 Elo +/- 41   3fold=62 (56%)   733s      mean=0.486 LLR=-0.20 (game LLR=-0.25) [CONTINUE]
 111 games  +21 =67 -23   -6 Elo +/- 41   3fold=62 (56%)   740s      mean=0.491 LLR=-0.20 (game LLR=-0.19) [CONTINUE]
 112 games  +21 =67 -24   -9 Elo +/- 41   3fold=62 (55%)   741s      mean=0.487 LLR=-0.20 (game LLR=-0.25) [CONTINUE]
 113 games  +21 =68 -24   -9 Elo +/- 41   3fold=63 (56%)   749s      mean=0.487 LLR=-0.31 (game LLR=-0.25) [CONTINUE]
 114 games  +21 =69 -24   -9 Elo +/- 40   3fold=64 (56%)   750s      mean=0.487 LLR=-0.31 (game LLR=-0.25) [CONTINUE]
 115 games  +21 =69 -25   -12 Elo +/- 40   3fold=64 (56%)   755s      mean=0.483 LLR=-0.31 (game LLR=-0.31) [CONTINUE]
 116 games  +21 =69 -26   -15 Elo +/- 40   3fold=64 (55%)   766s      mean=0.478 LLR=-0.31 (game LLR=-0.36) [CONTINUE]
 117 games  +22 =69 -26   -12 Elo +/- 40   3fold=64 (55%)   767s      mean=0.483 LLR=-0.36 (game LLR=-0.30) [CONTINUE]
 118 games  +22 =69 -27   -15 Elo +/- 41   3fold=64 (54%)   773s      mean=0.479 LLR=-0.36 (game LLR=-0.35) [CONTINUE]
 119 games  +23 =69 -27   -12 Elo +/- 41   3fold=64 (54%)   778s      mean=0.483 LLR=-0.37 (game LLR=-0.30) [CONTINUE]
 120 games  +24 =69 -27   -9 Elo +/- 41   3fold=64 (53%)   783s      mean=0.487 LLR=-0.31 (game LLR=-0.24) [CONTINUE]
 121 games  +24 =70 -27   -9 Elo +/- 40   3fold=65 (54%)   783s      mean=0.488 LLR=-0.25 (game LLR=-0.24) [CONTINUE]
 122 games  +24 =71 -27   -9 Elo +/- 40   3fold=66 (54%)   793s      mean=0.488 LLR=-0.31 (game LLR=-0.24) [CONTINUE]
 123 games  +24 =71 -28   -11 Elo +/- 40   3fold=66 (54%)   798s      mean=0.484 LLR=-0.31 (game LLR=-0.30) [CONTINUE]
 124 games  +24 =71 -29   -14 Elo +/- 40   3fold=66 (53%)   802s      mean=0.480 LLR=-0.32 (game LLR=-0.35) [CONTINUE]
 125 games  +24 =71 -30   -17 Elo +/- 40   3fold=66 (53%)   808s      mean=0.476 LLR=-0.32 (game LLR=-0.40) [CONTINUE]
 126 games  +24 =72 -30   -17 Elo +/- 40   3fold=67 (53%)   808s      mean=0.476 LLR=-0.32 (game LLR=-0.40) [CONTINUE]
 127 games  +25 =72 -30   -14 Elo +/- 40   3fold=67 (53%)   809s      mean=0.480 LLR=-0.32 (game LLR=-0.34) [CONTINUE]
 128 games  +25 =72 -31   -16 Elo +/- 40   3fold=67 (52%)   820s      mean=0.477 LLR=-0.32 (game LLR=-0.40) [CONTINUE]
 129 games  +26 =72 -31   -13 Elo +/- 40   3fold=67 (52%)   833s      mean=0.481 LLR=-0.38 (game LLR=-0.34) [CONTINUE]
 130 games  +26 =72 -32   -16 Elo +/- 40   3fold=67 (52%)   835s      mean=0.477 LLR=-0.38 (game LLR=-0.39) [CONTINUE]
 131 games  +27 =72 -32   -13 Elo +/- 40   3fold=67 (51%)   836s      mean=0.481 LLR=-0.38 (game LLR=-0.33) [CONTINUE]
 132 games  +27 =73 -32   -13 Elo +/- 40   3fold=68 (52%)   845s      mean=0.481 LLR=-0.32 (game LLR=-0.34) [CONTINUE]
 133 games  +27 =74 -32   -13 Elo +/- 39   3fold=69 (52%)   850s      mean=0.481 LLR=-0.38 (game LLR=-0.34) [CONTINUE]
 134 games  +27 =75 -32   -13 Elo +/- 39   3fold=69 (51%)   850s      mean=0.481 LLR=-0.38 (game LLR=-0.34) [CONTINUE]
 135 games  +27 =75 -33   -15 Elo +/- 39   3fold=69 (51%)   863s      mean=0.478 LLR=-0.32 (game LLR=-0.39) [CONTINUE]
 136 games  +27 =76 -33   -15 Elo +/- 39   3fold=70 (51%)   863s      mean=0.478 LLR=-0.32 (game LLR=-0.40) [CONTINUE]
 137 games  +27 =76 -34   -18 Elo +/- 39   3fold=70 (51%)   873s      mean=0.474 LLR=-0.32 (game LLR=-0.45) [CONTINUE]
 138 games  +28 =76 -34   -15 Elo +/- 39   3fold=70 (51%)   877s      mean=0.478 LLR=-0.42 (game LLR=-0.39) [CONTINUE]
 139 games  +28 =77 -34   -15 Elo +/- 39   3fold=71 (51%)   878s      mean=0.478 LLR=-0.42 (game LLR=-0.39) [CONTINUE]
 140 games  +28 =77 -35   -17 Elo +/- 39   3fold=71 (51%)   880s      mean=0.475 LLR=-0.42 (game LLR=-0.44) [CONTINUE]
 141 games  +28 =78 -35   -17 Elo +/- 38   3fold=72 (51%)   891s      mean=0.475 LLR=-0.48 (game LLR=-0.45) [CONTINUE]
 142 games  +28 =79 -35   -17 Elo +/- 38   3fold=73 (51%)   891s      mean=0.475 LLR=-0.53 (game LLR=-0.45) [CONTINUE]
 143 games  +28 =79 -36   -19 Elo +/- 38   3fold=73 (51%)   907s      mean=0.472 LLR=-0.54 (game LLR=-0.50) [CONTINUE]
 144 games  +28 =79 -37   -22 Elo +/- 38   3fold=73 (51%)   907s      mean=0.469 LLR=-0.54 (game LLR=-0.55) [CONTINUE]
 145 games  +28 =80 -37   -22 Elo +/- 38   3fold=74 (51%)   909s      mean=0.469 LLR=-0.54 (game LLR=-0.55) [CONTINUE]
 146 games  +29 =80 -37   -19 Elo +/- 38   3fold=74 (51%)   918s      mean=0.473 LLR=-0.55 (game LLR=-0.50) [CONTINUE]
 147 games  +30 =80 -37   -17 Elo +/- 38   3fold=74 (50%)   920s      mean=0.476 LLR=-0.41 (game LLR=-0.44) [CONTINUE]
 148 games  +31 =80 -37   -14 Elo +/- 38   3fold=74 (50%)   926s      mean=0.480 LLR=-0.41 (game LLR=-0.39) [CONTINUE]
 149 games  +32 =80 -37   -12 Elo +/- 38   3fold=74 (50%)   934s      mean=0.483 LLR=-0.41 (game LLR=-0.33) [CONTINUE]
 150 games  +33 =80 -37   -9 Elo +/- 38   3fold=74 (49%)   937s      mean=0.487 LLR=-0.42 (game LLR=-0.28) [CONTINUE]
 151 games  +33 =80 -38   -12 Elo +/- 38   3fold=74 (49%)   940s      mean=0.483 LLR=-0.43 (game LLR=-0.33) [CONTINUE]
 152 games  +33 =80 -39   -14 Elo +/- 38   3fold=74 (49%)   951s      mean=0.480 LLR=-0.43 (game LLR=-0.38) [CONTINUE]
 153 games  +33 =81 -39   -14 Elo +/- 38   3fold=75 (49%)   951s      mean=0.480 LLR=-0.43 (game LLR=-0.38) [CONTINUE]
 154 games  +34 =81 -39   -11 Elo +/- 38   3fold=75 (49%)   955s      mean=0.484 LLR=-0.37 (game LLR=-0.33) [CONTINUE]
 155 games  +34 =82 -39   -11 Elo +/- 38   3fold=76 (49%)   962s      mean=0.484 LLR=-0.25 (game LLR=-0.33) [CONTINUE]
 156 games  +34 =82 -40   -13 Elo +/- 38   3fold=76 (49%)   966s      mean=0.481 LLR=-0.30 (game LLR=-0.38) [CONTINUE]
 157 games  +34 =82 -41   -16 Elo +/- 38   3fold=76 (48%)   969s      mean=0.478 LLR=-0.30 (game LLR=-0.43) [CONTINUE]
 158 games  +34 =83 -41   -15 Elo +/- 37   3fold=77 (49%)   982s      mean=0.478 LLR=-0.30 (game LLR=-0.43) [CONTINUE]
 159 games  +34 =84 -41   -15 Elo +/- 37   3fold=78 (49%)   982s      mean=0.478 LLR=-0.36 (game LLR=-0.43) [CONTINUE]
 160 games  +34 =85 -41   -15 Elo +/- 37   3fold=79 (49%)   984s      mean=0.478 LLR=-0.36 (game LLR=-0.44) [CONTINUE]
 161 games  +34 =86 -41   -15 Elo +/- 37   3fold=80 (50%)   986s      mean=0.478 LLR=-0.36 (game LLR=-0.44) [CONTINUE]
 162 games  +34 =87 -41   -15 Elo +/- 37   3fold=81 (50%)   996s      mean=0.478 LLR=-0.36 (game LLR=-0.44) [CONTINUE]
 163 games  +34 =87 -42   -17 Elo +/- 37   3fold=81 (50%)   1000s      mean=0.475 LLR=-0.41 (game LLR=-0.49) [CONTINUE]
 164 games  +34 =87 -43   -19 Elo +/- 37   3fold=81 (49%)   1008s      mean=0.473 LLR=-0.50 (game LLR=-0.54) [CONTINUE]
 165 games  +34 =88 -43   -19 Elo +/- 36   3fold=82 (50%)   1012s      mean=0.473 LLR=-0.50 (game LLR=-0.54) [CONTINUE]
 166 games  +35 =88 -43   -17 Elo +/- 36   3fold=82 (49%)   1015s      mean=0.476 LLR=-0.50 (game LLR=-0.49) [CONTINUE]
 167 games  +35 =88 -44   -19 Elo +/- 36   3fold=82 (49%)   1015s      mean=0.473 LLR=-0.45 (game LLR=-0.53) [CONTINUE]
 168 games  +35 =89 -44   -19 Elo +/- 36   3fold=83 (49%)   1032s      mean=0.473 LLR=-0.50 (game LLR=-0.54) [CONTINUE]
 169 games  +35 =90 -44   -19 Elo +/- 36   3fold=83 (49%)   1033s      mean=0.473 LLR=-0.50 (game LLR=-0.54) [CONTINUE]
 170 games  +35 =91 -44   -18 Elo +/- 36   3fold=84 (49%)   1041s      mean=0.474 LLR=-0.50 (game LLR=-0.55) [CONTINUE]
 171 games  +36 =91 -44   -16 Elo +/- 36   3fold=84 (49%)   1042s      mean=0.477 LLR=-0.56 (game LLR=-0.49) [CONTINUE]
 172 games  +36 =92 -44   -16 Elo +/- 36   3fold=85 (49%)   1044s      mean=0.477 LLR=-0.56 (game LLR=-0.50) [CONTINUE]
 173 games  +36 =93 -44   -16 Elo +/- 35   3fold=86 (50%)   1047s      mean=0.477 LLR=-0.56 (game LLR=-0.50) [CONTINUE]
 174 games  +36 =94 -44   -16 Elo +/- 35   3fold=87 (50%)   1062s      mean=0.477 LLR=-0.56 (game LLR=-0.50) [CONTINUE]
 175 games  +36 =95 -44   -16 Elo +/- 35   3fold=88 (50%)   1063s      mean=0.477 LLR=-0.56 (game LLR=-0.51) [CONTINUE]
 176 games  +36 =96 -44   -16 Elo +/- 35   3fold=89 (51%)   1071s      mean=0.477 LLR=-0.57 (game LLR=-0.51) [CONTINUE]
 177 games  +36 =97 -44   -16 Elo +/- 35   3fold=90 (51%)   1072s      mean=0.477 LLR=-0.58 (game LLR=-0.51) [CONTINUE]
 178 games  +36 =98 -44   -16 Elo +/- 34   3fold=91 (51%)   1078s      mean=0.478 LLR=-0.53 (game LLR=-0.52) [CONTINUE]
*** ANOMALY ***  flag as black (1-0) -- caused by agent@engine
 179 games  +36 =98 -45   -17 Elo +/- 34   3fold=91 (51%)   1078s   ANOMALIES: 1   mean=0.475 LLR=-0.53 (game LLR=-0.57) [CONTINUE]
 180 games  +36 =99 -45   -17 Elo +/- 34   3fold=92 (51%)   1082s   ANOMALIES: 1   mean=0.475 LLR=-0.58 (game LLR=-0.57) [CONTINUE]
 181 games  +36 =100 -45   -17 Elo +/- 34   3fold=93 (51%)   1092s   ANOMALIES: 1   mean=0.475 LLR=-0.58 (game LLR=-0.57) [CONTINUE]
 182 games  +36 =100 -46   -19 Elo +/- 34   3fold=93 (51%)   1100s   ANOMALIES: 1   mean=0.473 LLR=-0.58 (game LLR=-0.62) [CONTINUE]
 183 games  +37 =100 -46   -17 Elo +/- 34   3fold=93 (51%)   1105s   ANOMALIES: 1   mean=0.475 LLR=-0.58 (game LLR=-0.57) [CONTINUE]
 184 games  +37 =101 -46   -17 Elo +/- 34   3fold=94 (51%)   1106s   ANOMALIES: 1   mean=0.476 LLR=-0.53 (game LLR=-0.57) [CONTINUE]
 185 games  +37 =101 -47   -19 Elo +/- 34   3fold=94 (51%)   1108s   ANOMALIES: 1   mean=0.473 LLR=-0.53 (game LLR=-0.62) [CONTINUE]
 186 games  +37 =102 -47   -19 Elo +/- 34   3fold=95 (51%)   1111s   ANOMALIES: 1   mean=0.473 LLR=-0.53 (game LLR=-0.62) [CONTINUE]
 187 games  +37 =103 -47   -19 Elo +/- 33   3fold=96 (51%)   1119s   ANOMALIES: 1   mean=0.473 LLR=-0.53 (game LLR=-0.63) [CONTINUE]
 188 games  +37 =104 -47   -18 Elo +/- 33   3fold=97 (52%)   1135s   ANOMALIES: 1   mean=0.473 LLR=-0.54 (game LLR=-0.63) [CONTINUE]
 189 games  +37 =104 -48   -20 Elo +/- 33   3fold=97 (51%)   1138s   ANOMALIES: 1   mean=0.471 LLR=-0.55 (game LLR=-0.68) [CONTINUE]
 190 games  +38 =104 -48   -18 Elo +/- 33   3fold=97 (51%)   1139s   ANOMALIES: 1   mean=0.474 LLR=-0.55 (game LLR=-0.62) [CONTINUE]
 191 games  +38 =105 -48   -18 Elo +/- 33   3fold=98 (51%)   1140s   ANOMALIES: 1   mean=0.474 LLR=-0.55 (game LLR=-0.63) [CONTINUE]
 192 games  +38 =106 -48   -18 Elo +/- 33   3fold=99 (52%)   1142s   ANOMALIES: 1   mean=0.474 LLR=-0.55 (game LLR=-0.63) [CONTINUE]
 193 games  +38 =107 -48   -18 Elo +/- 33   3fold=100 (52%)   1159s   ANOMALIES: 1   mean=0.474 LLR=-0.61 (game LLR=-0.64) [CONTINUE]
 194 games  +38 =107 -49   -20 Elo +/- 33   3fold=100 (52%)   1165s   ANOMALIES: 1   mean=0.472 LLR=-0.61 (game LLR=-0.68) [CONTINUE]
 195 games  +39 =107 -49   -18 Elo +/- 33   3fold=100 (51%)   1171s   ANOMALIES: 1   mean=0.474 LLR=-0.61 (game LLR=-0.63) [CONTINUE]
 196 games  +39 =108 -49   -18 Elo +/- 33   3fold=101 (52%)   1171s   ANOMALIES: 1   mean=0.474 LLR=-0.55 (game LLR=-0.63) [CONTINUE]
 197 games  +39 =109 -49   -18 Elo +/- 33   3fold=102 (52%)   1176s   ANOMALIES: 1   mean=0.475 LLR=-0.61 (game LLR=-0.64) [CONTINUE]
 198 games  +39 =109 -50   -19 Elo +/- 33   3fold=102 (52%)   1176s   ANOMALIES: 1   mean=0.472 LLR=-0.61 (game LLR=-0.68) [CONTINUE]
 199 games  +39 =110 -50   -19 Elo +/- 32   3fold=103 (52%)   1186s   ANOMALIES: 1   mean=0.472 LLR=-0.61 (game LLR=-0.69) [CONTINUE]
 200 games  +39 =111 -50   -19 Elo +/- 32   3fold=104 (52%)   1190s   ANOMALIES: 1   mean=0.472 LLR=-0.62 (game LLR=-0.69) [CONTINUE]
 201 games  +39 =112 -50   -19 Elo +/- 32   3fold=105 (52%)   1199s   ANOMALIES: 1   mean=0.473 LLR=-0.67 (game LLR=-0.70) [CONTINUE]
 202 games  +39 =113 -50   -19 Elo +/- 32   3fold=106 (52%)   1202s   ANOMALIES: 1   mean=0.473 LLR=-0.73 (game LLR=-0.70) [CONTINUE]
 203 games  +39 =114 -50   -19 Elo +/- 32   3fold=107 (53%)   1202s   ANOMALIES: 1   mean=0.473 LLR=-0.74 (game LLR=-0.71) [CONTINUE]
 204 games  +39 =115 -50   -19 Elo +/- 32   3fold=108 (53%)   1202s   ANOMALIES: 1   mean=0.473 LLR=-0.74 (game LLR=-0.71) [CONTINUE]
 205 games  +40 =115 -50   -17 Elo +/- 32   3fold=108 (53%)   1213s   ANOMALIES: 1   mean=0.476 LLR=-0.74 (game LLR=-0.65) [CONTINUE]
 206 games  +40 =116 -50   -17 Elo +/- 31   3fold=109 (53%)   1220s   ANOMALIES: 1   mean=0.476 LLR=-0.74 (game LLR=-0.66) [CONTINUE]
 207 games  +40 =117 -50   -17 Elo +/- 31   3fold=110 (53%)   1224s   ANOMALIES: 1   mean=0.476 LLR=-0.74 (game LLR=-0.66) [CONTINUE]
 208 games  +40 =118 -50   -17 Elo +/- 31   3fold=111 (53%)   1225s   ANOMALIES: 1   mean=0.476 LLR=-0.75 (game LLR=-0.66) [CONTINUE]
 209 games  +40 =118 -51   -18 Elo +/- 31   3fold=111 (53%)   1230s   ANOMALIES: 1   mean=0.474 LLR=-0.75 (game LLR=-0.71) [CONTINUE]
 210 games  +40 =119 -51   -18 Elo +/- 31   3fold=112 (53%)   1233s   ANOMALIES: 1   mean=0.474 LLR=-0.75 (game LLR=-0.72) [CONTINUE]
 211 games  +40 =120 -51   -18 Elo +/- 31   3fold=113 (54%)   1241s   ANOMALIES: 1   mean=0.474 LLR=-0.76 (game LLR=-0.72) [CONTINUE]
 212 games  +40 =121 -51   -18 Elo +/- 31   3fold=114 (54%)   1247s   ANOMALIES: 1   mean=0.474 LLR=-0.70 (game LLR=-0.73) [CONTINUE]
 213 games  +40 =122 -51   -18 Elo +/- 31   3fold=115 (54%)   1252s   ANOMALIES: 1   mean=0.474 LLR=-0.71 (game LLR=-0.73) [CONTINUE]
 214 games  +40 =123 -51   -18 Elo +/- 30   3fold=116 (54%)   1253s   ANOMALIES: 1   mean=0.474 LLR=-0.71 (game LLR=-0.73) [CONTINUE]
 215 games  +40 =124 -51   -18 Elo +/- 30   3fold=117 (54%)   1262s   ANOMALIES: 1   mean=0.474 LLR=-0.71 (game LLR=-0.74) [CONTINUE]
 216 games  +41 =124 -51   -16 Elo +/- 30   3fold=117 (54%)   1263s   ANOMALIES: 1   mean=0.477 LLR=-0.77 (game LLR=-0.68) [CONTINUE]
 217 games  +42 =124 -51   -14 Elo +/- 30   3fold=117 (54%)   1272s   ANOMALIES: 1   mean=0.479 LLR=-0.77 (game LLR=-0.62) [CONTINUE]
 218 games  +43 =124 -51   -13 Elo +/- 30   3fold=117 (54%)   1277s   ANOMALIES: 1   mean=0.482 LLR=-0.77 (game LLR=-0.56) [CONTINUE]
 219 games  +44 =124 -51   -11 Elo +/- 30   3fold=117 (53%)   1282s   ANOMALIES: 1   mean=0.484 LLR=-0.77 (game LLR=-0.51) [CONTINUE]
 220 games  +44 =124 -52   -13 Elo +/- 30   3fold=117 (53%)   1284s   ANOMALIES: 1   mean=0.482 LLR=-0.71 (game LLR=-0.56) [CONTINUE]
 221 games  +44 =125 -52   -13 Elo +/- 30   3fold=118 (53%)   1296s   ANOMALIES: 1   mean=0.482 LLR=-0.71 (game LLR=-0.56) [CONTINUE]
 222 games  +44 =126 -52   -13 Elo +/- 30   3fold=119 (54%)   1298s   ANOMALIES: 1   mean=0.482 LLR=-0.65 (game LLR=-0.56) [CONTINUE]
 223 games  +44 =127 -52   -12 Elo +/- 30   3fold=120 (54%)   1300s   ANOMALIES: 1   mean=0.482 LLR=-0.65 (game LLR=-0.57) [CONTINUE]
 224 games  +44 =128 -52   -12 Elo +/- 30   3fold=121 (54%)   1309s   ANOMALIES: 1   mean=0.482 LLR=-0.60 (game LLR=-0.57) [CONTINUE]
 225 games  +44 =129 -52   -12 Elo +/- 30   3fold=122 (54%)   1312s   ANOMALIES: 1   mean=0.482 LLR=-0.54 (game LLR=-0.57) [CONTINUE]
 226 games  +44 =130 -52   -12 Elo +/- 30   3fold=123 (54%)   1313s   ANOMALIES: 1   mean=0.482 LLR=-0.54 (game LLR=-0.58) [CONTINUE]
 227 games  +44 =131 -52   -12 Elo +/- 29   3fold=124 (55%)   1321s   ANOMALIES: 1   mean=0.482 LLR=-0.60 (game LLR=-0.58) [CONTINUE]
 228 games  +44 =131 -53   -14 Elo +/- 29   3fold=124 (54%)   1323s   ANOMALIES: 1   mean=0.480 LLR=-0.60 (game LLR=-0.63) [CONTINUE]
 229 games  +44 =132 -53   -14 Elo +/- 29   3fold=125 (55%)   1329s   ANOMALIES: 1   mean=0.480 LLR=-0.60 (game LLR=-0.63) [CONTINUE]
 230 games  +44 =133 -53   -14 Elo +/- 29   3fold=126 (55%)   1331s   ANOMALIES: 1   mean=0.480 LLR=-0.60 (game LLR=-0.64) [CONTINUE]
 231 games  +45 =133 -53   -12 Elo +/- 29   3fold=126 (55%)   1340s   ANOMALIES: 1   mean=0.483 LLR=-0.60 (game LLR=-0.58) [CONTINUE]
 232 games  +46 =133 -53   -10 Elo +/- 29   3fold=126 (54%)   1341s   ANOMALIES: 1   mean=0.485 LLR=-0.55 (game LLR=-0.52) [CONTINUE]
 233 games  +46 =133 -54   -12 Elo +/- 29   3fold=126 (54%)   1352s   ANOMALIES: 1   mean=0.483 LLR=-0.55 (game LLR=-0.57) [CONTINUE]
 234 games  +46 =134 -54   -12 Elo +/- 29   3fold=127 (54%)   1357s   ANOMALIES: 1   mean=0.483 LLR=-0.55 (game LLR=-0.58) [CONTINUE]
 235 games  +46 =134 -55   -13 Elo +/- 29   3fold=127 (54%)   1358s   ANOMALIES: 1   mean=0.481 LLR=-0.60 (game LLR=-0.63) [CONTINUE]
 236 games  +47 =134 -55   -12 Elo +/- 29   3fold=127 (54%)   1360s   ANOMALIES: 1   mean=0.483 LLR=-0.66 (game LLR=-0.57) [CONTINUE]
 237 games  +48 =134 -55   -10 Elo +/- 29   3fold=127 (54%)   1372s   ANOMALIES: 1   mean=0.485 LLR=-0.60 (game LLR=-0.52) [CONTINUE]
 238 games  +48 =134 -56   -12 Elo +/- 29   3fold=127 (53%)   1374s   ANOMALIES: 1   mean=0.483 LLR=-0.60 (game LLR=-0.57) [CONTINUE]
 239 games  +49 =134 -56   -10 Elo +/- 29   3fold=127 (53%)   1382s   ANOMALIES: 1   mean=0.485 LLR=-0.61 (game LLR=-0.51) [CONTINUE]
 240 games  +49 =135 -56   -10 Elo +/- 29   3fold=128 (53%)   1382s   ANOMALIES: 1   mean=0.485 LLR=-0.61 (game LLR=-0.51) [CONTINUE]
 241 games  +49 =136 -56   -10 Elo +/- 29   3fold=129 (54%)   1389s   ANOMALIES: 1   mean=0.485 LLR=-0.67 (game LLR=-0.52) [CONTINUE]
 242 games  +49 =137 -56   -10 Elo +/- 29   3fold=130 (54%)   1395s   ANOMALIES: 1   mean=0.486 LLR=-0.67 (game LLR=-0.52) [CONTINUE]
 243 games  +49 =138 -56   -10 Elo +/- 29   3fold=131 (54%)   1400s   ANOMALIES: 1   mean=0.486 LLR=-0.67 (game LLR=-0.52) [CONTINUE]
 244 games  +49 =139 -56   -10 Elo +/- 29   3fold=132 (54%)   1402s   ANOMALIES: 1   mean=0.486 LLR=-0.61 (game LLR=-0.53) [CONTINUE]
 245 games  +49 =140 -56   -10 Elo +/- 29   3fold=133 (54%)   1408s   ANOMALIES: 1   mean=0.486 LLR=-0.61 (game LLR=-0.53) [CONTINUE]
 246 games  +50 =140 -56   -8 Elo +/- 29   3fold=133 (54%)   1416s   ANOMALIES: 1   mean=0.488 LLR=-0.55 (game LLR=-0.47) [CONTINUE]
 247 games  +50 =141 -56   -8 Elo +/- 28   3fold=134 (54%)   1420s   ANOMALIES: 1   mean=0.488 LLR=-0.55 (game LLR=-0.48) [CONTINUE]
 248 games  +51 =141 -56   -7 Elo +/- 28   3fold=134 (54%)   1425s   ANOMALIES: 1   mean=0.490 LLR=-0.56 (game LLR=-0.42) [CONTINUE]
 249 games  +51 =142 -56   -7 Elo +/- 28   3fold=135 (54%)   1427s   ANOMALIES: 1   mean=0.490 LLR=-0.56 (game LLR=-0.42) [CONTINUE]
 250 games  +51 =143 -56   -7 Elo +/- 28   3fold=136 (54%)   1432s   ANOMALIES: 1   mean=0.490 LLR=-0.56 (game LLR=-0.42) [CONTINUE]
 251 games  +51 =144 -56   -7 Elo +/- 28   3fold=137 (55%)   1438s   ANOMALIES: 1   mean=0.490 LLR=-0.57 (game LLR=-0.43) [CONTINUE]
 252 games  +52 =144 -56   -6 Elo +/- 28   3fold=137 (54%)   1444s   ANOMALIES: 1   mean=0.492 LLR=-0.57 (game LLR=-0.37) [CONTINUE]
 253 games  +53 =144 -56   -4 Elo +/- 28   3fold=137 (54%)   1448s   ANOMALIES: 1   mean=0.494 LLR=-0.44 (game LLR=-0.32) [CONTINUE]
 254 games  +53 =144 -57   -5 Elo +/- 28   3fold=137 (54%)   1454s   ANOMALIES: 1   mean=0.492 LLR=-0.44 (game LLR=-0.37) [CONTINUE]
 255 games  +53 =145 -57   -5 Elo +/- 28   3fold=138 (54%)   1459s   ANOMALIES: 1   mean=0.492 LLR=-0.45 (game LLR=-0.37) [CONTINUE]
 256 games  +53 =145 -58   -7 Elo +/- 28   3fold=138 (54%)   1461s   ANOMALIES: 1   mean=0.490 LLR=-0.45 (game LLR=-0.42) [CONTINUE]
 257 games  +53 =146 -58   -7 Elo +/- 28   3fold=139 (54%)   1466s   ANOMALIES: 1   mean=0.490 LLR=-0.45 (game LLR=-0.42) [CONTINUE]
 258 games  +53 =147 -58   -7 Elo +/- 28   3fold=139 (54%)   1478s   ANOMALIES: 1   mean=0.490 LLR=-0.45 (game LLR=-0.43) [CONTINUE]
 259 games  +53 =148 -58   -7 Elo +/- 28   3fold=140 (54%)   1479s   ANOMALIES: 1   mean=0.490 LLR=-0.45 (game LLR=-0.43) [CONTINUE]
 260 games  +53 =149 -58   -7 Elo +/- 28   3fold=141 (54%)   1487s   ANOMALIES: 1   mean=0.490 LLR=-0.39 (game LLR=-0.43) [CONTINUE]
 261 games  +53 =150 -58   -7 Elo +/- 28   3fold=142 (54%)   1494s   ANOMALIES: 1   mean=0.490 LLR=-0.40 (game LLR=-0.43) [CONTINUE]
 262 games  +53 =151 -58   -7 Elo +/- 27   3fold=142 (54%)   1495s   ANOMALIES: 1   mean=0.490 LLR=-0.46 (game LLR=-0.44) [CONTINUE]
 263 games  +53 =152 -58   -7 Elo +/- 27   3fold=143 (54%)   1496s   ANOMALIES: 1   mean=0.490 LLR=-0.46 (game LLR=-0.44) [CONTINUE]
 264 games  +54 =152 -58   -5 Elo +/- 27   3fold=143 (54%)   1508s   ANOMALIES: 1   mean=0.492 LLR=-0.46 (game LLR=-0.38) [CONTINUE]
 265 games  +55 =152 -58   -4 Elo +/- 27   3fold=143 (54%)   1508s   ANOMALIES: 1   mean=0.494 LLR=-0.40 (game LLR=-0.33) [CONTINUE]
 266 games  +55 =153 -58   -4 Elo +/- 27   3fold=144 (54%)   1514s   ANOMALIES: 1   mean=0.494 LLR=-0.40 (game LLR=-0.33) [CONTINUE]
 267 games  +56 =153 -58   -3 Elo +/- 27   3fold=144 (54%)   1523s   ANOMALIES: 1   mean=0.496 LLR=-0.40 (game LLR=-0.27) [CONTINUE]
 268 games  +56 =154 -58   -3 Elo +/- 27   3fold=145 (54%)   1526s   ANOMALIES: 1   mean=0.496 LLR=-0.40 (game LLR=-0.28) [CONTINUE]
 269 games  +56 =154 -59   -4 Elo +/- 27   3fold=145 (54%)   1531s   ANOMALIES: 1   mean=0.494 LLR=-0.40 (game LLR=-0.33) [CONTINUE]
 270 games  +56 =154 -60   -5 Elo +/- 27   3fold=145 (54%)   1536s   ANOMALIES: 1   mean=0.493 LLR=-0.46 (game LLR=-0.38) [CONTINUE]
 271 games  +56 =155 -60   -5 Elo +/- 27   3fold=146 (54%)   1539s   ANOMALIES: 1   mean=0.493 LLR=-0.46 (game LLR=-0.38) [CONTINUE]
 272 games  +56 =156 -60   -5 Elo +/- 27   3fold=147 (54%)   1540s   ANOMALIES: 1   mean=0.493 LLR=-0.47 (game LLR=-0.39) [CONTINUE]
 273 games  +56 =156 -61   -6 Elo +/- 27   3fold=147 (54%)   1554s   ANOMALIES: 1   mean=0.491 LLR=-0.41 (game LLR=-0.44) [CONTINUE]
 274 games  +56 =157 -61   -6 Elo +/- 27   3fold=148 (54%)   1558s   ANOMALIES: 1   mean=0.491 LLR=-0.41 (game LLR=-0.44) [CONTINUE]
 275 games  +57 =157 -61   -5 Elo +/- 27   3fold=148 (54%)   1560s   ANOMALIES: 1   mean=0.493 LLR=-0.47 (game LLR=-0.38) [CONTINUE]
 276 games  +58 =157 -61   -4 Elo +/- 27   3fold=148 (54%)   1565s   ANOMALIES: 1   mean=0.495 LLR=-0.34 (game LLR=-0.33) [CONTINUE]
 277 games  +58 =158 -61   -4 Elo +/- 27   3fold=149 (54%)   1567s   ANOMALIES: 1   mean=0.495 LLR=-0.34 (game LLR=-0.33) [CONTINUE]
 278 games  +58 =159 -61   -4 Elo +/- 27   3fold=150 (54%)   1568s   ANOMALIES: 1   mean=0.495 LLR=-0.34 (game LLR=-0.33) [CONTINUE]
 279 games  +58 =159 -62   -5 Elo +/- 27   3fold=150 (54%)   1584s   ANOMALIES: 1   mean=0.493 LLR=-0.34 (game LLR=-0.39) [CONTINUE]
 280 games  +58 =160 -62   -5 Elo +/- 27   3fold=151 (54%)   1589s   ANOMALIES: 1   mean=0.493 LLR=-0.44 (game LLR=-0.39) [CONTINUE]
 281 games  +58 =161 -62   -5 Elo +/- 27   3fold=152 (54%)   1590s   ANOMALIES: 1   mean=0.493 LLR=-0.44 (game LLR=-0.39) [CONTINUE]
 282 games  +58 =162 -62   -5 Elo +/- 27   3fold=153 (54%)   1591s   ANOMALIES: 1   mean=0.493 LLR=-0.39 (game LLR=-0.39) [CONTINUE]
 283 games  +58 =163 -62   -5 Elo +/- 26   3fold=154 (54%)   1592s   ANOMALIES: 1   mean=0.493 LLR=-0.39 (game LLR=-0.39) [CONTINUE]
 284 games  +58 =164 -62   -5 Elo +/- 26   3fold=154 (54%)   1607s   ANOMALIES: 1   mean=0.493 LLR=-0.39 (game LLR=-0.40) [CONTINUE]
 285 games  +58 =165 -62   -5 Elo +/- 26   3fold=155 (54%)   1615s   ANOMALIES: 1   mean=0.493 LLR=-0.40 (game LLR=-0.40) [CONTINUE]
 286 games  +59 =165 -62   -4 Elo +/- 26   3fold=155 (54%)   1615s   ANOMALIES: 1   mean=0.495 LLR=-0.40 (game LLR=-0.34) [CONTINUE]
 287 games  +60 =165 -62   -2 Elo +/- 26   3fold=155 (54%)   1619s   ANOMALIES: 1   mean=0.497 LLR=-0.34 (game LLR=-0.29) [CONTINUE]
 288 games  +60 =165 -63   -4 Elo +/- 26   3fold=155 (54%)   1621s   ANOMALIES: 1   mean=0.495 LLR=-0.34 (game LLR=-0.34) [CONTINUE]
 289 games  +60 =166 -63   -4 Elo +/- 26   3fold=156 (54%)   1622s   ANOMALIES: 1   mean=0.495 LLR=-0.40 (game LLR=-0.34) [CONTINUE]
 290 games  +60 =167 -63   -4 Elo +/- 26   3fold=157 (54%)   1644s   ANOMALIES: 1   mean=0.495 LLR=-0.40 (game LLR=-0.34) [CONTINUE]
 291 games  +60 =167 -64   -5 Elo +/- 26   3fold=157 (54%)   1644s   ANOMALIES: 1   mean=0.493 LLR=-0.40 (game LLR=-0.40) [CONTINUE]
 292 games  +60 =168 -64   -5 Elo +/- 26   3fold=158 (54%)   1648s   ANOMALIES: 1   mean=0.493 LLR=-0.40 (game LLR=-0.40) [CONTINUE]
 293 games  +60 =169 -64   -5 Elo +/- 26   3fold=159 (54%)   1648s   ANOMALIES: 1   mean=0.493 LLR=-0.40 (game LLR=-0.40) [CONTINUE]
 294 games  +60 =170 -64   -5 Elo +/- 26   3fold=160 (54%)   1652s   ANOMALIES: 1   mean=0.493 LLR=-0.40 (game LLR=-0.40) [CONTINUE]
 295 games  +60 =171 -64   -5 Elo +/- 26   3fold=161 (55%)   1653s   ANOMALIES: 1   mean=0.493 LLR=-0.41 (game LLR=-0.41) [CONTINUE]
 296 games  +60 =172 -64   -5 Elo +/- 26   3fold=162 (55%)   1669s   ANOMALIES: 1   mean=0.493 LLR=-0.35 (game LLR=-0.41) [CONTINUE]
 297 games  +60 =173 -64   -5 Elo +/- 26   3fold=163 (55%)   1670s   ANOMALIES: 1   mean=0.493 LLR=-0.36 (game LLR=-0.41) [CONTINUE]
 298 games  +61 =173 -64   -3 Elo +/- 26   3fold=163 (55%)   1674s   ANOMALIES: 1   mean=0.495 LLR=-0.36 (game LLR=-0.35) [CONTINUE]
 299 games  +61 =174 -64   -3 Elo +/- 26   3fold=164 (55%)   1679s   ANOMALIES: 1   mean=0.495 LLR=-0.36 (game LLR=-0.35) [CONTINUE]
 300 games  +61 =174 -65   -5 Elo +/- 26   3fold=164 (55%)   1683s   ANOMALIES: 1   mean=0.493 LLR=-0.36 (game LLR=-0.41) [CONTINUE]
 301 games  +61 =175 -65   -5 Elo +/- 25   3fold=165 (55%)   1685s   ANOMALIES: 1   mean=0.493 LLR=-0.36 (game LLR=-0.41) [CONTINUE]
 302 games  +61 =176 -65   -5 Elo +/- 25   3fold=166 (55%)   1691s   ANOMALIES: 1   mean=0.493 LLR=-0.36 (game LLR=-0.41) [CONTINUE]
 303 games  +61 =177 -65   -5 Elo +/- 25   3fold=167 (55%)   1699s   ANOMALIES: 1   mean=0.493 LLR=-0.36 (game LLR=-0.41) [CONTINUE]
 304 games  +61 =177 -66   -6 Elo +/- 25   3fold=167 (55%)   1701s   ANOMALIES: 1   mean=0.492 LLR=-0.37 (game LLR=-0.47) [CONTINUE]
 305 games  +61 =177 -67   -7 Elo +/- 25   3fold=167 (55%)   1711s   ANOMALIES: 1   mean=0.490 LLR=-0.37 (game LLR=-0.52) [CONTINUE]
 306 games  +61 =177 -68   -8 Elo +/- 25   3fold=167 (55%)   1712s   ANOMALIES: 1   mean=0.489 LLR=-0.37 (game LLR=-0.58) [CONTINUE]
 307 games  +61 =178 -68   -8 Elo +/- 25   3fold=168 (55%)   1714s   ANOMALIES: 1   mean=0.489 LLR=-0.43 (game LLR=-0.58) [CONTINUE]
 308 games  +61 =179 -68   -8 Elo +/- 25   3fold=169 (55%)   1719s   ANOMALIES: 1   mean=0.489 LLR=-0.48 (game LLR=-0.58) [CONTINUE]
 309 games  +61 =180 -68   -8 Elo +/- 25   3fold=169 (55%)   1721s   ANOMALIES: 1   mean=0.489 LLR=-0.48 (game LLR=-0.58) [CONTINUE]
 310 games  +61 =181 -68   -8 Elo +/- 25   3fold=170 (55%)   1728s   ANOMALIES: 1   mean=0.489 LLR=-0.49 (game LLR=-0.59) [CONTINUE]
 311 games  +61 =182 -68   -8 Elo +/- 25   3fold=171 (55%)   1742s   ANOMALIES: 1   mean=0.489 LLR=-0.55 (game LLR=-0.59) [CONTINUE]
 312 games  +62 =182 -68   -7 Elo +/- 25   3fold=171 (55%)   1743s   ANOMALIES: 1   mean=0.490 LLR=-0.55 (game LLR=-0.53) [CONTINUE]
 313 games  +62 =182 -69   -8 Elo +/- 25   3fold=171 (55%)   1745s   ANOMALIES: 1   mean=0.489 LLR=-0.55 (game LLR=-0.58) [CONTINUE]
 314 games  +62 =183 -69   -8 Elo +/- 25   3fold=172 (55%)   1746s   ANOMALIES: 1   mean=0.489 LLR=-0.55 (game LLR=-0.59) [CONTINUE]
 315 games  +62 =184 -69   -8 Elo +/- 25   3fold=173 (55%)   1751s   ANOMALIES: 1   mean=0.489 LLR=-0.56 (game LLR=-0.59) [CONTINUE]
 316 games  +62 =185 -69   -8 Elo +/- 25   3fold=174 (55%)   1759s   ANOMALIES: 1   mean=0.489 LLR=-0.56 (game LLR=-0.59) [CONTINUE]
 317 games  +62 =186 -69   -8 Elo +/- 25   3fold=175 (55%)   1770s   ANOMALIES: 1   mean=0.489 LLR=-0.56 (game LLR=-0.59) [CONTINUE]
 318 games  +62 =187 -69   -8 Elo +/- 25   3fold=176 (55%)   1774s   ANOMALIES: 1   mean=0.489 LLR=-0.62 (game LLR=-0.60) [CONTINUE]
 319 games  +62 =188 -69   -8 Elo +/- 24   3fold=177 (55%)   1775s   ANOMALIES: 1   mean=0.489 LLR=-0.62 (game LLR=-0.60) [CONTINUE]
 320 games  +63 =188 -69   -7 Elo +/- 24   3fold=177 (55%)   1776s   ANOMALIES: 1   mean=0.491 LLR=-0.62 (game LLR=-0.54) [CONTINUE]
 321 games  +63 =189 -69   -6 Elo +/- 24   3fold=178 (55%)   1780s   ANOMALIES: 1   mean=0.491 LLR=-0.62 (game LLR=-0.54) [CONTINUE]
 322 games  +63 =189 -70   -8 Elo +/- 24   3fold=178 (55%)   1787s   ANOMALIES: 1   mean=0.489 LLR=-0.63 (game LLR=-0.60) [CONTINUE]
 323 games  +63 =190 -70   -8 Elo +/- 24   3fold=179 (55%)   1798s   ANOMALIES: 1   mean=0.489 LLR=-0.69 (game LLR=-0.60) [CONTINUE]
 324 games  +63 =191 -70   -8 Elo +/- 24   3fold=180 (56%)   1798s   ANOMALIES: 1   mean=0.489 LLR=-0.69 (game LLR=-0.60) [CONTINUE]
 325 games  +63 =192 -70   -7 Elo +/- 24   3fold=181 (56%)   1804s   ANOMALIES: 1   mean=0.489 LLR=-0.69 (game LLR=-0.60) [CONTINUE]
 326 games  +63 =192 -71   -9 Elo +/- 24   3fold=181 (56%)   1809s   ANOMALIES: 1   mean=0.488 LLR=-0.63 (game LLR=-0.66) [CONTINUE]
 327 games  +63 =193 -71   -9 Elo +/- 24   3fold=182 (56%)   1812s   ANOMALIES: 1   mean=0.488 LLR=-0.63 (game LLR=-0.66) [CONTINUE]
 328 games  +63 =194 -71   -8 Elo +/- 24   3fold=183 (56%)   1820s   ANOMALIES: 1   mean=0.488 LLR=-0.63 (game LLR=-0.66) [CONTINUE]
 329 games  +63 =195 -71   -8 Elo +/- 24   3fold=184 (56%)   1828s   ANOMALIES: 1   mean=0.488 LLR=-0.63 (game LLR=-0.67) [CONTINUE]
 330 games  +63 =196 -71   -8 Elo +/- 24   3fold=185 (56%)   1831s   ANOMALIES: 1   mean=0.488 LLR=-0.64 (game LLR=-0.67) [CONTINUE]
 331 games  +63 =197 -71   -8 Elo +/- 24   3fold=186 (56%)   1839s   ANOMALIES: 1   mean=0.488 LLR=-0.64 (game LLR=-0.67) [CONTINUE]
 332 games  +63 =198 -71   -8 Elo +/- 24   3fold=186 (56%)   1840s   ANOMALIES: 1   mean=0.488 LLR=-0.70 (game LLR=-0.68) [CONTINUE]
 333 games  +63 =199 -71   -8 Elo +/- 24   3fold=187 (56%)   1842s   ANOMALIES: 1   mean=0.488 LLR=-0.70 (game LLR=-0.68) [CONTINUE]
 334 games  +64 =199 -71   -7 Elo +/- 24   3fold=187 (56%)   1845s   ANOMALIES: 1   mean=0.490 LLR=-0.71 (game LLR=-0.62) [CONTINUE]
 335 games  +64 =200 -71   -7 Elo +/- 24   3fold=188 (56%)   1854s   ANOMALIES: 1   mean=0.490 LLR=-0.71 (game LLR=-0.62) [CONTINUE]
 336 games  +64 =201 -71   -7 Elo +/- 24   3fold=189 (56%)   1859s   ANOMALIES: 1   mean=0.490 LLR=-0.71 (game LLR=-0.62) [CONTINUE]
 337 games  +64 =201 -72   -8 Elo +/- 24   3fold=189 (56%)   1861s   ANOMALIES: 1   mean=0.488 LLR=-0.71 (game LLR=-0.68) [CONTINUE]
 338 games  +64 =202 -72   -8 Elo +/- 24   3fold=190 (56%)   1868s   ANOMALIES: 1   mean=0.488 LLR=-0.77 (game LLR=-0.68) [CONTINUE]
 339 games  +64 =203 -72   -8 Elo +/- 23   3fold=191 (56%)   1873s   ANOMALIES: 1   mean=0.488 LLR=-0.77 (game LLR=-0.68) [CONTINUE]
 340 games  +65 =203 -72   -7 Elo +/- 23   3fold=191 (56%)   1874s   ANOMALIES: 1   mean=0.490 LLR=-0.77 (game LLR=-0.62) [CONTINUE]
 341 games  +65 =204 -72   -7 Elo +/- 23   3fold=192 (56%)   1875s   ANOMALIES: 1   mean=0.490 LLR=-0.64 (game LLR=-0.63) [CONTINUE]
 342 games  +65 =205 -72   -7 Elo +/- 23   3fold=193 (56%)   1882s   ANOMALIES: 1   mean=0.490 LLR=-0.64 (game LLR=-0.63) [CONTINUE]
 343 games  +66 =205 -72   -6 Elo +/- 23   3fold=193 (56%)   1886s   ANOMALIES: 1   mean=0.491 LLR=-0.64 (game LLR=-0.57) [CONTINUE]
 344 games  +66 =206 -72   -6 Elo +/- 23   3fold=194 (56%)   1903s   ANOMALIES: 1   mean=0.491 LLR=-0.58 (game LLR=-0.57) [CONTINUE]
 345 games  +66 =207 -72   -6 Elo +/- 23   3fold=194 (56%)   1904s   ANOMALIES: 1   mean=0.491 LLR=-0.58 (game LLR=-0.57) [CONTINUE]
 346 games  +66 =207 -73   -7 Elo +/- 23   3fold=194 (56%)   1906s   ANOMALIES: 1   mean=0.490 LLR=-0.59 (game LLR=-0.63) [CONTINUE]
 347 games  +67 =207 -73   -6 Elo +/- 23   3fold=194 (56%)   1906s   ANOMALIES: 1   mean=0.491 LLR=-0.59 (game LLR=-0.57) [CONTINUE]
 348 games  +68 =207 -73   -5 Elo +/- 23   3fold=194 (56%)   1917s   ANOMALIES: 1   mean=0.493 LLR=-0.59 (game LLR=-0.51) [CONTINUE]
 349 games  +68 =207 -74   -6 Elo +/- 23   3fold=194 (56%)   1917s   ANOMALIES: 1   mean=0.491 LLR=-0.59 (game LLR=-0.57) [CONTINUE]
 350 games  +68 =207 -75   -7 Elo +/- 23   3fold=194 (55%)   1933s   ANOMALIES: 1   mean=0.490 LLR=-0.65 (game LLR=-0.62) [CONTINUE]
 351 games  +68 =207 -76   -8 Elo +/- 23   3fold=194 (55%)   1936s   ANOMALIES: 1   mean=0.489 LLR=-0.75 (game LLR=-0.68) [CONTINUE]
 352 games  +68 =208 -76   -8 Elo +/- 23   3fold=195 (55%)   1938s   ANOMALIES: 1   mean=0.489 LLR=-0.75 (game LLR=-0.68) [CONTINUE]
 353 games  +68 =208 -77   -9 Elo +/- 23   3fold=195 (55%)   1940s   ANOMALIES: 1   mean=0.487 LLR=-0.69 (game LLR=-0.73) [CONTINUE]
 354 games  +68 =209 -77   -9 Elo +/- 23   3fold=196 (55%)   1948s   ANOMALIES: 1   mean=0.487 LLR=-0.69 (game LLR=-0.74) [CONTINUE]
 355 games  +68 =209 -78   -10 Elo +/- 23   3fold=196 (55%)   1949s   ANOMALIES: 1   mean=0.486 LLR=-0.69 (game LLR=-0.79) [CONTINUE]
 356 games  +68 =210 -78   -10 Elo +/- 23   3fold=197 (55%)   1964s   ANOMALIES: 1   mean=0.486 LLR=-0.70 (game LLR=-0.79) [CONTINUE]
 357 games  +68 =211 -78   -10 Elo +/- 23   3fold=198 (55%)   1965s   ANOMALIES: 1   mean=0.486 LLR=-0.70 (game LLR=-0.80) [CONTINUE]
 358 games  +69 =211 -78   -9 Elo +/- 23   3fold=198 (55%)   1970s   ANOMALIES: 1   mean=0.487 LLR=-0.76 (game LLR=-0.74) [CONTINUE]
 359 games  +69 =212 -78   -9 Elo +/- 23   3fold=199 (55%)   1976s   ANOMALIES: 1   mean=0.487 LLR=-0.76 (game LLR=-0.74) [CONTINUE]
 360 games  +70 =212 -78   -8 Elo +/- 23   3fold=199 (55%)   1976s   ANOMALIES: 1   mean=0.489 LLR=-0.82 (game LLR=-0.68) [CONTINUE]
 361 games  +71 =212 -78   -7 Elo +/- 23   3fold=199 (55%)   1984s   ANOMALIES: 1   mean=0.490 LLR=-0.76 (game LLR=-0.62) [CONTINUE]
 362 games  +71 =213 -78   -7 Elo +/- 23   3fold=200 (55%)   1985s   ANOMALIES: 1   mean=0.490 LLR=-0.76 (game LLR=-0.63) [CONTINUE]
 363 games  +71 =214 -78   -7 Elo +/- 23   3fold=201 (55%)   1994s   ANOMALIES: 1   mean=0.490 LLR=-0.76 (game LLR=-0.63) [CONTINUE]
 364 games  +71 =215 -78   -7 Elo +/- 23   3fold=202 (55%)   1998s   ANOMALIES: 1   mean=0.490 LLR=-0.76 (game LLR=-0.63) [CONTINUE]
 365 games  +71 =216 -78   -7 Elo +/- 23   3fold=203 (56%)   1999s   ANOMALIES: 1   mean=0.490 LLR=-0.71 (game LLR=-0.63) [CONTINUE]
 366 games  +71 =217 -78   -7 Elo +/- 23   3fold=204 (56%)   2004s   ANOMALIES: 1   mean=0.490 LLR=-0.71 (game LLR=-0.63) [CONTINUE]
 367 games  +71 =218 -78   -7 Elo +/- 23   3fold=205 (56%)   2010s   ANOMALIES: 1   mean=0.490 LLR=-0.71 (game LLR=-0.64) [CONTINUE]
 368 games  +71 =219 -78   -7 Elo +/- 23   3fold=205 (56%)   2011s   ANOMALIES: 1   mean=0.490 LLR=-0.65 (game LLR=-0.64) [CONTINUE]
 369 games  +71 =220 -78   -7 Elo +/- 23   3fold=206 (56%)   2025s   ANOMALIES: 1   mean=0.491 LLR=-0.65 (game LLR=-0.64) [CONTINUE]
 370 games  +72 =220 -78   -6 Elo +/- 23   3fold=206 (56%)   2027s   ANOMALIES: 1   mean=0.492 LLR=-0.65 (game LLR=-0.58) [CONTINUE]
 371 games  +72 =221 -78   -6 Elo +/- 23   3fold=207 (56%)   2028s   ANOMALIES: 1   mean=0.492 LLR=-0.65 (game LLR=-0.59) [CONTINUE]
 372 games  +72 =222 -78   -6 Elo +/- 22   3fold=208 (56%)   2033s   ANOMALIES: 1   mean=0.492 LLR=-0.65 (game LLR=-0.59) [CONTINUE]
 373 games  +72 =222 -79   -7 Elo +/- 22   3fold=208 (56%)   2041s   ANOMALIES: 1   mean=0.491 LLR=-0.66 (game LLR=-0.64) [CONTINUE]
 374 games  +73 =222 -79   -6 Elo +/- 22   3fold=208 (56%)   2044s   ANOMALIES: 1   mean=0.492 LLR=-0.72 (game LLR=-0.58) [CONTINUE]
 375 games  +73 =223 -79   -6 Elo +/- 22   3fold=208 (55%)   2059s   ANOMALIES: 1   mean=0.492 LLR=-0.72 (game LLR=-0.59) [CONTINUE]
 376 games  +74 =223 -79   -5 Elo +/- 22   3fold=208 (55%)   2059s   ANOMALIES: 1   mean=0.493 LLR=-0.72 (game LLR=-0.53) [CONTINUE]
 377 games  +74 =224 -79   -5 Elo +/- 22   3fold=209 (55%)   2060s   ANOMALIES: 1   mean=0.493 LLR=-0.59 (game LLR=-0.53) [CONTINUE]
 378 games  +74 =225 -79   -5 Elo +/- 22   3fold=209 (55%)   2061s   ANOMALIES: 1   mean=0.493 LLR=-0.59 (game LLR=-0.53) [CONTINUE]
 379 games  +74 =226 -79   -5 Elo +/- 22   3fold=210 (55%)   2069s   ANOMALIES: 1   mean=0.493 LLR=-0.60 (game LLR=-0.53) [CONTINUE]
 380 games  +74 =227 -79   -5 Elo +/- 22   3fold=211 (56%)   2074s   ANOMALIES: 1   mean=0.493 LLR=-0.60 (game LLR=-0.54) [CONTINUE]
 381 games  +75 =227 -79   -4 Elo +/- 22   3fold=211 (55%)   2086s   ANOMALIES: 1   mean=0.495 LLR=-0.54 (game LLR=-0.48) [CONTINUE]
 382 games  +75 =227 -80   -5 Elo +/- 22   3fold=211 (55%)   2088s   ANOMALIES: 1   mean=0.493 LLR=-0.54 (game LLR=-0.53) [CONTINUE]
 383 games  +75 =228 -80   -5 Elo +/- 22   3fold=212 (55%)   2089s   ANOMALIES: 1   mean=0.493 LLR=-0.60 (game LLR=-0.54) [CONTINUE]
 384 games  +76 =228 -80   -4 Elo +/- 22   3fold=212 (55%)   2090s   ANOMALIES: 1   mean=0.495 LLR=-0.60 (game LLR=-0.48) [CONTINUE]
 385 games  +76 =228 -81   -5 Elo +/- 22   3fold=212 (55%)   2102s   ANOMALIES: 1   mean=0.494 LLR=-0.60 (game LLR=-0.53) [CONTINUE]
 386 games  +77 =228 -81   -4 Elo +/- 22   3fold=212 (55%)   2103s   ANOMALIES: 1   mean=0.495 LLR=-0.66 (game LLR=-0.47) [CONTINUE]
 387 games  +77 =229 -81   -4 Elo +/- 22   3fold=213 (55%)   2120s   ANOMALIES: 1   mean=0.495 LLR=-0.66 (game LLR=-0.48) [CONTINUE]
 388 games  +77 =230 -81   -4 Elo +/- 22   3fold=214 (55%)   2120s   ANOMALIES: 1   mean=0.495 LLR=-0.60 (game LLR=-0.48) [CONTINUE]
 389 games  +77 =231 -81   -4 Elo +/- 22   3fold=215 (55%)   2121s   ANOMALIES: 1   mean=0.495 LLR=-0.60 (game LLR=-0.48) [CONTINUE]
 390 games  +77 =231 -82   -4 Elo +/- 22   3fold=215 (55%)   2122s   ANOMALIES: 1   mean=0.494 LLR=-0.54 (game LLR=-0.54) [CONTINUE]
 391 games  +78 =231 -82   -4 Elo +/- 22   3fold=215 (55%)   2132s   ANOMALIES: 1   mean=0.495 LLR=-0.60 (game LLR=-0.48) [CONTINUE]
 392 games  +78 =232 -82   -4 Elo +/- 22   3fold=216 (55%)   2134s   ANOMALIES: 1   mean=0.495 LLR=-0.48 (game LLR=-0.48) [CONTINUE]
 393 games  +78 =233 -82   -4 Elo +/- 22   3fold=217 (55%)   2147s   ANOMALIES: 1   mean=0.495 LLR=-0.48 (game LLR=-0.48) [CONTINUE]
 394 games  +79 =233 -82   -3 Elo +/- 22   3fold=217 (55%)   2149s   ANOMALIES: 1   mean=0.496 LLR=-0.48 (game LLR=-0.42) [CONTINUE]
 395 games  +80 =233 -82   -2 Elo +/- 22   3fold=217 (55%)   2150s   ANOMALIES: 1   mean=0.497 LLR=-0.48 (game LLR=-0.37) [CONTINUE]
 396 games  +80 =234 -82   -2 Elo +/- 22   3fold=218 (55%)   2152s   ANOMALIES: 1   mean=0.497 LLR=-0.48 (game LLR=-0.37) [CONTINUE]
 397 games  +80 =235 -82   -2 Elo +/- 22   3fold=219 (55%)   2160s   ANOMALIES: 1   mean=0.497 LLR=-0.48 (game LLR=-0.37) [CONTINUE]
 398 games  +80 =236 -82   -2 Elo +/- 22   3fold=220 (55%)   2168s   ANOMALIES: 1   mean=0.497 LLR=-0.48 (game LLR=-0.37) [CONTINUE]
 399 games  +81 =236 -82   -1 Elo +/- 22   3fold=220 (55%)   2177s   ANOMALIES: 1   mean=0.499 LLR=-0.48 (game LLR=-0.32) [CONTINUE]
 400 games  +82 =236 -82   -0 Elo +/- 22   3fold=220 (55%)   2178s   ANOMALIES: 1   mean=0.500 LLR=-0.36 (game LLR=-0.26) [CONTINUE]
 401 games  +82 =237 -82   -0 Elo +/- 22   3fold=221 (55%)   2179s   ANOMALIES: 1   mean=0.500 LLR=-0.36 (game LLR=-0.26) [CONTINUE]
 402 games  +82 =237 -83   -1 Elo +/- 22   3fold=221 (55%)   2189s   ANOMALIES: 1   mean=0.499 LLR=-0.31 (game LLR=-0.32) [CONTINUE]
 403 games  +82 =238 -83   -1 Elo +/- 22   3fold=221 (55%)   2195s   ANOMALIES: 1   mean=0.499 LLR=-0.37 (game LLR=-0.32) [CONTINUE]
 404 games  +82 =238 -84   -2 Elo +/- 22   3fold=221 (55%)   2206s   ANOMALIES: 1   mean=0.498 LLR=-0.37 (game LLR=-0.37) [CONTINUE]
 405 games  +82 =239 -84   -2 Elo +/- 22   3fold=222 (55%)   2207s   ANOMALIES: 1   mean=0.498 LLR=-0.37 (game LLR=-0.37) [CONTINUE]
 406 games  +83 =239 -84   -1 Elo +/- 22   3fold=222 (55%)   2208s   ANOMALIES: 1   mean=0.499 LLR=-0.37 (game LLR=-0.32) [CONTINUE]
 407 games  +83 =240 -84   -1 Elo +/- 22   3fold=223 (55%)   2209s   ANOMALIES: 1   mean=0.499 LLR=-0.37 (game LLR=-0.32) [CONTINUE]
 408 games  +84 =240 -84   -0 Elo +/- 22   3fold=223 (55%)   2212s   ANOMALIES: 1   mean=0.500 LLR=-0.37 (game LLR=-0.26) [CONTINUE]
 409 games  +85 =240 -84   +1 Elo +/- 22   3fold=223 (55%)   2219s   ANOMALIES: 1   mean=0.501 LLR=-0.37 (game LLR=-0.21) [CONTINUE]
 410 games  +85 =240 -85   -0 Elo +/- 22   3fold=223 (54%)   2232s   ANOMALIES: 1   mean=0.500 LLR=-0.37 (game LLR=-0.26) [CONTINUE]
 411 games  +85 =241 -85   -0 Elo +/- 22   3fold=224 (55%)   2233s   ANOMALIES: 1   mean=0.500 LLR=-0.43 (game LLR=-0.26) [CONTINUE]
 412 games  +85 =242 -85   -0 Elo +/- 22   3fold=225 (55%)   2237s   ANOMALIES: 1   mean=0.500 LLR=-0.37 (game LLR=-0.26) [CONTINUE]
 413 games  +85 =243 -85   -0 Elo +/- 22   3fold=226 (55%)   2239s   ANOMALIES: 1   mean=0.500 LLR=-0.38 (game LLR=-0.27) [CONTINUE]
 414 games  +85 =244 -85   -0 Elo +/- 21   3fold=227 (55%)   2246s   ANOMALIES: 1   mean=0.500 LLR=-0.38 (game LLR=-0.27) [CONTINUE]
 415 games  +85 =245 -85   -0 Elo +/- 21   3fold=228 (55%)   2246s   ANOMALIES: 1   mean=0.500 LLR=-0.32 (game LLR=-0.27) [CONTINUE]
 416 games  +85 =246 -85   -0 Elo +/- 21   3fold=229 (55%)   2253s   ANOMALIES: 1   mean=0.500 LLR=-0.27 (game LLR=-0.27) [CONTINUE]
 417 games  +85 =247 -85   -0 Elo +/- 21   3fold=230 (55%)   2268s   ANOMALIES: 1   mean=0.500 LLR=-0.27 (game LLR=-0.27) [CONTINUE]
 418 games  +85 =248 -85   -0 Elo +/- 21   3fold=230 (55%)   2269s   ANOMALIES: 1   mean=0.500 LLR=-0.27 (game LLR=-0.27) [CONTINUE]
 419 games  +86 =248 -85   +1 Elo +/- 21   3fold=230 (55%)   2270s   ANOMALIES: 1   mean=0.501 LLR=-0.27 (game LLR=-0.22) [CONTINUE]
 420 games  +87 =248 -85   +2 Elo +/- 21   3fold=230 (55%)   2272s   ANOMALIES: 1   mean=0.502 LLR=-0.27 (game LLR=-0.16) [CONTINUE]
 421 games  +88 =248 -85   +2 Elo +/- 21   3fold=230 (55%)   2275s   ANOMALIES: 1   mean=0.504 LLR=-0.27 (game LLR=-0.10) [CONTINUE]
 422 games  +88 =249 -85   +2 Elo +/- 21   3fold=231 (55%)   2276s   ANOMALIES: 1   mean=0.504 LLR=-0.27 (game LLR=-0.10) [CONTINUE]
 423 games  +88 =250 -85   +2 Elo +/- 21   3fold=232 (55%)   2293s   ANOMALIES: 1   mean=0.504 LLR=-0.27 (game LLR=-0.11) [CONTINUE]
 424 games  +88 =251 -85   +2 Elo +/- 21   3fold=233 (55%)   2294s   ANOMALIES: 1   mean=0.504 LLR=-0.27 (game LLR=-0.11) [CONTINUE]
 425 games  +88 =251 -86   +2 Elo +/- 21   3fold=233 (55%)   2298s   ANOMALIES: 1   mean=0.502 LLR=-0.27 (game LLR=-0.16) [CONTINUE]
 426 games  +88 =251 -87   +1 Elo +/- 21   3fold=233 (55%)   2301s   ANOMALIES: 1   mean=0.501 LLR=-0.28 (game LLR=-0.22) [CONTINUE]
 427 games  +88 =252 -87   +1 Elo +/- 21   3fold=234 (55%)   2304s   ANOMALIES: 1   mean=0.501 LLR=-0.28 (game LLR=-0.22) [CONTINUE]
 428 games  +88 =253 -87   +1 Elo +/- 21   3fold=235 (55%)   2306s   ANOMALIES: 1   mean=0.501 LLR=-0.22 (game LLR=-0.22) [CONTINUE]
 429 games  +88 =253 -88   -0 Elo +/- 21   3fold=235 (55%)   2325s   ANOMALIES: 1   mean=0.500 LLR=-0.22 (game LLR=-0.28) [CONTINUE]
 430 games  +89 =253 -88   +1 Elo +/- 21   3fold=235 (55%)   2326s   ANOMALIES: 1   mean=0.501 LLR=-0.28 (game LLR=-0.22) [CONTINUE]
 431 games  +89 =253 -89   -0 Elo +/- 21   3fold=235 (55%)   2326s   ANOMALIES: 1   mean=0.500 LLR=-0.28 (game LLR=-0.28) [CONTINUE]
 432 games  +90 =253 -89   +1 Elo +/- 21   3fold=235 (54%)   2332s   ANOMALIES: 1   mean=0.501 LLR=-0.28 (game LLR=-0.22) [CONTINUE]
 433 games  +90 =253 -90   -0 Elo +/- 21   3fold=235 (54%)   2332s   ANOMALIES: 1   mean=0.500 LLR=-0.28 (game LLR=-0.28) [CONTINUE]
 434 games  +90 =254 -90   -0 Elo +/- 21   3fold=236 (54%)   2334s   ANOMALIES: 1   mean=0.500 LLR=-0.34 (game LLR=-0.28) [CONTINUE]
 435 games  +90 =255 -90   -0 Elo +/- 21   3fold=237 (54%)   2353s   ANOMALIES: 1   mean=0.500 LLR=-0.34 (game LLR=-0.28) [CONTINUE]
 436 games  +90 =256 -90   -0 Elo +/- 21   3fold=238 (55%)   2356s   ANOMALIES: 1   mean=0.500 LLR=-0.28 (game LLR=-0.28) [CONTINUE]
 437 games  +90 =257 -90   -0 Elo +/- 21   3fold=239 (55%)   2357s   ANOMALIES: 1   mean=0.500 LLR=-0.28 (game LLR=-0.28) [CONTINUE]
 438 games  +90 =257 -91   -1 Elo +/- 21   3fold=239 (55%)   2357s   ANOMALIES: 1   mean=0.499 LLR=-0.23 (game LLR=-0.34) [CONTINUE]
 439 games  +90 =258 -91   -1 Elo +/- 21   3fold=240 (55%)   2362s   ANOMALIES: 1   mean=0.499 LLR=-0.34 (game LLR=-0.34) [CONTINUE]
 440 games  +91 =258 -91   -0 Elo +/- 21   3fold=240 (55%)   2368s   ANOMALIES: 1   mean=0.500 LLR=-0.34 (game LLR=-0.28) [CONTINUE]
 441 games  +91 =259 -91   -0 Elo +/- 21   3fold=241 (55%)   2378s   ANOMALIES: 1   mean=0.500 LLR=-0.28 (game LLR=-0.28) [CONTINUE]
 442 games  +91 =260 -91   -0 Elo +/- 21   3fold=242 (55%)   2386s   ANOMALIES: 1   mean=0.500 LLR=-0.28 (game LLR=-0.28) [CONTINUE]
 443 games  +91 =260 -92   -1 Elo +/- 21   3fold=242 (55%)   2389s   ANOMALIES: 1   mean=0.499 LLR=-0.29 (game LLR=-0.34) [CONTINUE]
 444 games  +91 =261 -92   -1 Elo +/- 21   3fold=243 (55%)   2390s   ANOMALIES: 1   mean=0.499 LLR=-0.29 (game LLR=-0.34) [CONTINUE]
 445 games  +92 =261 -92   -0 Elo +/- 21   3fold=243 (55%)   2391s   ANOMALIES: 1   mean=0.500 LLR=-0.29 (game LLR=-0.29) [CONTINUE]
 446 games  +92 =262 -92   -0 Elo +/- 21   3fold=244 (55%)   2397s   ANOMALIES: 1   mean=0.500 LLR=-0.29 (game LLR=-0.29) [CONTINUE]
 447 games  +92 =262 -93   -1 Elo +/- 21   3fold=244 (55%)   2409s   ANOMALIES: 1   mean=0.499 LLR=-0.29 (game LLR=-0.34) [CONTINUE]
 448 games  +92 =263 -93   -1 Elo +/- 21   3fold=245 (55%)   2415s   ANOMALIES: 1   mean=0.499 LLR=-0.35 (game LLR=-0.34) [CONTINUE]
 449 games  +92 =264 -93   -1 Elo +/- 21   3fold=246 (55%)   2419s   ANOMALIES: 1   mean=0.499 LLR=-0.35 (game LLR=-0.34) [CONTINUE]
 450 games  +92 =265 -93   -1 Elo +/- 21   3fold=247 (55%)   2420s   ANOMALIES: 1   mean=0.499 LLR=-0.29 (game LLR=-0.35) [CONTINUE]
 451 games  +93 =265 -93   -0 Elo +/- 21   3fold=247 (55%)   2421s   ANOMALIES: 1   mean=0.500 LLR=-0.29 (game LLR=-0.29) [CONTINUE]
 452 games  +93 =266 -93   -0 Elo +/- 21   3fold=248 (55%)   2432s   ANOMALIES: 1   mean=0.500 LLR=-0.29 (game LLR=-0.29) [CONTINUE]
 453 games  +93 =267 -93   -0 Elo +/- 21   3fold=249 (55%)   2439s   ANOMALIES: 1   mean=0.500 LLR=-0.35 (game LLR=-0.29) [CONTINUE]
 454 games  +93 =268 -93   -0 Elo +/- 20   3fold=250 (55%)   2442s   ANOMALIES: 1   mean=0.500 LLR=-0.35 (game LLR=-0.29) [CONTINUE]
 455 games  +93 =269 -93   -0 Elo +/- 20   3fold=251 (55%)   2450s   ANOMALIES: 1   mean=0.500 LLR=-0.35 (game LLR=-0.29) [CONTINUE]
 456 games  +93 =269 -94   -1 Elo +/- 20   3fold=251 (55%)   2450s   ANOMALIES: 1   mean=0.499 LLR=-0.35 (game LLR=-0.35) [CONTINUE]
 457 games  +93 =270 -94   -1 Elo +/- 20   3fold=252 (55%)   2450s   ANOMALIES: 1   mean=0.499 LLR=-0.35 (game LLR=-0.35) [CONTINUE]
 458 games  +93 =271 -94   -1 Elo +/- 20   3fold=253 (55%)   2462s   ANOMALIES: 1   mean=0.499 LLR=-0.30 (game LLR=-0.35) [CONTINUE]
 459 games  +93 =272 -94   -1 Elo +/- 20   3fold=254 (55%)   2471s   ANOMALIES: 1   mean=0.499 LLR=-0.30 (game LLR=-0.36) [CONTINUE]
*** ANOMALY ***  flag as black (0-1) -- caused by agent@checkpoints/openingcap
 460 games  +94 =272 -94   -0 Elo +/- 20   3fold=254 (55%)   2473s   ANOMALIES: 2   mean=0.500 LLR=-0.30 (game LLR=-0.30) [CONTINUE]
 461 games  +94 =273 -94   -0 Elo +/- 20   3fold=255 (55%)   2478s   ANOMALIES: 2   mean=0.500 LLR=-0.24 (game LLR=-0.30) [CONTINUE]
 462 games  +95 =273 -94   +1 Elo +/- 20   3fold=255 (55%)   2479s   ANOMALIES: 2   mean=0.501 LLR=-0.24 (game LLR=-0.24) [CONTINUE]
 463 games  +95 =274 -94   +1 Elo +/- 20   3fold=256 (55%)   2484s   ANOMALIES: 2   mean=0.501 LLR=-0.24 (game LLR=-0.24) [CONTINUE]
 464 games  +95 =275 -94   +1 Elo +/- 20   3fold=257 (55%)   2491s   ANOMALIES: 2   mean=0.501 LLR=-0.30 (game LLR=-0.25) [CONTINUE]
 465 games  +95 =275 -95   -0 Elo +/- 20   3fold=257 (55%)   2500s   ANOMALIES: 2   mean=0.500 LLR=-0.30 (game LLR=-0.30) [CONTINUE]
 466 games  +95 =276 -95   -0 Elo +/- 20   3fold=258 (55%)   2506s   ANOMALIES: 2   mean=0.500 LLR=-0.30 (game LLR=-0.30) [CONTINUE]
 467 games  +95 =276 -96   -1 Elo +/- 20   3fold=258 (55%)   2508s   ANOMALIES: 2   mean=0.499 LLR=-0.30 (game LLR=-0.36) [CONTINUE]
 468 games  +95 =277 -96   -1 Elo +/- 20   3fold=259 (55%)   2508s   ANOMALIES: 2   mean=0.499 LLR=-0.36 (game LLR=-0.36) [CONTINUE]
 469 games  +95 =277 -97   -1 Elo +/- 20   3fold=259 (55%)   2508s   ANOMALIES: 2   mean=0.498 LLR=-0.36 (game LLR=-0.42) [CONTINUE]
 470 games  +95 =278 -97   -1 Elo +/- 20   3fold=260 (55%)   2522s   ANOMALIES: 2   mean=0.498 LLR=-0.37 (game LLR=-0.42) [CONTINUE]
 471 games  +95 =279 -97   -1 Elo +/- 20   3fold=261 (55%)   2533s   ANOMALIES: 2   mean=0.498 LLR=-0.37 (game LLR=-0.42) [CONTINUE]
 472 games  +95 =280 -97   -1 Elo +/- 20   3fold=262 (56%)   2537s   ANOMALIES: 2   mean=0.498 LLR=-0.42 (game LLR=-0.42) [CONTINUE]
 473 games  +95 =281 -97   -1 Elo +/- 20   3fold=263 (56%)   2540s   ANOMALIES: 2   mean=0.498 LLR=-0.43 (game LLR=-0.42) [CONTINUE]
 474 games  +95 =282 -97   -1 Elo +/- 20   3fold=264 (56%)   2540s   ANOMALIES: 2   mean=0.498 LLR=-0.43 (game LLR=-0.42) [CONTINUE]
 475 games  +95 =282 -98   -2 Elo +/- 20   3fold=264 (56%)   2542s   ANOMALIES: 2   mean=0.497 LLR=-0.43 (game LLR=-0.48) [CONTINUE]
 476 games  +95 =283 -98   -2 Elo +/- 20   3fold=265 (56%)   2550s   ANOMALIES: 2   mean=0.497 LLR=-0.43 (game LLR=-0.48) [CONTINUE]
 477 games  +95 =284 -98   -2 Elo +/- 20   3fold=266 (56%)   2561s   ANOMALIES: 2   mean=0.497 LLR=-0.43 (game LLR=-0.48) [CONTINUE]
 478 games  +95 =284 -99   -3 Elo +/- 20   3fold=266 (56%)   2572s   ANOMALIES: 2   mean=0.496 LLR=-0.43 (game LLR=-0.54) [CONTINUE]
 479 games  +95 =285 -99   -3 Elo +/- 20   3fold=267 (56%)   2573s   ANOMALIES: 2   mean=0.496 LLR=-0.54 (game LLR=-0.54) [CONTINUE]
 480 games  +96 =285 -99   -2 Elo +/- 20   3fold=267 (56%)   2574s   ANOMALIES: 2   mean=0.497 LLR=-0.54 (game LLR=-0.48) [CONTINUE]
 481 games  +96 =286 -99   -2 Elo +/- 20   3fold=268 (56%)   2577s   ANOMALIES: 2   mean=0.497 LLR=-0.54 (game LLR=-0.48) [CONTINUE]
 482 games  +96 =286 -100   -3 Elo +/- 20   3fold=268 (56%)   2585s   ANOMALIES: 2   mean=0.496 LLR=-0.54 (game LLR=-0.54) [CONTINUE]
 483 games  +96 =287 -100   -3 Elo +/- 20   3fold=269 (56%)   2591s   ANOMALIES: 2   mean=0.496 LLR=-0.54 (game LLR=-0.54) [CONTINUE]
 484 games  +97 =287 -100   -2 Elo +/- 20   3fold=269 (56%)   2602s   ANOMALIES: 2   mean=0.497 LLR=-0.55 (game LLR=-0.48) [CONTINUE]
 485 games  +98 =287 -100   -1 Elo +/- 20   3fold=269 (55%)   2605s   ANOMALIES: 2   mean=0.498 LLR=-0.55 (game LLR=-0.43) [CONTINUE]
 486 games  +98 =288 -100   -1 Elo +/- 20   3fold=270 (56%)   2606s   ANOMALIES: 2   mean=0.498 LLR=-0.55 (game LLR=-0.43) [CONTINUE]
 487 games  +98 =289 -100   -1 Elo +/- 20   3fold=271 (56%)   2609s   ANOMALIES: 2   mean=0.498 LLR=-0.49 (game LLR=-0.43) [CONTINUE]
 488 games  +98 =289 -101   -2 Elo +/- 20   3fold=271 (56%)   2614s   ANOMALIES: 2   mean=0.497 LLR=-0.49 (game LLR=-0.49) [CONTINUE]
 489 games  +98 =290 -101   -2 Elo +/- 20   3fold=272 (56%)   2623s   ANOMALIES: 2   mean=0.497 LLR=-0.60 (game LLR=-0.49) [CONTINUE]
 490 games  +98 =291 -101   -2 Elo +/- 20   3fold=273 (56%)   2637s   ANOMALIES: 2   mean=0.497 LLR=-0.60 (game LLR=-0.49) [CONTINUE]
 491 games  +98 =292 -101   -2 Elo +/- 20   3fold=273 (56%)   2640s   ANOMALIES: 2   mean=0.497 LLR=-0.55 (game LLR=-0.49) [CONTINUE]
 492 games  +99 =292 -101   -1 Elo +/- 20   3fold=273 (55%)   2641s   ANOMALIES: 2   mean=0.498 LLR=-0.49 (game LLR=-0.43) [CONTINUE]
 493 games  +99 =293 -101   -1 Elo +/- 20   3fold=274 (56%)   2642s   ANOMALIES: 2   mean=0.498 LLR=-0.49 (game LLR=-0.44) [CONTINUE]
 494 games  +99 =294 -101   -1 Elo +/- 20   3fold=275 (56%)   2643s   ANOMALIES: 2   mean=0.498 LLR=-0.49 (game LLR=-0.44) [CONTINUE]
 495 games  +99 =295 -101   -1 Elo +/- 19   3fold=276 (56%)   2653s   ANOMALIES: 2   mean=0.498 LLR=-0.49 (game LLR=-0.44) [CONTINUE]
 496 games  +99 =296 -101   -1 Elo +/- 19   3fold=277 (56%)   2665s   ANOMALIES: 2   mean=0.498 LLR=-0.49 (game LLR=-0.44) [CONTINUE]
 497 games  +100 =296 -101   -1 Elo +/- 19   3fold=277 (56%)   2665s   ANOMALIES: 2   mean=0.499 LLR=-0.49 (game LLR=-0.38) [CONTINUE]
 498 games  +100 =297 -101   -1 Elo +/- 19   3fold=278 (56%)   2666s   ANOMALIES: 2   mean=0.499 LLR=-0.49 (game LLR=-0.38) [CONTINUE]
 499 games  +100 =298 -101   -1 Elo +/- 19   3fold=279 (56%)   2668s   ANOMALIES: 2   mean=0.499 LLR=-0.50 (game LLR=-0.39) [CONTINUE]
 500 games  +101 =298 -101   -0 Elo +/- 19   3fold=279 (56%)   2676s   ANOMALIES: 2   mean=0.500 LLR=-0.44 (game LLR=-0.33) [CONTINUE]
 501 games  +102 =298 -101   +1 Elo +/- 19   3fold=279 (56%)   2683s   ANOMALIES: 2   mean=0.501 LLR=-0.38 (game LLR=-0.27) [CONTINUE]
 502 games  +102 =298 -102   -0 Elo +/- 19   3fold=279 (56%)   2692s   ANOMALIES: 2   mean=0.500 LLR=-0.38 (game LLR=-0.33) [CONTINUE]
 503 games  +102 =298 -103   -1 Elo +/- 19   3fold=279 (55%)   2695s   ANOMALIES: 2   mean=0.499 LLR=-0.44 (game LLR=-0.38) [CONTINUE]
 504 games  +102 =298 -104   -1 Elo +/- 19   3fold=279 (55%)   2701s   ANOMALIES: 2   mean=0.498 LLR=-0.45 (game LLR=-0.44) [CONTINUE]
 505 games  +103 =298 -104   -1 Elo +/- 19   3fold=279 (55%)   2704s   ANOMALIES: 2   mean=0.499 LLR=-0.45 (game LLR=-0.38) [CONTINUE]
 506 games  +104 =298 -104   -0 Elo +/- 19   3fold=279 (55%)   2707s   ANOMALIES: 2   mean=0.500 LLR=-0.45 (game LLR=-0.33) [CONTINUE]
 507 games  +104 =299 -104   -0 Elo +/- 19   3fold=280 (55%)   2714s   ANOMALIES: 2   mean=0.500 LLR=-0.45 (game LLR=-0.33) [CONTINUE]
 508 games  +104 =300 -104   -0 Elo +/- 19   3fold=281 (55%)   2717s   ANOMALIES: 2   mean=0.500 LLR=-0.39 (game LLR=-0.33) [CONTINUE]
 509 games  +105 =300 -104   +1 Elo +/- 19   3fold=281 (55%)   2728s   ANOMALIES: 2   mean=0.501 LLR=-0.39 (game LLR=-0.27) [CONTINUE]
 510 games  +105 =300 -105   -0 Elo +/- 19   3fold=281 (55%)   2732s   ANOMALIES: 2   mean=0.500 LLR=-0.39 (game LLR=-0.33) [CONTINUE]
 511 games  +105 =300 -106   -1 Elo +/- 19   3fold=281 (55%)   2734s   ANOMALIES: 2   mean=0.499 LLR=-0.39 (game LLR=-0.38) [CONTINUE]
 512 games  +105 =301 -106   -1 Elo +/- 19   3fold=282 (55%)   2737s   ANOMALIES: 2   mean=0.499 LLR=-0.39 (game LLR=-0.39) [CONTINUE]
 513 games  +106 =301 -106   -0 Elo +/- 19   3fold=282 (55%)   2742s   ANOMALIES: 2   mean=0.500 LLR=-0.45 (game LLR=-0.33) [CONTINUE]
 514 games  +106 =302 -106   -0 Elo +/- 19   3fold=283 (55%)   2749s   ANOMALIES: 2   mean=0.500 LLR=-0.40 (game LLR=-0.33) [CONTINUE]
 515 games  +106 =303 -106   -0 Elo +/- 19   3fold=284 (55%)   2756s   ANOMALIES: 2   mean=0.500 LLR=-0.40 (game LLR=-0.33) [CONTINUE]
 516 games  +106 =304 -106   -0 Elo +/- 19   3fold=285 (55%)   2762s   ANOMALIES: 2   mean=0.500 LLR=-0.34 (game LLR=-0.33) [CONTINUE]
 517 games  +106 =305 -106   -0 Elo +/- 19   3fold=286 (55%)   2762s   ANOMALIES: 2   mean=0.500 LLR=-0.34 (game LLR=-0.33) [CONTINUE]
 518 games  +106 =306 -106   -0 Elo +/- 19   3fold=287 (55%)   2770s   ANOMALIES: 2   mean=0.500 LLR=-0.34 (game LLR=-0.34) [CONTINUE]
 519 games  +106 =307 -106   -0 Elo +/- 19   3fold=288 (55%)   2773s   ANOMALIES: 2   mean=0.500 LLR=-0.34 (game LLR=-0.34) [CONTINUE]
 520 games  +106 =307 -107   -1 Elo +/- 19   3fold=288 (55%)   2780s   ANOMALIES: 2   mean=0.499 LLR=-0.34 (game LLR=-0.39) [CONTINUE]
 521 games  +107 =307 -107   -0 Elo +/- 19   3fold=288 (55%)   2787s   ANOMALIES: 2   mean=0.500 LLR=-0.40 (game LLR=-0.34) [CONTINUE]
 522 games  +107 =308 -107   -0 Elo +/- 19   3fold=289 (55%)   2791s   ANOMALIES: 2   mean=0.500 LLR=-0.40 (game LLR=-0.34) [CONTINUE]
 523 games  +107 =308 -108   -1 Elo +/- 19   3fold=289 (55%)   2793s   ANOMALIES: 2   mean=0.499 LLR=-0.40 (game LLR=-0.39) [CONTINUE]
 524 games  +108 =308 -108   -0 Elo +/- 19   3fold=289 (55%)   2799s   ANOMALIES: 2   mean=0.500 LLR=-0.46 (game LLR=-0.34) [CONTINUE]
 525 games  +109 =308 -108   +1 Elo +/- 19   3fold=289 (55%)   2803s   ANOMALIES: 2   mean=0.501 LLR=-0.40 (game LLR=-0.28) [CONTINUE]
 526 games  +110 =308 -108   +1 Elo +/- 19   3fold=289 (55%)   2813s   ANOMALIES: 2   mean=0.502 LLR=-0.35 (game LLR=-0.23) [CONTINUE]
 527 games  +110 =309 -108   +1 Elo +/- 19   3fold=290 (55%)   2816s   ANOMALIES: 2   mean=0.502 LLR=-0.35 (game LLR=-0.23) [CONTINUE]
 528 games  +110 =310 -108   +1 Elo +/- 19   3fold=291 (55%)   2818s   ANOMALIES: 2   mean=0.502 LLR=-0.29 (game LLR=-0.23) [CONTINUE]
 529 games  +110 =311 -108   +1 Elo +/- 19   3fold=292 (55%)   2824s   ANOMALIES: 2   mean=0.502 LLR=-0.29 (game LLR=-0.23) [CONTINUE]
 530 games  +111 =311 -108   +2 Elo +/- 19   3fold=292 (55%)   2831s   ANOMALIES: 2   mean=0.503 LLR=-0.29 (game LLR=-0.17) [CONTINUE]
 531 games  +111 =312 -108   +2 Elo +/- 19   3fold=293 (55%)   2832s   ANOMALIES: 2   mean=0.503 LLR=-0.29 (game LLR=-0.17) [CONTINUE]
 532 games  +111 =313 -108   +2 Elo +/- 19   3fold=294 (55%)   2838s   ANOMALIES: 2   mean=0.503 LLR=-0.29 (game LLR=-0.17) [CONTINUE]
 533 games  +112 =313 -108   +3 Elo +/- 19   3fold=294 (55%)   2841s   ANOMALIES: 2   mean=0.504 LLR=-0.29 (game LLR=-0.12) [CONTINUE]
 534 games  +112 =313 -109   +2 Elo +/- 19   3fold=294 (55%)   2846s   ANOMALIES: 2   mean=0.503 LLR=-0.17 (game LLR=-0.18) [CONTINUE]
 535 games  +113 =313 -109   +3 Elo +/- 19   3fold=294 (55%)   2853s   ANOMALIES: 2   mean=0.504 LLR=-0.23 (game LLR=-0.12) [CONTINUE]
 536 games  +113 =314 -109   +3 Elo +/- 19   3fold=295 (55%)   2855s   ANOMALIES: 2   mean=0.504 LLR=-0.18 (game LLR=-0.12) [CONTINUE]
 537 games  +113 =315 -109   +3 Elo +/- 19   3fold=296 (55%)   2863s   ANOMALIES: 2   mean=0.504 LLR=-0.18 (game LLR=-0.12) [CONTINUE]
 538 games  +114 =315 -109   +3 Elo +/- 19   3fold=296 (55%)   2869s   ANOMALIES: 2   mean=0.505 LLR=-0.18 (game LLR=-0.07) [CONTINUE]
 539 games  +114 =316 -109   +3 Elo +/- 19   3fold=296 (55%)   2877s   ANOMALIES: 2   mean=0.505 LLR=-0.07 (game LLR=-0.07) [CONTINUE]
 540 games  +114 =316 -110   +3 Elo +/- 19   3fold=296 (55%)   2879s   ANOMALIES: 2   mean=0.504 LLR=-0.07 (game LLR=-0.12) [CONTINUE]
 541 games  +114 =316 -111   +2 Elo +/- 19   3fold=296 (55%)   2880s   ANOMALIES: 2   mean=0.503 LLR=-0.07 (game LLR=-0.18) [CONTINUE]
 542 games  +114 =317 -111   +2 Elo +/- 19   3fold=297 (55%)   2885s   ANOMALIES: 2   mean=0.503 LLR=-0.07 (game LLR=-0.18) [CONTINUE]
 543 games  +114 =318 -111   +2 Elo +/- 19   3fold=298 (55%)   2896s   ANOMALIES: 2   mean=0.503 LLR=-0.07 (game LLR=-0.18) [CONTINUE]
 544 games  +115 =318 -111   +3 Elo +/- 19   3fold=298 (55%)   2898s   ANOMALIES: 2   mean=0.504 LLR=-0.07 (game LLR=-0.13) [CONTINUE]
 545 games  +115 =319 -111   +3 Elo +/- 19   3fold=299 (55%)   2899s   ANOMALIES: 2   mean=0.504 LLR=-0.07 (game LLR=-0.13) [CONTINUE]
 546 games  +115 =320 -111   +3 Elo +/- 19   3fold=300 (55%)   2901s   ANOMALIES: 2   mean=0.504 LLR=-0.07 (game LLR=-0.13) [CONTINUE]
 547 games  +115 =321 -111   +3 Elo +/- 19   3fold=301 (55%)   2908s   ANOMALIES: 2   mean=0.504 LLR=-0.13 (game LLR=-0.13) [CONTINUE]
 548 games  +115 =322 -111   +3 Elo +/- 19   3fold=302 (55%)   2911s   ANOMALIES: 2   mean=0.504 LLR=-0.18 (game LLR=-0.13) [CONTINUE]
 549 games  +115 =323 -111   +3 Elo +/- 19   3fold=303 (55%)   2923s   ANOMALIES: 2   mean=0.504 LLR=-0.19 (game LLR=-0.13) [CONTINUE]
 550 games  +116 =323 -111   +3 Elo +/- 19   3fold=303 (55%)   2930s   ANOMALIES: 2   mean=0.505 LLR=-0.19 (game LLR=-0.07) [CONTINUE]
 551 games  +116 =323 -112   +3 Elo +/- 19   3fold=303 (55%)   2931s   ANOMALIES: 2   mean=0.504 LLR=-0.07 (game LLR=-0.13) [CONTINUE]
 552 games  +116 =324 -112   +3 Elo +/- 19   3fold=304 (55%)   2934s   ANOMALIES: 2   mean=0.504 LLR=-0.07 (game LLR=-0.13) [CONTINUE]
 553 games  +116 =325 -112   +3 Elo +/- 19   3fold=305 (55%)   2937s   ANOMALIES: 2   mean=0.504 LLR=-0.07 (game LLR=-0.13) [CONTINUE]
 554 games  +116 =326 -112   +3 Elo +/- 19   3fold=306 (55%)   2938s   ANOMALIES: 2   mean=0.504 LLR=-0.07 (game LLR=-0.13) [CONTINUE]
 555 games  +117 =326 -112   +3 Elo +/- 19   3fold=306 (55%)   2953s   ANOMALIES: 2   mean=0.505 LLR=-0.07 (game LLR=-0.08) [CONTINUE]
 556 games  +117 =327 -112   +3 Elo +/- 19   3fold=307 (55%)   2955s   ANOMALIES: 2   mean=0.504 LLR=-0.07 (game LLR=-0.08) [CONTINUE]
 557 games  +118 =327 -112   +4 Elo +/- 19   3fold=307 (55%)   2957s   ANOMALIES: 2   mean=0.505 LLR=-0.07 (game LLR=-0.02) [CONTINUE]
 558 games  +118 =327 -113   +3 Elo +/- 19   3fold=307 (55%)   2964s   ANOMALIES: 2   mean=0.504 LLR=-0.02 (game LLR=-0.08) [CONTINUE]
 559 games  +118 =328 -113   +3 Elo +/- 19   3fold=308 (55%)   2965s   ANOMALIES: 2   mean=0.504 LLR=-0.13 (game LLR=-0.08) [CONTINUE]
 560 games  +118 =328 -114   +2 Elo +/- 19   3fold=308 (55%)   2968s   ANOMALIES: 2   mean=0.504 LLR=-0.13 (game LLR=-0.14) [CONTINUE]
 561 games  +118 =328 -115   +2 Elo +/- 19   3fold=308 (55%)   2982s   ANOMALIES: 2   mean=0.503 LLR=-0.19 (game LLR=-0.19) [CONTINUE]
 562 games  +119 =328 -115   +2 Elo +/- 19   3fold=308 (55%)   2992s   ANOMALIES: 2   mean=0.504 LLR=-0.19 (game LLR=-0.14) [CONTINUE]
 563 games  +119 =328 -116   +2 Elo +/- 19   3fold=308 (55%)   2992s   ANOMALIES: 2   mean=0.503 LLR=-0.14 (game LLR=-0.19) [CONTINUE]
 564 games  +119 =329 -116   +2 Elo +/- 19   3fold=309 (55%)   2994s   ANOMALIES: 2   mean=0.503 LLR=-0.14 (game LLR=-0.19) [CONTINUE]
 565 games  +119 =330 -116   +2 Elo +/- 18   3fold=310 (55%)   2995s   ANOMALIES: 2   mean=0.503 LLR=-0.14 (game LLR=-0.19) [CONTINUE]
 566 games  +119 =331 -116   +2 Elo +/- 18   3fold=311 (55%)   2999s   ANOMALIES: 2   mean=0.503 LLR=-0.14 (game LLR=-0.19) [CONTINUE]
 567 games  +119 =331 -117   +1 Elo +/- 18   3fold=311 (55%)   3014s   ANOMALIES: 2   mean=0.502 LLR=-0.14 (game LLR=-0.25) [CONTINUE]
 568 games  +119 =331 -118   +1 Elo +/- 18   3fold=311 (55%)   3016s   ANOMALIES: 2   mean=0.501 LLR=-0.14 (game LLR=-0.31) [CONTINUE]
 569 games  +119 =332 -118   +1 Elo +/- 18   3fold=312 (55%)   3021s   ANOMALIES: 2   mean=0.501 LLR=-0.19 (game LLR=-0.31) [CONTINUE]
 570 games  +119 =333 -118   +1 Elo +/- 18   3fold=313 (55%)   3025s   ANOMALIES: 2   mean=0.501 LLR=-0.19 (game LLR=-0.31) [CONTINUE]
 571 games  +119 =334 -118   +1 Elo +/- 18   3fold=314 (55%)   3030s   ANOMALIES: 2   mean=0.501 LLR=-0.19 (game LLR=-0.31) [CONTINUE]
 572 games  +119 =335 -118   +1 Elo +/- 18   3fold=315 (55%)   3032s   ANOMALIES: 2   mean=0.501 LLR=-0.25 (game LLR=-0.31) [CONTINUE]
 573 games  +119 =336 -118   +1 Elo +/- 18   3fold=316 (55%)   3044s   ANOMALIES: 2   mean=0.501 LLR=-0.25 (game LLR=-0.31) [CONTINUE]
 574 games  +120 =336 -118   +1 Elo +/- 18   3fold=316 (55%)   3045s   ANOMALIES: 2   mean=0.502 LLR=-0.31 (game LLR=-0.26) [CONTINUE]
 575 games  +120 =337 -118   +1 Elo +/- 18   3fold=317 (55%)   3051s   ANOMALIES: 2   mean=0.502 LLR=-0.31 (game LLR=-0.26) [CONTINUE]
 576 games  +121 =337 -118   +2 Elo +/- 18   3fold=317 (55%)   3054s   ANOMALIES: 2   mean=0.503 LLR=-0.31 (game LLR=-0.20) [CONTINUE]
 577 games  +121 =338 -118   +2 Elo +/- 18   3fold=318 (55%)   3058s   ANOMALIES: 2   mean=0.503 LLR=-0.31 (game LLR=-0.20) [CONTINUE]
 578 games  +121 =338 -119   +1 Elo +/- 18   3fold=318 (55%)   3073s   ANOMALIES: 2   mean=0.502 LLR=-0.31 (game LLR=-0.26) [CONTINUE]
 579 games  +121 =339 -119   +1 Elo +/- 18   3fold=318 (55%)   3074s   ANOMALIES: 2   mean=0.502 LLR=-0.32 (game LLR=-0.26) [CONTINUE]
 580 games  +122 =339 -119   +2 Elo +/- 18   3fold=318 (55%)   3078s   ANOMALIES: 2   mean=0.503 LLR=-0.32 (game LLR=-0.20) [CONTINUE]
 581 games  +122 =340 -119   +2 Elo +/- 18   3fold=319 (55%)   3084s   ANOMALIES: 2   mean=0.503 LLR=-0.32 (game LLR=-0.20) [CONTINUE]
 582 games  +122 =340 -120   +1 Elo +/- 18   3fold=319 (55%)   3085s   ANOMALIES: 2   mean=0.502 LLR=-0.32 (game LLR=-0.26) [CONTINUE]
 583 games  +122 =341 -120   +1 Elo +/- 18   3fold=320 (55%)   3085s   ANOMALIES: 2   mean=0.502 LLR=-0.32 (game LLR=-0.26) [CONTINUE]
 584 games  +122 =342 -120   +1 Elo +/- 18   3fold=321 (55%)   3098s   ANOMALIES: 2   mean=0.502 LLR=-0.32 (game LLR=-0.26) [CONTINUE]
 585 games  +122 =343 -120   +1 Elo +/- 18   3fold=322 (55%)   3101s   ANOMALIES: 2   mean=0.502 LLR=-0.32 (game LLR=-0.26) [CONTINUE]
 586 games  +122 =344 -120   +1 Elo +/- 18   3fold=323 (55%)   3111s   ANOMALIES: 2   mean=0.502 LLR=-0.32 (game LLR=-0.26) [CONTINUE]
 587 games  +122 =345 -120   +1 Elo +/- 18   3fold=324 (55%)   3112s   ANOMALIES: 2   mean=0.502 LLR=-0.27 (game LLR=-0.27) [CONTINUE]
 588 games  +122 =345 -121   +1 Elo +/- 18   3fold=324 (55%)   3112s   ANOMALIES: 2   mean=0.501 LLR=-0.27 (game LLR=-0.32) [CONTINUE]
 589 games  +122 =345 -122   -0 Elo +/- 18   3fold=324 (55%)   3117s   ANOMALIES: 2   mean=0.500 LLR=-0.32 (game LLR=-0.38) [CONTINUE]
 590 games  +122 =346 -122   -0 Elo +/- 18   3fold=325 (55%)   3134s   ANOMALIES: 2   mean=0.500 LLR=-0.32 (game LLR=-0.38) [CONTINUE]
 591 games  +123 =346 -122   +1 Elo +/- 18   3fold=325 (55%)   3135s   ANOMALIES: 2   mean=0.501 LLR=-0.32 (game LLR=-0.32) [CONTINUE]
 592 games  +123 =347 -122   +1 Elo +/- 18   3fold=325 (55%)   3135s   ANOMALIES: 2   mean=0.501 LLR=-0.32 (game LLR=-0.32) [CONTINUE]
 593 games  +124 =347 -122   +1 Elo +/- 18   3fold=325 (55%)   3138s   ANOMALIES: 2   mean=0.502 LLR=-0.33 (game LLR=-0.27) [CONTINUE]
 594 games  +124 =348 -122   +1 Elo +/- 18   3fold=326 (55%)   3144s   ANOMALIES: 2   mean=0.502 LLR=-0.33 (game LLR=-0.27) [CONTINUE]
 595 games  +124 =349 -122   +1 Elo +/- 18   3fold=327 (55%)   3147s   ANOMALIES: 2   mean=0.502 LLR=-0.33 (game LLR=-0.27) [CONTINUE]
 596 games  +124 =350 -122   +1 Elo +/- 18   3fold=328 (55%)   3160s   ANOMALIES: 2   mean=0.502 LLR=-0.39 (game LLR=-0.27) [CONTINUE]
 597 games  +124 =350 -123   +1 Elo +/- 18   3fold=328 (55%)   3163s   ANOMALIES: 2   mean=0.501 LLR=-0.39 (game LLR=-0.33) [CONTINUE]
 598 games  +124 =350 -124   -0 Elo +/- 18   3fold=328 (55%)   3165s   ANOMALIES: 2   mean=0.500 LLR=-0.39 (game LLR=-0.38) [CONTINUE]
 599 games  +125 =350 -124   +1 Elo +/- 18   3fold=328 (55%)   3166s   ANOMALIES: 2   mean=0.501 LLR=-0.39 (game LLR=-0.33) [CONTINUE]
 600 games  +126 =350 -124   +1 Elo +/- 18   3fold=328 (55%)   3176s   ANOMALIES: 2   mean=0.502 LLR=-0.28 (game LLR=-0.27) [CONTINUE]
 601 games  +127 =350 -124   +2 Elo +/- 18   3fold=328 (55%)   3177s   ANOMALIES: 2   mean=0.502 LLR=-0.28 (game LLR=-0.22) [CONTINUE]
 602 games  +127 =351 -124   +2 Elo +/- 18   3fold=329 (55%)   3185s   ANOMALIES: 2   mean=0.502 LLR=-0.28 (game LLR=-0.22) [CONTINUE]
 603 games  +127 =352 -124   +2 Elo +/- 18   3fold=330 (55%)   3186s   ANOMALIES: 2   mean=0.502 LLR=-0.28 (game LLR=-0.22) [CONTINUE]
 604 games  +127 =352 -125   +1 Elo +/- 18   3fold=330 (55%)   3194s   ANOMALIES: 2   mean=0.502 LLR=-0.28 (game LLR=-0.27) [CONTINUE]
 605 games  +127 =353 -125   +1 Elo +/- 18   3fold=331 (55%)   3194s   ANOMALIES: 2   mean=0.502 LLR=-0.28 (game LLR=-0.27) [CONTINUE]
 606 games  +128 =353 -125   +2 Elo +/- 18   3fold=331 (55%)   3206s   ANOMALIES: 2   mean=0.502 LLR=-0.33 (game LLR=-0.22) [CONTINUE]
 607 games  +128 =354 -125   +2 Elo +/- 18   3fold=332 (55%)   3210s   ANOMALIES: 2   mean=0.502 LLR=-0.22 (game LLR=-0.22) [CONTINUE]
 608 games  +128 =355 -125   +2 Elo +/- 18   3fold=333 (55%)   3213s   ANOMALIES: 2   mean=0.502 LLR=-0.16 (game LLR=-0.22) [CONTINUE]
 609 games  +128 =356 -125   +2 Elo +/- 18   3fold=334 (55%)   3220s   ANOMALIES: 2   mean=0.502 LLR=-0.17 (game LLR=-0.22) [CONTINUE]
 610 games  +129 =356 -125   +2 Elo +/- 18   3fold=334 (55%)   3221s   ANOMALIES: 2   mean=0.503 LLR=-0.17 (game LLR=-0.17) [CONTINUE]
 611 games  +130 =356 -125   +3 Elo +/- 18   3fold=334 (55%)   3234s   ANOMALIES: 2   mean=0.504 LLR=-0.17 (game LLR=-0.11) [CONTINUE]
 612 games  +130 =357 -125   +3 Elo +/- 18   3fold=335 (55%)   3237s   ANOMALIES: 2   mean=0.504 LLR=-0.17 (game LLR=-0.11) [CONTINUE]
 613 games  +130 =358 -125   +3 Elo +/- 18   3fold=336 (55%)   3240s   ANOMALIES: 2   mean=0.504 LLR=-0.17 (game LLR=-0.11) [CONTINUE]
 614 games  +131 =358 -125   +3 Elo +/- 18   3fold=336 (55%)   3244s   ANOMALIES: 2   mean=0.505 LLR=-0.17 (game LLR=-0.06) [CONTINUE]
 615 games  +131 =359 -125   +3 Elo +/- 18   3fold=337 (55%)   3250s   ANOMALIES: 2   mean=0.505 LLR=-0.17 (game LLR=-0.06) [CONTINUE]
 616 games  +131 =360 -125   +3 Elo +/- 18   3fold=338 (55%)   3250s   ANOMALIES: 2   mean=0.505 LLR=-0.17 (game LLR=-0.06) [CONTINUE]
 617 games  +131 =360 -126   +3 Elo +/- 18   3fold=338 (55%)   3261s   ANOMALIES: 2   mean=0.504 LLR=-0.17 (game LLR=-0.12) [CONTINUE]
 618 games  +132 =360 -126   +3 Elo +/- 18   3fold=338 (55%)   3273s   ANOMALIES: 2   mean=0.505 LLR=-0.17 (game LLR=-0.06) [CONTINUE]
 619 games  +132 =361 -126   +3 Elo +/- 18   3fold=339 (55%)   3276s   ANOMALIES: 2   mean=0.505 LLR=-0.12 (game LLR=-0.06) [CONTINUE]
 620 games  +132 =362 -126   +3 Elo +/- 18   3fold=340 (55%)   3277s   ANOMALIES: 2   mean=0.505 LLR=-0.12 (game LLR=-0.06) [CONTINUE]
*** ANOMALY ***  flag as black (0-1) -- caused by agent@checkpoints/openingcap
 621 games  +133 =362 -126   +4 Elo +/- 18   3fold=340 (55%)   3279s   ANOMALIES: 3   mean=0.506 LLR=-0.12 (game LLR=-0.01) [CONTINUE]
 622 games  +133 =363 -126   +4 Elo +/- 18   3fold=341 (55%)   3282s   ANOMALIES: 3   mean=0.506 LLR=-0.06 (game LLR=-0.01) [CONTINUE]
 623 games  +133 =364 -126   +4 Elo +/- 18   3fold=342 (55%)   3291s   ANOMALIES: 3   mean=0.506 LLR=-0.01 (game LLR=-0.01) [CONTINUE]
 624 games  +133 =365 -126   +4 Elo +/- 18   3fold=343 (55%)   3303s   ANOMALIES: 3   mean=0.506 LLR=-0.01 (game LLR=-0.01) [CONTINUE]
 625 games  +133 =366 -126   +4 Elo +/- 18   3fold=344 (55%)   3304s   ANOMALIES: 3   mean=0.506 LLR=-0.01 (game LLR=-0.01) [CONTINUE]
 626 games  +133 =367 -126   +4 Elo +/- 18   3fold=345 (55%)   3304s   ANOMALIES: 3   mean=0.506 LLR=-0.01 (game LLR=-0.01) [CONTINUE]
 627 games  +133 =368 -126   +4 Elo +/- 17   3fold=346 (55%)   3305s   ANOMALIES: 3   mean=0.506 LLR=-0.01 (game LLR=-0.01) [CONTINUE]
 628 games  +133 =369 -126   +4 Elo +/- 17   3fold=347 (55%)   3314s   ANOMALIES: 3   mean=0.506 LLR=-0.01 (game LLR=-0.01) [CONTINUE]
 629 games  +133 =370 -126   +4 Elo +/- 17   3fold=348 (55%)   3322s   ANOMALIES: 3   mean=0.506 LLR=-0.01 (game LLR=-0.01) [CONTINUE]
 630 games  +134 =370 -126   +4 Elo +/- 17   3fold=348 (55%)   3332s   ANOMALIES: 3   mean=0.506 LLR=-0.01 (game LLR=+0.04) [CONTINUE]
 631 games  +134 =370 -127   +4 Elo +/- 17   3fold=348 (55%)   3333s   ANOMALIES: 3   mean=0.506 LLR=+0.05 (game LLR=-0.01) [CONTINUE]
 632 games  +135 =370 -127   +4 Elo +/- 17   3fold=348 (55%)   3337s   ANOMALIES: 3   mean=0.506 LLR=-0.01 (game LLR=+0.04) [CONTINUE]
 633 games  +135 =370 -128   +4 Elo +/- 17   3fold=348 (55%)   3343s   ANOMALIES: 3   mean=0.506 LLR=+0.04 (game LLR=-0.02) [CONTINUE]
 634 games  +135 =371 -128   +4 Elo +/- 17   3fold=349 (55%)   3343s   ANOMALIES: 3   mean=0.506 LLR=-0.02 (game LLR=-0.02) [CONTINUE]
 635 games  +136 =371 -128   +4 Elo +/- 17   3fold=349 (55%)   3347s   ANOMALIES: 3   mean=0.506 LLR=-0.02 (game LLR=+0.04) [CONTINUE]
 636 games  +137 =371 -128   +5 Elo +/- 17   3fold=349 (55%)   3361s   ANOMALIES: 3   mean=0.507 LLR=-0.02 (game LLR=+0.09) [CONTINUE]
 637 games  +137 =372 -128   +5 Elo +/- 17   3fold=350 (55%)   3363s   ANOMALIES: 3   mean=0.507 LLR=-0.02 (game LLR=+0.09) [CONTINUE]
 638 games  +137 =372 -129   +4 Elo +/- 17   3fold=350 (55%)   3364s   ANOMALIES: 3   mean=0.506 LLR=-0.02 (game LLR=+0.04) [CONTINUE]
 639 games  +138 =372 -129   +5 Elo +/- 17   3fold=350 (55%)   3365s   ANOMALIES: 3   mean=0.507 LLR=-0.02 (game LLR=+0.09) [CONTINUE]
 640 games  +138 =373 -129   +5 Elo +/- 17   3fold=351 (55%)   3370s   ANOMALIES: 3   mean=0.507 LLR=-0.02 (game LLR=+0.09) [CONTINUE]
 641 games  +138 =374 -129   +5 Elo +/- 17   3fold=352 (55%)   3370s   ANOMALIES: 3   mean=0.507 LLR=+0.04 (game LLR=+0.09) [CONTINUE]
 642 games  +138 =375 -129   +5 Elo +/- 17   3fold=353 (55%)   3386s   ANOMALIES: 3   mean=0.507 LLR=+0.04 (game LLR=+0.09) [CONTINUE]
 643 games  +138 =376 -129   +5 Elo +/- 17   3fold=354 (55%)   3386s   ANOMALIES: 3   mean=0.507 LLR=+0.09 (game LLR=+0.09) [CONTINUE]
 644 games  +138 =377 -129   +5 Elo +/- 17   3fold=355 (55%)   3390s   ANOMALIES: 3   mean=0.507 LLR=+0.15 (game LLR=+0.09) [CONTINUE]
 645 games  +138 =377 -130   +4 Elo +/- 17   3fold=355 (55%)   3393s   ANOMALIES: 3   mean=0.506 LLR=+0.15 (game LLR=+0.03) [CONTINUE]
 646 games  +138 =378 -130   +4 Elo +/- 17   3fold=356 (55%)   3395s   ANOMALIES: 3   mean=0.506 LLR=+0.03 (game LLR=+0.03) [CONTINUE]
 647 games  +139 =378 -130   +5 Elo +/- 17   3fold=356 (55%)   3402s   ANOMALIES: 3   mean=0.507 LLR=+0.03 (game LLR=+0.09) [CONTINUE]
 648 games  +140 =378 -130   +5 Elo +/- 17   3fold=356 (55%)   3404s   ANOMALIES: 3   mean=0.508 LLR=+0.09 (game LLR=+0.14) [CONTINUE]
 649 games  +140 =379 -130   +5 Elo +/- 17   3fold=357 (55%)   3416s   ANOMALIES: 3   mean=0.508 LLR=+0.09 (game LLR=+0.14) [CONTINUE]
 650 games  +140 =380 -130   +5 Elo +/- 17   3fold=357 (55%)   3418s   ANOMALIES: 3   mean=0.508 LLR=+0.09 (game LLR=+0.14) [CONTINUE]
 651 games  +140 =381 -130   +5 Elo +/- 17   3fold=358 (55%)   3423s   ANOMALIES: 3   mean=0.508 LLR=+0.09 (game LLR=+0.14) [CONTINUE]
 652 games  +141 =381 -130   +6 Elo +/- 17   3fold=358 (55%)   3430s   ANOMALIES: 3   mean=0.508 LLR=+0.09 (game LLR=+0.19) [CONTINUE]
 653 games  +141 =382 -130   +6 Elo +/- 17   3fold=359 (55%)   3432s   ANOMALIES: 3   mean=0.508 LLR=+0.20 (game LLR=+0.19) [CONTINUE]
 654 games  +142 =382 -130   +6 Elo +/- 17   3fold=359 (55%)   3432s   ANOMALIES: 3   mean=0.509 LLR=+0.20 (game LLR=+0.25) [CONTINUE]
 655 games  +143 =382 -130   +7 Elo +/- 17   3fold=359 (55%)   3447s   ANOMALIES: 3   mean=0.510 LLR=+0.20 (game LLR=+0.30) [CONTINUE]
 656 games  +143 =383 -130   +7 Elo +/- 17   3fold=360 (55%)   3453s   ANOMALIES: 3   mean=0.510 LLR=+0.25 (game LLR=+0.30) [CONTINUE]
 657 games  +143 =384 -130   +7 Elo +/- 17   3fold=361 (55%)   3453s   ANOMALIES: 3   mean=0.510 LLR=+0.25 (game LLR=+0.30) [CONTINUE]
 658 games  +143 =385 -130   +7 Elo +/- 17   3fold=362 (55%)   3458s   ANOMALIES: 3   mean=0.510 LLR=+0.25 (game LLR=+0.30) [CONTINUE]
 659 games  +144 =385 -130   +7 Elo +/- 17   3fold=362 (55%)   3458s   ANOMALIES: 3   mean=0.511 LLR=+0.30 (game LLR=+0.36) [CONTINUE]
 660 games  +144 =385 -131   +7 Elo +/- 17   3fold=362 (55%)   3461s   ANOMALIES: 3   mean=0.510 LLR=+0.36 (game LLR=+0.30) [CONTINUE]
 661 games  +144 =385 -132   +6 Elo +/- 17   3fold=362 (55%)   3472s   ANOMALIES: 3   mean=0.509 LLR=+0.36 (game LLR=+0.24) [CONTINUE]
 662 games  +144 =386 -132   +6 Elo +/- 17   3fold=363 (55%)   3479s   ANOMALIES: 3   mean=0.509 LLR=+0.36 (game LLR=+0.24) [CONTINUE]
 663 games  +144 =387 -132   +6 Elo +/- 17   3fold=364 (55%)   3486s   ANOMALIES: 3   mean=0.509 LLR=+0.36 (game LLR=+0.24) [CONTINUE]
 664 games  +145 =387 -132   +7 Elo +/- 17   3fold=364 (55%)   3487s   ANOMALIES: 3   mean=0.510 LLR=+0.36 (game LLR=+0.30) [CONTINUE]
 665 games  +145 =388 -132   +7 Elo +/- 17   3fold=365 (55%)   3489s   ANOMALIES: 3   mean=0.510 LLR=+0.36 (game LLR=+0.30) [CONTINUE]
 666 games  +145 =389 -132   +7 Elo +/- 17   3fold=366 (55%)   3493s   ANOMALIES: 3   mean=0.510 LLR=+0.36 (game LLR=+0.30) [CONTINUE]
 667 games  +145 =390 -132   +7 Elo +/- 17   3fold=367 (55%)   3501s   ANOMALIES: 3   mean=0.510 LLR=+0.30 (game LLR=+0.30) [CONTINUE]
 668 games  +145 =390 -133   +6 Elo +/- 17   3fold=367 (55%)   3510s   ANOMALIES: 3   mean=0.509 LLR=+0.24 (game LLR=+0.24) [CONTINUE]
 669 games  +145 =391 -133   +6 Elo +/- 17   3fold=368 (55%)   3516s   ANOMALIES: 3   mean=0.509 LLR=+0.19 (game LLR=+0.24) [CONTINUE]
 670 games  +145 =392 -133   +6 Elo +/- 17   3fold=369 (55%)   3517s   ANOMALIES: 3   mean=0.509 LLR=+0.19 (game LLR=+0.24) [CONTINUE]
 671 games  +145 =392 -134   +6 Elo +/- 17   3fold=369 (55%)   3518s   ANOMALIES: 3   mean=0.508 LLR=+0.19 (game LLR=+0.18) [CONTINUE]
 672 games  +145 =392 -135   +5 Elo +/- 17   3fold=369 (55%)   3522s   ANOMALIES: 3   mean=0.507 LLR=+0.18 (game LLR=+0.13) [CONTINUE]
 673 games  +145 =393 -135   +5 Elo +/- 17   3fold=370 (55%)   3536s   ANOMALIES: 3   mean=0.507 LLR=+0.18 (game LLR=+0.12) [CONTINUE]
 674 games  +145 =394 -135   +5 Elo +/- 17   3fold=371 (55%)   3543s   ANOMALIES: 3   mean=0.507 LLR=+0.18 (game LLR=+0.12) [CONTINUE]
 675 games  +145 =395 -135   +5 Elo +/- 17   3fold=372 (55%)   3545s   ANOMALIES: 3   mean=0.507 LLR=+0.18 (game LLR=+0.12) [CONTINUE]
 676 games  +145 =396 -135   +5 Elo +/- 17   3fold=373 (55%)   3546s   ANOMALIES: 3   mean=0.507 LLR=+0.18 (game LLR=+0.12) [CONTINUE]
 677 games  +146 =396 -135   +6 Elo +/- 17   3fold=373 (55%)   3547s   ANOMALIES: 3   mean=0.508 LLR=+0.13 (game LLR=+0.18) [CONTINUE]
 678 games  +147 =396 -135   +6 Elo +/- 17   3fold=373 (55%)   3547s   ANOMALIES: 3   mean=0.509 LLR=+0.18 (game LLR=+0.23) [CONTINUE]
 679 games  +147 =397 -135   +6 Elo +/- 17   3fold=374 (55%)   3565s   ANOMALIES: 3   mean=0.509 LLR=+0.18 (game LLR=+0.23) [CONTINUE]
 680 games  +147 =398 -135   +6 Elo +/- 17   3fold=375 (55%)   3570s   ANOMALIES: 3   mean=0.509 LLR=+0.18 (game LLR=+0.23) [CONTINUE]
 681 games  +148 =398 -135   +7 Elo +/- 17   3fold=375 (55%)   3571s   ANOMALIES: 3   mean=0.510 LLR=+0.18 (game LLR=+0.29) [CONTINUE]
 682 games  +148 =399 -135   +7 Elo +/- 17   3fold=376 (55%)   3574s   ANOMALIES: 3   mean=0.510 LLR=+0.18 (game LLR=+0.29) [CONTINUE]
 683 games  +148 =400 -135   +7 Elo +/- 17   3fold=377 (55%)   3578s   ANOMALIES: 3   mean=0.510 LLR=+0.24 (game LLR=+0.29) [CONTINUE]
 684 games  +148 =401 -135   +7 Elo +/- 17   3fold=378 (55%)   3579s   ANOMALIES: 3   mean=0.510 LLR=+0.23 (game LLR=+0.29) [CONTINUE]
 685 games  +148 =402 -135   +7 Elo +/- 17   3fold=379 (55%)   3595s   ANOMALIES: 3   mean=0.509 LLR=+0.23 (game LLR=+0.29) [CONTINUE]
 686 games  +148 =403 -135   +7 Elo +/- 17   3fold=380 (55%)   3595s   ANOMALIES: 3   mean=0.509 LLR=+0.23 (game LLR=+0.29) [CONTINUE]
 687 games  +148 =403 -136   +6 Elo +/- 17   3fold=380 (55%)   3603s   ANOMALIES: 3   mean=0.509 LLR=+0.29 (game LLR=+0.23) [CONTINUE]
 688 games  +148 =404 -136   +6 Elo +/- 17   3fold=381 (55%)   3604s   ANOMALIES: 3   mean=0.509 LLR=+0.29 (game LLR=+0.23) [CONTINUE]
 689 games  +149 =404 -136   +7 Elo +/- 17   3fold=381 (55%)   3605s   ANOMALIES: 3   mean=0.509 LLR=+0.29 (game LLR=+0.28) [CONTINUE]
 690 games  +149 =405 -136   +7 Elo +/- 17   3fold=382 (55%)   3610s   ANOMALIES: 3   mean=0.509 LLR=+0.29 (game LLR=+0.28) [CONTINUE]
 691 games  +149 =405 -137   +6 Elo +/- 17   3fold=382 (55%)   3623s   ANOMALIES: 3   mean=0.509 LLR=+0.29 (game LLR=+0.23) [CONTINUE]
 692 games  +149 =406 -137   +6 Elo +/- 17   3fold=383 (55%)   3625s   ANOMALIES: 3   mean=0.509 LLR=+0.23 (game LLR=+0.22) [CONTINUE]
 693 games  +149 =406 -138   +6 Elo +/- 17   3fold=383 (55%)   3631s   ANOMALIES: 3   mean=0.508 LLR=+0.23 (game LLR=+0.17) [CONTINUE]
 694 games  +149 =407 -138   +6 Elo +/- 17   3fold=384 (55%)   3632s   ANOMALIES: 3   mean=0.508 LLR=+0.12 (game LLR=+0.17) [CONTINUE]
 695 games  +149 =408 -138   +5 Elo +/- 17   3fold=385 (55%)   3636s   ANOMALIES: 3   mean=0.508 LLR=+0.11 (game LLR=+0.17) [CONTINUE]
 696 games  +150 =408 -138   +6 Elo +/- 17   3fold=385 (55%)   3638s   ANOMALIES: 3   mean=0.509 LLR=+0.11 (game LLR=+0.22) [CONTINUE]
 697 games  +150 =409 -138   +6 Elo +/- 17   3fold=386 (55%)   3654s   ANOMALIES: 3   mean=0.509 LLR=+0.22 (game LLR=+0.22) [CONTINUE]
 698 games  +150 =410 -138   +6 Elo +/- 17   3fold=387 (55%)   3657s   ANOMALIES: 3   mean=0.509 LLR=+0.22 (game LLR=+0.22) [CONTINUE]
 699 games  +150 =411 -138   +6 Elo +/- 17   3fold=388 (56%)   3665s   ANOMALIES: 3   mean=0.509 LLR=+0.22 (game LLR=+0.22) [CONTINUE]
 700 games  +151 =411 -138   +6 Elo +/- 17   3fold=388 (55%)   3667s   ANOMALIES: 3   mean=0.509 LLR=+0.22 (game LLR=+0.28) [CONTINUE]
 701 games  +151 =412 -138   +6 Elo +/- 17   3fold=389 (55%)   3670s   ANOMALIES: 3   mean=0.509 LLR=+0.22 (game LLR=+0.28) [CONTINUE]
 702 games  +151 =413 -138   +6 Elo +/- 17   3fold=389 (55%)   3680s   ANOMALIES: 3   mean=0.509 LLR=+0.22 (game LLR=+0.28) [CONTINUE]
 703 games  +151 =413 -139   +6 Elo +/- 17   3fold=389 (55%)   3685s   ANOMALIES: 3   mean=0.509 LLR=+0.22 (game LLR=+0.22) [CONTINUE]
 704 games  +151 =413 -140   +5 Elo +/- 17   3fold=389 (55%)   3687s   ANOMALIES: 3   mean=0.508 LLR=+0.16 (game LLR=+0.16) [CONTINUE]
 705 games  +151 =413 -141   +5 Elo +/- 17   3fold=389 (55%)   3692s   ANOMALIES: 3   mean=0.507 LLR=+0.16 (game LLR=+0.10) [CONTINUE]
 706 games  +151 =414 -141   +5 Elo +/- 16   3fold=390 (55%)   3696s   ANOMALIES: 3   mean=0.507 LLR=+0.16 (game LLR=+0.10) [CONTINUE]
 707 games  +151 =415 -141   +5 Elo +/- 16   3fold=391 (55%)   3700s   ANOMALIES: 3   mean=0.507 LLR=+0.16 (game LLR=+0.10) [CONTINUE]
 708 games  +151 =416 -141   +5 Elo +/- 16   3fold=392 (55%)   3701s   ANOMALIES: 3   mean=0.507 LLR=+0.16 (game LLR=+0.10) [CONTINUE]
 709 games  +152 =416 -141   +5 Elo +/- 16   3fold=392 (55%)   3717s   ANOMALIES: 3   mean=0.508 LLR=+0.16 (game LLR=+0.16) [CONTINUE]
 710 games  +153 =416 -141   +6 Elo +/- 16   3fold=392 (55%)   3720s   ANOMALIES: 3   mean=0.508 LLR=+0.16 (game LLR=+0.21) [CONTINUE]
 711 games  +153 =417 -141   +6 Elo +/- 16   3fold=393 (55%)   3723s   ANOMALIES: 3   mean=0.508 LLR=+0.22 (game LLR=+0.21) [CONTINUE]
 712 games  +153 =418 -141   +6 Elo +/- 16   3fold=394 (55%)   3724s   ANOMALIES: 3   mean=0.508 LLR=+0.16 (game LLR=+0.21) [CONTINUE]
 713 games  +154 =418 -141   +6 Elo +/- 16   3fold=394 (55%)   3729s   ANOMALIES: 3   mean=0.509 LLR=+0.16 (game LLR=+0.27) [CONTINUE]
 714 games  +154 =419 -141   +6 Elo +/- 16   3fold=395 (55%)   3731s   ANOMALIES: 3   mean=0.509 LLR=+0.16 (game LLR=+0.27) [CONTINUE]
 715 games  +154 =420 -141   +6 Elo +/- 16   3fold=396 (55%)   3737s   ANOMALIES: 3   mean=0.509 LLR=+0.16 (game LLR=+0.27) [CONTINUE]
 716 games  +154 =421 -141   +6 Elo +/- 16   3fold=397 (55%)   3741s   ANOMALIES: 3   mean=0.509 LLR=+0.16 (game LLR=+0.27) [CONTINUE]
 717 games  +154 =421 -142   +6 Elo +/- 16   3fold=397 (55%)   3751s   ANOMALIES: 3   mean=0.508 LLR=+0.21 (game LLR=+0.21) [CONTINUE]
 718 games  +154 =422 -142   +6 Elo +/- 16   3fold=398 (55%)   3756s   ANOMALIES: 3   mean=0.508 LLR=+0.21 (game LLR=+0.21) [CONTINUE]
 719 games  +154 =422 -143   +5 Elo +/- 16   3fold=398 (55%)   3756s   ANOMALIES: 3   mean=0.508 LLR=+0.27 (game LLR=+0.15) [CONTINUE]
 720 games  +154 =423 -143   +5 Elo +/- 16   3fold=399 (55%)   3759s   ANOMALIES: 3   mean=0.508 LLR=+0.27 (game LLR=+0.15) [CONTINUE]
 721 games  +154 =423 -144   +5 Elo +/- 16   3fold=399 (55%)   3770s   ANOMALIES: 3   mean=0.507 LLR=+0.27 (game LLR=+0.09) [CONTINUE]
 722 games  +155 =423 -144   +5 Elo +/- 16   3fold=399 (55%)   3773s   ANOMALIES: 3   mean=0.508 LLR=+0.27 (game LLR=+0.15) [CONTINUE]
 723 games  +155 =424 -144   +5 Elo +/- 16   3fold=400 (55%)   3781s   ANOMALIES: 3   mean=0.508 LLR=+0.32 (game LLR=+0.15) [CONTINUE]
 724 games  +155 =425 -144   +5 Elo +/- 16   3fold=401 (55%)   3785s   ANOMALIES: 3   mean=0.508 LLR=+0.27 (game LLR=+0.15) [CONTINUE]
 725 games  +155 =426 -144   +5 Elo +/- 16   3fold=402 (55%)   3791s   ANOMALIES: 3   mean=0.508 LLR=+0.27 (game LLR=+0.15) [CONTINUE]
 726 games  +156 =426 -144   +6 Elo +/- 16   3fold=402 (55%)   3792s   ANOMALIES: 3   mean=0.508 LLR=+0.26 (game LLR=+0.20) [CONTINUE]
 727 games  +156 =427 -144   +6 Elo +/- 16   3fold=403 (55%)   3800s   ANOMALIES: 3   mean=0.508 LLR=+0.26 (game LLR=+0.20) [CONTINUE]
 728 games  +157 =427 -144   +6 Elo +/- 16   3fold=403 (55%)   3805s   ANOMALIES: 3   mean=0.509 LLR=+0.21 (game LLR=+0.26) [CONTINUE]
 729 games  +157 =428 -144   +6 Elo +/- 16   3fold=403 (55%)   3808s   ANOMALIES: 3   mean=0.509 LLR=+0.21 (game LLR=+0.26) [CONTINUE]
 730 games  +157 =429 -144   +6 Elo +/- 16   3fold=404 (55%)   3816s   ANOMALIES: 3   mean=0.509 LLR=+0.21 (game LLR=+0.26) [CONTINUE]
 731 games  +158 =429 -144   +7 Elo +/- 16   3fold=404 (55%)   3818s   ANOMALIES: 3   mean=0.510 LLR=+0.21 (game LLR=+0.31) [CONTINUE]
 732 games  +158 =429 -145   +6 Elo +/- 16   3fold=404 (55%)   3819s   ANOMALIES: 3   mean=0.509 LLR=+0.21 (game LLR=+0.25) [CONTINUE]
 733 games  +158 =430 -145   +6 Elo +/- 16   3fold=405 (55%)   3829s   ANOMALIES: 3   mean=0.509 LLR=+0.21 (game LLR=+0.25) [CONTINUE]
 734 games  +158 =431 -145   +6 Elo +/- 16   3fold=406 (55%)   3838s   ANOMALIES: 3   mean=0.509 LLR=+0.20 (game LLR=+0.25) [CONTINUE]
 735 games  +158 =431 -146   +6 Elo +/- 16   3fold=406 (55%)   3839s   ANOMALIES: 3   mean=0.508 LLR=+0.26 (game LLR=+0.20) [CONTINUE]
 736 games  +158 =432 -146   +6 Elo +/- 16   3fold=407 (55%)   3841s   ANOMALIES: 3   mean=0.508 LLR=+0.26 (game LLR=+0.20) [CONTINUE]
 737 games  +158 =433 -146   +6 Elo +/- 16   3fold=408 (55%)   3848s   ANOMALIES: 3   mean=0.508 LLR=+0.26 (game LLR=+0.20) [CONTINUE]
 738 games  +158 =434 -146   +6 Elo +/- 16   3fold=409 (55%)   3850s   ANOMALIES: 3   mean=0.508 LLR=+0.32 (game LLR=+0.20) [CONTINUE]
 739 games  +158 =435 -146   +6 Elo +/- 16   3fold=410 (55%)   3860s   ANOMALIES: 3   mean=0.508 LLR=+0.26 (game LLR=+0.20) [CONTINUE]
 740 games  +158 =436 -146   +6 Elo +/- 16   3fold=411 (56%)   3864s   ANOMALIES: 3   mean=0.508 LLR=+0.26 (game LLR=+0.20) [CONTINUE]
 741 games  +159 =436 -146   +6 Elo +/- 16   3fold=411 (55%)   3871s   ANOMALIES: 3   mean=0.509 LLR=+0.26 (game LLR=+0.25) [CONTINUE]
 742 games  +159 =436 -147   +6 Elo +/- 16   3fold=411 (55%)   3872s   ANOMALIES: 3   mean=0.508 LLR=+0.31 (game LLR=+0.19) [CONTINUE]
 743 games  +159 =437 -147   +6 Elo +/- 16   3fold=412 (55%)   3874s   ANOMALIES: 3   mean=0.508 LLR=+0.31 (game LLR=+0.19) [CONTINUE]
 744 games  +159 =438 -147   +6 Elo +/- 16   3fold=413 (56%)   3888s   ANOMALIES: 3   mean=0.508 LLR=+0.31 (game LLR=+0.19) [CONTINUE]
 745 games  +159 =438 -148   +5 Elo +/- 16   3fold=413 (55%)   3890s   ANOMALIES: 3   mean=0.507 LLR=+0.25 (game LLR=+0.14) [CONTINUE]
 746 games  +159 =439 -148   +5 Elo +/- 16   3fold=414 (55%)   3897s   ANOMALIES: 3   mean=0.507 LLR=+0.20 (game LLR=+0.14) [CONTINUE]
 747 games  +160 =439 -148   +6 Elo +/- 16   3fold=414 (55%)   3901s   ANOMALIES: 3   mean=0.508 LLR=+0.20 (game LLR=+0.19) [CONTINUE]
 748 games  +160 =440 -148   +6 Elo +/- 16   3fold=415 (55%)   3904s   ANOMALIES: 3   mean=0.508 LLR=+0.20 (game LLR=+0.19) [CONTINUE]
 749 games  +160 =440 -149   +5 Elo +/- 16   3fold=415 (55%)   3905s   ANOMALIES: 3   mean=0.507 LLR=+0.19 (game LLR=+0.13) [CONTINUE]
 750 games  +160 =440 -150   +5 Elo +/- 16   3fold=415 (55%)   3918s   ANOMALIES: 3   mean=0.507 LLR=+0.14 (game LLR=+0.08) [CONTINUE]
 751 games  +160 =441 -150   +5 Elo +/- 16   3fold=416 (55%)   3921s   ANOMALIES: 3   mean=0.507 LLR=+0.14 (game LLR=+0.08) [CONTINUE]
 752 games  +160 =441 -151   +4 Elo +/- 16   3fold=416 (55%)   3925s   ANOMALIES: 3   mean=0.506 LLR=+0.14 (game LLR=+0.02) [CONTINUE]
 753 games  +160 =442 -151   +4 Elo +/- 16   3fold=417 (55%)   3932s   ANOMALIES: 3   mean=0.506 LLR=+0.08 (game LLR=+0.02) [CONTINUE]
 754 games  +161 =442 -151   +5 Elo +/- 16   3fold=417 (55%)   3933s   ANOMALIES: 3   mean=0.507 LLR=+0.08 (game LLR=+0.07) [CONTINUE]
 755 games  +161 =442 -152   +4 Elo +/- 16   3fold=417 (55%)   3934s   ANOMALIES: 3   mean=0.506 LLR=+0.08 (game LLR=+0.02) [CONTINUE]
 756 games  +161 =443 -152   +4 Elo +/- 16   3fold=418 (55%)   3947s   ANOMALIES: 3   mean=0.506 LLR=+0.08 (game LLR=+0.02) [CONTINUE]
 757 games  +161 =444 -152   +4 Elo +/- 16   3fold=419 (55%)   3951s   ANOMALIES: 3   mean=0.506 LLR=+0.02 (game LLR=+0.02) [CONTINUE]
 758 games  +161 =444 -153   +4 Elo +/- 16   3fold=419 (55%)   3957s   ANOMALIES: 3   mean=0.505 LLR=+0.02 (game LLR=-0.04) [CONTINUE]
 759 games  +162 =444 -153   +4 Elo +/- 16   3fold=419 (55%)   3960s   ANOMALIES: 3   mean=0.506 LLR=+0.02 (game LLR=+0.01) [CONTINUE]
 760 games  +162 =445 -153   +4 Elo +/- 16   3fold=420 (55%)   3964s   ANOMALIES: 3   mean=0.506 LLR=+0.07 (game LLR=+0.01) [CONTINUE]
 761 games  +162 =446 -153   +4 Elo +/- 16   3fold=421 (55%)   3973s   ANOMALIES: 3   mean=0.506 LLR=+0.13 (game LLR=+0.01) [CONTINUE]
 762 games  +162 =446 -154   +4 Elo +/- 16   3fold=421 (55%)   3978s   ANOMALIES: 3   mean=0.505 LLR=+0.07 (game LLR=-0.04) [CONTINUE]
 763 games  +163 =446 -154   +4 Elo +/- 16   3fold=421 (55%)   3979s   ANOMALIES: 3   mean=0.506 LLR=+0.07 (game LLR=+0.01) [CONTINUE]
 764 games  +163 =447 -154   +4 Elo +/- 16   3fold=422 (55%)   3980s   ANOMALIES: 3   mean=0.506 LLR=+0.07 (game LLR=+0.01) [CONTINUE]
 765 games  +163 =448 -154   +4 Elo +/- 16   3fold=423 (55%)   3983s   ANOMALIES: 3   mean=0.506 LLR=+0.01 (game LLR=+0.01) [CONTINUE]
 766 games  +163 =448 -155   +4 Elo +/- 16   3fold=423 (55%)   3999s   ANOMALIES: 3   mean=0.505 LLR=+0.01 (game LLR=-0.05) [CONTINUE]
 767 games  +164 =448 -155   +4 Elo +/- 16   3fold=423 (55%)   4000s   ANOMALIES: 3   mean=0.506 LLR=+0.01 (game LLR=+0.01) [CONTINUE]
 768 games  +164 =449 -155   +4 Elo +/- 16   3fold=424 (55%)   4008s   ANOMALIES: 3   mean=0.506 LLR=+0.01 (game LLR=+0.01) [CONTINUE]
 769 games  +164 =450 -155   +4 Elo +/- 16   3fold=425 (55%)   4008s   ANOMALIES: 3   mean=0.506 LLR=-0.05 (game LLR=+0.01) [CONTINUE]
 770 games  +165 =450 -155   +5 Elo +/- 16   3fold=425 (55%)   4009s   ANOMALIES: 3   mean=0.506 LLR=+0.01 (game LLR=+0.06) [CONTINUE]
 771 games  +165 =451 -155   +5 Elo +/- 16   3fold=426 (55%)   4012s   ANOMALIES: 3   mean=0.506 LLR=+0.01 (game LLR=+0.06) [CONTINUE]
 772 games  +165 =451 -156   +4 Elo +/- 16   3fold=426 (55%)   4023s   ANOMALIES: 3   mean=0.506 LLR=+0.01 (game LLR=+0.01) [CONTINUE]
 773 games  +165 =452 -156   +4 Elo +/- 16   3fold=427 (55%)   4030s   ANOMALIES: 3   mean=0.506 LLR=+0.01 (game LLR=+0.01) [CONTINUE]
 774 games  +165 =453 -156   +4 Elo +/- 16   3fold=428 (55%)   4031s   ANOMALIES: 3   mean=0.506 LLR=-0.05 (game LLR=+0.01) [CONTINUE]
 775 games  +165 =454 -156   +4 Elo +/- 16   3fold=429 (55%)   4035s   ANOMALIES: 3   mean=0.506 LLR=-0.05 (game LLR=+0.00) [CONTINUE]
 776 games  +165 =455 -156   +4 Elo +/- 16   3fold=430 (55%)   4036s   ANOMALIES: 3   mean=0.506 LLR=-0.05 (game LLR=+0.00) [CONTINUE]
 777 games  +165 =456 -156   +4 Elo +/- 16   3fold=431 (55%)   4045s   ANOMALIES: 3   mean=0.506 LLR=-0.05 (game LLR=+0.00) [CONTINUE]
 778 games  +166 =456 -156   +4 Elo +/- 16   3fold=431 (55%)   4051s   ANOMALIES: 3   mean=0.506 LLR=+0.01 (game LLR=+0.06) [CONTINUE]
 779 games  +166 =457 -156   +4 Elo +/- 16   3fold=432 (55%)   4055s   ANOMALIES: 3   mean=0.506 LLR=+0.01 (game LLR=+0.06) [CONTINUE]
 780 games  +166 =458 -156   +4 Elo +/- 16   3fold=433 (56%)   4068s   ANOMALIES: 3   mean=0.506 LLR=+0.01 (game LLR=+0.06) [CONTINUE]
 781 games  +166 =459 -156   +4 Elo +/- 16   3fold=434 (56%)   4069s   ANOMALIES: 3   mean=0.506 LLR=+0.00 (game LLR=+0.06) [CONTINUE]
 782 games  +167 =459 -156   +5 Elo +/- 16   3fold=434 (55%)   4074s   ANOMALIES: 3   mean=0.507 LLR=+0.00 (game LLR=+0.11) [CONTINUE]
 783 games  +167 =460 -156   +5 Elo +/- 16   3fold=435 (56%)   4078s   ANOMALIES: 3   mean=0.507 LLR=+0.00 (game LLR=+0.11) [CONTINUE]
 784 games  +167 =461 -156   +5 Elo +/- 16   3fold=435 (55%)   4078s   ANOMALIES: 3   mean=0.507 LLR=+0.06 (game LLR=+0.11) [CONTINUE]
 785 games  +167 =462 -156   +5 Elo +/- 16   3fold=436 (56%)   4088s   ANOMALIES: 3   mean=0.507 LLR=+0.06 (game LLR=+0.11) [CONTINUE]
 786 games  +167 =462 -157   +4 Elo +/- 16   3fold=436 (55%)   4096s   ANOMALIES: 3   mean=0.506 LLR=+0.06 (game LLR=+0.05) [CONTINUE]
 787 games  +167 =463 -157   +4 Elo +/- 16   3fold=437 (56%)   4099s   ANOMALIES: 3   mean=0.506 LLR=+0.06 (game LLR=+0.05) [CONTINUE]
 788 games  +168 =463 -157   +5 Elo +/- 16   3fold=437 (55%)   4109s   ANOMALIES: 3   mean=0.507 LLR=+0.06 (game LLR=+0.11) [CONTINUE]
 789 games  +168 =464 -157   +5 Elo +/- 16   3fold=438 (56%)   4109s   ANOMALIES: 3   mean=0.507 LLR=+0.17 (game LLR=+0.11) [CONTINUE]
 790 games  +169 =464 -157   +5 Elo +/- 16   3fold=438 (55%)   4117s   ANOMALIES: 3   mean=0.508 LLR=+0.17 (game LLR=+0.16) [CONTINUE]
 791 games  +170 =464 -157   +6 Elo +/- 16   3fold=438 (55%)   4121s   ANOMALIES: 3   mean=0.508 LLR=+0.17 (game LLR=+0.22) [CONTINUE]
 792 games  +170 =465 -157   +6 Elo +/- 16   3fold=439 (55%)   4121s   ANOMALIES: 3   mean=0.508 LLR=+0.17 (game LLR=+0.22) [CONTINUE]
 793 games  +170 =466 -157   +6 Elo +/- 16   3fold=440 (55%)   4124s   ANOMALIES: 3   mean=0.508 LLR=+0.17 (game LLR=+0.22) [CONTINUE]
 794 games  +171 =466 -157   +6 Elo +/- 16   3fold=440 (55%)   4141s   ANOMALIES: 3   mean=0.509 LLR=+0.11 (game LLR=+0.27) [CONTINUE]
 795 games  +171 =467 -157   +6 Elo +/- 16   3fold=440 (55%)   4145s   ANOMALIES: 3   mean=0.509 LLR=+0.11 (game LLR=+0.27) [CONTINUE]
 796 games  +171 =468 -157   +6 Elo +/- 16   3fold=441 (55%)   4146s   ANOMALIES: 3   mean=0.509 LLR=+0.11 (game LLR=+0.27) [CONTINUE]
 797 games  +172 =468 -157   +7 Elo +/- 16   3fold=441 (55%)   4150s   ANOMALIES: 3   mean=0.509 LLR=+0.16 (game LLR=+0.33) [CONTINUE]
 798 games  +173 =468 -157   +7 Elo +/- 16   3fold=441 (55%)   4158s   ANOMALIES: 3   mean=0.510 LLR=+0.27 (game LLR=+0.38) [CONTINUE]
 799 games  +174 =468 -157   +7 Elo +/- 16   3fold=441 (55%)   4160s   ANOMALIES: 3   mean=0.511 LLR=+0.27 (game LLR=+0.43) [CONTINUE]
 800 games  +174 =469 -157   +7 Elo +/- 15   3fold=442 (55%)   4169s   ANOMALIES: 3   mean=0.511 LLR=+0.27 (game LLR=+0.43) [CONTINUE]
 801 games  +174 =470 -157   +7 Elo +/- 15   3fold=443 (55%)   4171s   ANOMALIES: 3   mean=0.511 LLR=+0.27 (game LLR=+0.43) [CONTINUE]
 802 games  +175 =470 -157   +8 Elo +/- 15   3fold=443 (55%)   4173s   ANOMALIES: 3   mean=0.511 LLR=+0.27 (game LLR=+0.49) [CONTINUE]
 803 games  +175 =470 -158   +7 Elo +/- 15   3fold=443 (55%)   4176s   ANOMALIES: 3   mean=0.511 LLR=+0.38 (game LLR=+0.43) [CONTINUE]
 804 games  +175 =471 -158   +7 Elo +/- 15   3fold=444 (55%)   4186s   ANOMALIES: 3   mean=0.511 LLR=+0.38 (game LLR=+0.43) [CONTINUE]
 805 games  +175 =472 -158   +7 Elo +/- 15   3fold=445 (55%)   4190s   ANOMALIES: 3   mean=0.511 LLR=+0.44 (game LLR=+0.43) [CONTINUE]
 806 games  +175 =473 -158   +7 Elo +/- 15   3fold=446 (55%)   4194s   ANOMALIES: 3   mean=0.511 LLR=+0.49 (game LLR=+0.43) [CONTINUE]
 807 games  +175 =474 -158   +7 Elo +/- 15   3fold=447 (55%)   4201s   ANOMALIES: 3   mean=0.511 LLR=+0.49 (game LLR=+0.43) [CONTINUE]
 808 games  +175 =475 -158   +7 Elo +/- 15   3fold=448 (55%)   4204s   ANOMALIES: 3   mean=0.511 LLR=+0.49 (game LLR=+0.43) [CONTINUE]
 809 games  +175 =476 -158   +7 Elo +/- 15   3fold=449 (56%)   4207s   ANOMALIES: 3   mean=0.511 LLR=+0.49 (game LLR=+0.43) [CONTINUE]
 810 games  +175 =476 -159   +7 Elo +/- 15   3fold=449 (55%)   4219s   ANOMALIES: 3   mean=0.510 LLR=+0.43 (game LLR=+0.37) [CONTINUE]
 811 games  +175 =477 -159   +7 Elo +/- 15   3fold=450 (55%)   4222s   ANOMALIES: 3   mean=0.510 LLR=+0.43 (game LLR=+0.37) [CONTINUE]
 812 games  +175 =478 -159   +7 Elo +/- 15   3fold=451 (56%)   4223s   ANOMALIES: 3   mean=0.510 LLR=+0.43 (game LLR=+0.37) [CONTINUE]
 813 games  +175 =479 -159   +7 Elo +/- 15   3fold=452 (56%)   4224s   ANOMALIES: 3   mean=0.510 LLR=+0.43 (game LLR=+0.37) [CONTINUE]
 814 games  +175 =480 -159   +7 Elo +/- 15   3fold=453 (56%)   4229s   ANOMALIES: 3   mean=0.510 LLR=+0.43 (game LLR=+0.37) [CONTINUE]
 815 games  +175 =481 -159   +7 Elo +/- 15   3fold=454 (56%)   4231s   ANOMALIES: 3   mean=0.510 LLR=+0.43 (game LLR=+0.37) [CONTINUE]
 816 games  +175 =481 -160   +6 Elo +/- 15   3fold=454 (56%)   4253s   ANOMALIES: 3   mean=0.509 LLR=+0.43 (game LLR=+0.31) [CONTINUE]
 817 games  +175 =481 -161   +6 Elo +/- 15   3fold=454 (56%)   4254s   ANOMALIES: 3   mean=0.509 LLR=+0.38 (game LLR=+0.26) [CONTINUE]
 818 games  +176 =481 -161   +6 Elo +/- 15   3fold=454 (56%)   4254s   ANOMALIES: 3   mean=0.509 LLR=+0.32 (game LLR=+0.31) [CONTINUE]
*** ANOMALY ***  flag as white (0-1) -- caused by agent@engine
 819 games  +176 =481 -162   +6 Elo +/- 15   3fold=454 (55%)   4259s   ANOMALIES: 4   mean=0.509 LLR=+0.32 (game LLR=+0.26) [CONTINUE]
 820 games  +176 =482 -162   +6 Elo +/- 15   3fold=455 (55%)   4261s   ANOMALIES: 4   mean=0.509 LLR=+0.32 (game LLR=+0.25) [CONTINUE]
 821 games  +176 =483 -162   +6 Elo +/- 15   3fold=456 (56%)   4265s   ANOMALIES: 4   mean=0.509 LLR=+0.32 (game LLR=+0.25) [CONTINUE]
 822 games  +176 =484 -162   +6 Elo +/- 15   3fold=457 (56%)   4280s   ANOMALIES: 4   mean=0.509 LLR=+0.32 (game LLR=+0.25) [CONTINUE]
 823 games  +176 =485 -162   +6 Elo +/- 15   3fold=458 (56%)   4283s   ANOMALIES: 4   mean=0.509 LLR=+0.32 (game LLR=+0.25) [CONTINUE]
 824 games  +176 =486 -162   +6 Elo +/- 15   3fold=459 (56%)   4283s   ANOMALIES: 4   mean=0.508 LLR=+0.32 (game LLR=+0.25) [CONTINUE]
 825 games  +177 =486 -162   +6 Elo +/- 15   3fold=459 (56%)   4286s   ANOMALIES: 4   mean=0.509 LLR=+0.32 (game LLR=+0.31) [CONTINUE]
 826 games  +177 =487 -162   +6 Elo +/- 15   3fold=460 (56%)   4289s   ANOMALIES: 4   mean=0.509 LLR=+0.32 (game LLR=+0.31) [CONTINUE]
 827 games  +177 =487 -163   +6 Elo +/- 15   3fold=460 (56%)   4291s   ANOMALIES: 4   mean=0.508 LLR=+0.32 (game LLR=+0.25) [CONTINUE]
 828 games  +177 =488 -163   +6 Elo +/- 15   3fold=461 (56%)   4306s   ANOMALIES: 4   mean=0.508 LLR=+0.20 (game LLR=+0.25) [CONTINUE]
 829 games  +178 =488 -163   +6 Elo +/- 15   3fold=461 (56%)   4309s   ANOMALIES: 4   mean=0.509 LLR=+0.20 (game LLR=+0.31) [CONTINUE]
 830 games  +179 =488 -163   +7 Elo +/- 15   3fold=461 (56%)   4315s   ANOMALIES: 4   mean=0.510 LLR=+0.25 (game LLR=+0.36) [CONTINUE]
 831 games  +179 =489 -163   +7 Elo +/- 15   3fold=462 (56%)   4316s   ANOMALIES: 4   mean=0.510 LLR=+0.31 (game LLR=+0.36) [CONTINUE]
 832 games  +180 =489 -163   +7 Elo +/- 15   3fold=462 (56%)   4321s   ANOMALIES: 4   mean=0.510 LLR=+0.36 (game LLR=+0.41) [CONTINUE]
 833 games  +180 =490 -163   +7 Elo +/- 15   3fold=463 (56%)   4323s   ANOMALIES: 4   mean=0.510 LLR=+0.36 (game LLR=+0.41) [CONTINUE]
 834 games  +180 =491 -163   +7 Elo +/- 15   3fold=464 (56%)   4337s   ANOMALIES: 4   mean=0.510 LLR=+0.36 (game LLR=+0.41) [CONTINUE]
 835 games  +180 =492 -163   +7 Elo +/- 15   3fold=465 (56%)   4339s   ANOMALIES: 4   mean=0.510 LLR=+0.36 (game LLR=+0.41) [CONTINUE]
 836 games  +180 =493 -163   +7 Elo +/- 15   3fold=466 (56%)   4345s   ANOMALIES: 4   mean=0.510 LLR=+0.36 (game LLR=+0.41) [CONTINUE]
 837 games  +181 =493 -163   +7 Elo +/- 15   3fold=466 (56%)   4349s   ANOMALIES: 4   mean=0.511 LLR=+0.36 (game LLR=+0.47) [CONTINUE]
 838 games  +181 =493 -164   +7 Elo +/- 15   3fold=466 (56%)   4350s   ANOMALIES: 4   mean=0.510 LLR=+0.47 (game LLR=+0.41) [CONTINUE]
 839 games  +181 =493 -165   +7 Elo +/- 15   3fold=466 (56%)   4352s   ANOMALIES: 4   mean=0.510 LLR=+0.47 (game LLR=+0.35) [CONTINUE]
 840 games  +181 =494 -165   +7 Elo +/- 15   3fold=467 (56%)   4367s   ANOMALIES: 4   mean=0.510 LLR=+0.47 (game LLR=+0.35) [CONTINUE]
 841 games  +181 =495 -165   +7 Elo +/- 15   3fold=468 (56%)   4368s   ANOMALIES: 4   mean=0.510 LLR=+0.47 (game LLR=+0.35) [CONTINUE]
 842 games  +181 =496 -165   +7 Elo +/- 15   3fold=469 (56%)   4369s   ANOMALIES: 4   mean=0.510 LLR=+0.47 (game LLR=+0.35) [CONTINUE]
 843 games  +182 =496 -165   +7 Elo +/- 15   3fold=469 (56%)   4379s   ANOMALIES: 4   mean=0.510 LLR=+0.47 (game LLR=+0.41) [CONTINUE]
 844 games  +183 =496 -165   +7 Elo +/- 15   3fold=469 (56%)   4380s   ANOMALIES: 4   mean=0.511 LLR=+0.47 (game LLR=+0.46) [CONTINUE]
 845 games  +183 =497 -165   +7 Elo +/- 15   3fold=470 (56%)   4382s   ANOMALIES: 4   mean=0.511 LLR=+0.47 (game LLR=+0.46) [CONTINUE]
 846 games  +184 =497 -165   +8 Elo +/- 15   3fold=470 (56%)   4393s   ANOMALIES: 4   mean=0.511 LLR=+0.41 (game LLR=+0.52) [CONTINUE]
 847 games  +184 =498 -165   +8 Elo +/- 15   3fold=471 (56%)   4401s   ANOMALIES: 4   mean=0.511 LLR=+0.41 (game LLR=+0.52) [CONTINUE]
 848 games  +184 =499 -165   +8 Elo +/- 15   3fold=472 (56%)   4402s   ANOMALIES: 4   mean=0.511 LLR=+0.41 (game LLR=+0.52) [CONTINUE]
 849 games  +184 =499 -166   +7 Elo +/- 15   3fold=472 (56%)   4403s   ANOMALIES: 4   mean=0.511 LLR=+0.41 (game LLR=+0.46) [CONTINUE]
 850 games  +184 =500 -166   +7 Elo +/- 15   3fold=473 (56%)   4407s   ANOMALIES: 4   mean=0.511 LLR=+0.41 (game LLR=+0.46) [CONTINUE]
 851 games  +184 =500 -167   +7 Elo +/- 15   3fold=473 (56%)   4408s   ANOMALIES: 4   mean=0.510 LLR=+0.41 (game LLR=+0.40) [CONTINUE]
 852 games  +184 =501 -167   +7 Elo +/- 15   3fold=474 (56%)   4422s   ANOMALIES: 4   mean=0.510 LLR=+0.41 (game LLR=+0.40) [CONTINUE]
 853 games  +184 =502 -167   +7 Elo +/- 15   3fold=475 (56%)   4425s   ANOMALIES: 4   mean=0.510 LLR=+0.41 (game LLR=+0.40) [CONTINUE]
 854 games  +185 =502 -167   +7 Elo +/- 15   3fold=475 (56%)   4430s   ANOMALIES: 4   mean=0.511 LLR=+0.47 (game LLR=+0.46) [CONTINUE]
 855 games  +185 =503 -167   +7 Elo +/- 15   3fold=476 (56%)   4431s   ANOMALIES: 4   mean=0.511 LLR=+0.52 (game LLR=+0.46) [CONTINUE]
 856 games  +186 =503 -167   +8 Elo +/- 15   3fold=476 (56%)   4433s   ANOMALIES: 4   mean=0.511 LLR=+0.46 (game LLR=+0.51) [CONTINUE]
 857 games  +186 =503 -168   +7 Elo +/- 15   3fold=476 (56%)   4439s   ANOMALIES: 4   mean=0.511 LLR=+0.52 (game LLR=+0.45) [CONTINUE]
 858 games  +186 =504 -168   +7 Elo +/- 15   3fold=477 (56%)   4447s   ANOMALIES: 4   mean=0.510 LLR=+0.52 (game LLR=+0.45) [CONTINUE]
 859 games  +187 =504 -168   +8 Elo +/- 15   3fold=477 (56%)   4449s   ANOMALIES: 4   mean=0.511 LLR=+0.52 (game LLR=+0.51) [CONTINUE]
 860 games  +187 =505 -168   +8 Elo +/- 15   3fold=478 (56%)   4461s   ANOMALIES: 4   mean=0.511 LLR=+0.52 (game LLR=+0.51) [CONTINUE]
 861 games  +187 =505 -169   +7 Elo +/- 15   3fold=478 (56%)   4465s   ANOMALIES: 4   mean=0.510 LLR=+0.52 (game LLR=+0.45) [CONTINUE]
 862 games  +187 =506 -169   +7 Elo +/- 15   3fold=479 (56%)   4466s   ANOMALIES: 4   mean=0.510 LLR=+0.52 (game LLR=+0.45) [CONTINUE]
 863 games  +187 =506 -170   +7 Elo +/- 15   3fold=479 (56%)   4473s   ANOMALIES: 4   mean=0.510 LLR=+0.52 (game LLR=+0.39) [CONTINUE]
 864 games  +187 =507 -170   +7 Elo +/- 15   3fold=480 (56%)   4476s   ANOMALIES: 4   mean=0.510 LLR=+0.40 (game LLR=+0.39) [CONTINUE]
 865 games  +188 =507 -170   +7 Elo +/- 15   3fold=480 (55%)   4478s   ANOMALIES: 4   mean=0.510 LLR=+0.40 (game LLR=+0.45) [CONTINUE]
 866 games  +188 =508 -170   +7 Elo +/- 15   3fold=481 (56%)   4491s   ANOMALIES: 4   mean=0.510 LLR=+0.51 (game LLR=+0.45) [CONTINUE]
 867 games  +189 =508 -170   +8 Elo +/- 15   3fold=481 (55%)   4495s   ANOMALIES: 4   mean=0.511 LLR=+0.51 (game LLR=+0.50) [CONTINUE]
 868 games  +190 =508 -170   +8 Elo +/- 15   3fold=481 (55%)   4500s   ANOMALIES: 4   mean=0.512 LLR=+0.51 (game LLR=+0.56) [CONTINUE]
 869 games  +191 =508 -170   +8 Elo +/- 15   3fold=481 (55%)   4500s   ANOMALIES: 4   mean=0.512 LLR=+0.51 (game LLR=+0.61) [CONTINUE]
 870 games  +191 =509 -170   +8 Elo +/- 15   3fold=482 (55%)   4507s   ANOMALIES: 4   mean=0.512 LLR=+0.56 (game LLR=+0.61) [CONTINUE]
 871 games  +191 =510 -170   +8 Elo +/- 15   3fold=483 (55%)   4509s   ANOMALIES: 4   mean=0.512 LLR=+0.56 (game LLR=+0.61) [CONTINUE]
 872 games  +192 =510 -170   +9 Elo +/- 15   3fold=483 (55%)   4515s   ANOMALIES: 4   mean=0.513 LLR=+0.56 (game LLR=+0.66) [CONTINUE]
 873 games  +192 =511 -170   +9 Elo +/- 15   3fold=484 (55%)   4522s   ANOMALIES: 4   mean=0.513 LLR=+0.56 (game LLR=+0.66) [CONTINUE]
 874 games  +193 =511 -170   +9 Elo +/- 15   3fold=484 (55%)   4529s   ANOMALIES: 4   mean=0.513 LLR=+0.56 (game LLR=+0.72) [CONTINUE]
 875 games  +194 =511 -170   +10 Elo +/- 15   3fold=484 (55%)   4533s   ANOMALIES: 4   mean=0.514 LLR=+0.56 (game LLR=+0.77) [CONTINUE]
 876 games  +195 =511 -170   +10 Elo +/- 15   3fold=484 (55%)   4536s   ANOMALIES: 4   mean=0.514 LLR=+0.67 (game LLR=+0.83) [CONTINUE]
 877 games  +195 =512 -170   +10 Elo +/- 15   3fold=485 (55%)   4538s   ANOMALIES: 4   mean=0.514 LLR=+0.72 (game LLR=+0.83) [CONTINUE]
 878 games  +195 =512 -171   +9 Elo +/- 15   3fold=485 (55%)   4552s   ANOMALIES: 4   mean=0.514 LLR=+0.72 (game LLR=+0.77) [CONTINUE]
 879 games  +195 =512 -172   +9 Elo +/- 15   3fold=485 (55%)   4554s   ANOMALIES: 4   mean=0.513 LLR=+0.72 (game LLR=+0.71) [CONTINUE]
 880 games  +195 =513 -172   +9 Elo +/- 15   3fold=486 (55%)   4559s   ANOMALIES: 4   mean=0.513 LLR=+0.66 (game LLR=+0.71) [CONTINUE]
 881 games  +195 =514 -172   +9 Elo +/- 15   3fold=487 (55%)   4559s   ANOMALIES: 4   mean=0.513 LLR=+0.66 (game LLR=+0.71) [CONTINUE]
 882 games  +196 =514 -172   +9 Elo +/- 15   3fold=487 (55%)   4565s   ANOMALIES: 4   mean=0.514 LLR=+0.72 (game LLR=+0.77) [CONTINUE]
 883 games  +196 =515 -172   +9 Elo +/- 15   3fold=488 (55%)   4569s   ANOMALIES: 4   mean=0.514 LLR=+0.72 (game LLR=+0.77) [CONTINUE]
 884 games  +196 =515 -173   +9 Elo +/- 15   3fold=488 (55%)   4578s   ANOMALIES: 4   mean=0.513 LLR=+0.72 (game LLR=+0.71) [CONTINUE]
 885 games  +196 =516 -173   +9 Elo +/- 15   3fold=489 (55%)   4585s   ANOMALIES: 4   mean=0.513 LLR=+0.72 (game LLR=+0.71) [CONTINUE]
 886 games  +196 =517 -173   +9 Elo +/- 15   3fold=490 (55%)   4590s   ANOMALIES: 4   mean=0.513 LLR=+0.72 (game LLR=+0.71) [CONTINUE]
 887 games  +196 =518 -173   +9 Elo +/- 15   3fold=490 (55%)   4592s   ANOMALIES: 4   mean=0.513 LLR=+0.72 (game LLR=+0.71) [CONTINUE]
 888 games  +196 =519 -173   +9 Elo +/- 15   3fold=491 (55%)   4595s   ANOMALIES: 4   mean=0.513 LLR=+0.72 (game LLR=+0.71) [CONTINUE]
 889 games  +196 =520 -173   +9 Elo +/- 15   3fold=492 (55%)   4595s   ANOMALIES: 4   mean=0.513 LLR=+0.72 (game LLR=+0.71) [CONTINUE]
 890 games  +196 =521 -173   +9 Elo +/- 15   3fold=493 (55%)   4606s   ANOMALIES: 4   mean=0.513 LLR=+0.77 (game LLR=+0.71) [CONTINUE]
 891 games  +197 =521 -173   +9 Elo +/- 15   3fold=493 (55%)   4619s   ANOMALIES: 4   mean=0.513 LLR=+0.71 (game LLR=+0.76) [CONTINUE]
 892 games  +197 =521 -174   +9 Elo +/- 15   3fold=493 (55%)   4621s   ANOMALIES: 4   mean=0.513 LLR=+0.71 (game LLR=+0.71) [CONTINUE]
 893 games  +198 =521 -174   +9 Elo +/- 15   3fold=493 (55%)   4622s   ANOMALIES: 4   mean=0.513 LLR=+0.66 (game LLR=+0.76) [CONTINUE]
 894 games  +198 =521 -175   +9 Elo +/- 15   3fold=493 (55%)   4624s   ANOMALIES: 4   mean=0.513 LLR=+0.66 (game LLR=+0.70) [CONTINUE]
 895 games  +198 =521 -176   +9 Elo +/- 15   3fold=493 (55%)   4628s   ANOMALIES: 4   mean=0.512 LLR=+0.60 (game LLR=+0.65) [CONTINUE]
 896 games  +198 =521 -177   +8 Elo +/- 15   3fold=493 (55%)   4637s   ANOMALIES: 4   mean=0.512 LLR=+0.60 (game LLR=+0.59) [CONTINUE]
 897 games  +198 =522 -177   +8 Elo +/- 15   3fold=494 (55%)   4644s   ANOMALIES: 4   mean=0.512 LLR=+0.60 (game LLR=+0.59) [CONTINUE]
 898 games  +199 =522 -177   +9 Elo +/- 15   3fold=494 (55%)   4650s   ANOMALIES: 4   mean=0.512 LLR=+0.65 (game LLR=+0.64) [CONTINUE]
 899 games  +199 =523 -177   +9 Elo +/- 15   3fold=495 (55%)   4651s   ANOMALIES: 4   mean=0.512 LLR=+0.76 (game LLR=+0.64) [CONTINUE]
 900 games  +199 =524 -177   +8 Elo +/- 15   3fold=496 (55%)   4653s   ANOMALIES: 4   mean=0.512 LLR=+0.76 (game LLR=+0.64) [CONTINUE]
 901 games  +199 =525 -177   +8 Elo +/- 15   3fold=497 (55%)   4658s   ANOMALIES: 4   mean=0.512 LLR=+0.70 (game LLR=+0.64) [CONTINUE]
 902 games  +199 =526 -177   +8 Elo +/- 15   3fold=498 (55%)   4666s   ANOMALIES: 4   mean=0.512 LLR=+0.70 (game LLR=+0.64) [CONTINUE]
 903 games  +199 =527 -177   +8 Elo +/- 15   3fold=499 (55%)   4671s   ANOMALIES: 4   mean=0.512 LLR=+0.64 (game LLR=+0.64) [CONTINUE]
 904 games  +200 =527 -177   +9 Elo +/- 15   3fold=499 (55%)   4678s   ANOMALIES: 4   mean=0.513 LLR=+0.64 (game LLR=+0.70) [CONTINUE]
 905 games  +200 =527 -178   +8 Elo +/- 15   3fold=499 (55%)   4678s   ANOMALIES: 4   mean=0.512 LLR=+0.64 (game LLR=+0.64) [CONTINUE]
 906 games  +200 =528 -178   +8 Elo +/- 15   3fold=500 (55%)   4680s   ANOMALIES: 4   mean=0.512 LLR=+0.64 (game LLR=+0.64) [CONTINUE]
 907 games  +200 =528 -179   +8 Elo +/- 15   3fold=500 (55%)   4690s   ANOMALIES: 4   mean=0.512 LLR=+0.64 (game LLR=+0.58) [CONTINUE]
 908 games  +200 =528 -180   +8 Elo +/- 15   3fold=500 (55%)   4695s   ANOMALIES: 4   mean=0.511 LLR=+0.59 (game LLR=+0.53) [CONTINUE]
 909 games  +200 =529 -180   +8 Elo +/- 15   3fold=501 (55%)   4700s   ANOMALIES: 4   mean=0.511 LLR=+0.59 (game LLR=+0.53) [CONTINUE]
 910 games  +200 =530 -180   +8 Elo +/- 15   3fold=502 (55%)   4703s   ANOMALIES: 4   mean=0.511 LLR=+0.59 (game LLR=+0.53) [CONTINUE]
 911 games  +200 =531 -180   +8 Elo +/- 15   3fold=503 (55%)   4711s   ANOMALIES: 4   mean=0.511 LLR=+0.59 (game LLR=+0.53) [CONTINUE]
 912 games  +200 =531 -181   +7 Elo +/- 15   3fold=503 (55%)   4711s   ANOMALIES: 4   mean=0.510 LLR=+0.53 (game LLR=+0.47) [CONTINUE]
 913 games  +201 =531 -181   +8 Elo +/- 15   3fold=503 (55%)   4717s   ANOMALIES: 4   mean=0.511 LLR=+0.53 (game LLR=+0.52) [CONTINUE]
 914 games  +201 =531 -182   +7 Elo +/- 15   3fold=503 (55%)   4720s   ANOMALIES: 4   mean=0.510 LLR=+0.53 (game LLR=+0.47) [CONTINUE]
 915 games  +201 =532 -182   +7 Elo +/- 15   3fold=504 (55%)   4732s   ANOMALIES: 4   mean=0.510 LLR=+0.41 (game LLR=+0.47) [CONTINUE]
 916 games  +201 =533 -182   +7 Elo +/- 15   3fold=505 (55%)   4738s   ANOMALIES: 4   mean=0.510 LLR=+0.41 (game LLR=+0.47) [CONTINUE]
 917 games  +202 =533 -182   +8 Elo +/- 15   3fold=505 (55%)   4738s   ANOMALIES: 4   mean=0.511 LLR=+0.41 (game LLR=+0.52) [CONTINUE]
 918 games  +202 =534 -182   +8 Elo +/- 15   3fold=505 (55%)   4744s   ANOMALIES: 4   mean=0.511 LLR=+0.41 (game LLR=+0.52) [CONTINUE]
 919 games  +202 =534 -183   +7 Elo +/- 15   3fold=505 (55%)   4751s   ANOMALIES: 4   mean=0.510 LLR=+0.41 (game LLR=+0.46) [CONTINUE]
 920 games  +202 =534 -184   +7 Elo +/- 15   3fold=505 (55%)   4752s   ANOMALIES: 4   mean=0.510 LLR=+0.41 (game LLR=+0.41) [CONTINUE]
 921 games  +202 =535 -184   +7 Elo +/- 15   3fold=506 (55%)   4760s   ANOMALIES: 4   mean=0.510 LLR=+0.41 (game LLR=+0.41) [CONTINUE]
 922 games  +202 =536 -184   +7 Elo +/- 15   3fold=507 (55%)   4765s   ANOMALIES: 4   mean=0.510 LLR=+0.41 (game LLR=+0.41) [CONTINUE]
 923 games  +202 =537 -184   +7 Elo +/- 15   3fold=508 (55%)   4767s   ANOMALIES: 4   mean=0.510 LLR=+0.41 (game LLR=+0.41) [CONTINUE]
 924 games  +202 =538 -184   +7 Elo +/- 14   3fold=509 (55%)   4773s   ANOMALIES: 4   mean=0.510 LLR=+0.47 (game LLR=+0.41) [CONTINUE]
 925 games  +202 =538 -185   +6 Elo +/- 14   3fold=509 (55%)   4783s   ANOMALIES: 4   mean=0.509 LLR=+0.47 (game LLR=+0.35) [CONTINUE]
 926 games  +203 =538 -185   +7 Elo +/- 14   3fold=509 (55%)   4785s   ANOMALIES: 4   mean=0.510 LLR=+0.35 (game LLR=+0.40) [CONTINUE]
 927 games  +203 =539 -185   +7 Elo +/- 14   3fold=510 (55%)   4791s   ANOMALIES: 4   mean=0.510 LLR=+0.35 (game LLR=+0.40) [CONTINUE]
 928 games  +204 =539 -185   +7 Elo +/- 14   3fold=510 (55%)   4795s   ANOMALIES: 4   mean=0.510 LLR=+0.35 (game LLR=+0.46) [CONTINUE]
 929 games  +204 =540 -185   +7 Elo +/- 14   3fold=511 (55%)   4798s   ANOMALIES: 4   mean=0.510 LLR=+0.35 (game LLR=+0.46) [CONTINUE]
 930 games  +204 =540 -186   +7 Elo +/- 14   3fold=511 (55%)   4801s   ANOMALIES: 4   mean=0.510 LLR=+0.35 (game LLR=+0.40) [CONTINUE]
 931 games  +204 =541 -186   +7 Elo +/- 14   3fold=512 (55%)   4809s   ANOMALIES: 4   mean=0.510 LLR=+0.29 (game LLR=+0.40) [CONTINUE]
 932 games  +204 =542 -186   +7 Elo +/- 14   3fold=513 (55%)   4813s   ANOMALIES: 4   mean=0.510 LLR=+0.29 (game LLR=+0.40) [CONTINUE]
 933 games  +204 =543 -186   +7 Elo +/- 14   3fold=514 (55%)   4821s   ANOMALIES: 4   mean=0.510 LLR=+0.35 (game LLR=+0.40) [CONTINUE]
 934 games  +204 =543 -187   +6 Elo +/- 14   3fold=514 (55%)   4822s   ANOMALIES: 4   mean=0.509 LLR=+0.35 (game LLR=+0.34) [CONTINUE]
 935 games  +205 =543 -187   +7 Elo +/- 14   3fold=514 (55%)   4827s   ANOMALIES: 4   mean=0.510 LLR=+0.29 (game LLR=+0.40) [CONTINUE]
 936 games  +206 =543 -187   +7 Elo +/- 14   3fold=514 (55%)   4827s   ANOMALIES: 4   mean=0.510 LLR=+0.29 (game LLR=+0.45) [CONTINUE]
 937 games  +206 =544 -187   +7 Elo +/- 14   3fold=515 (55%)   4836s   ANOMALIES: 4   mean=0.510 LLR=+0.40 (game LLR=+0.45) [CONTINUE]
 938 games  +206 =545 -187   +7 Elo +/- 14   3fold=516 (55%)   4840s   ANOMALIES: 4   mean=0.510 LLR=+0.40 (game LLR=+0.45) [CONTINUE]
 939 games  +206 =546 -187   +7 Elo +/- 14   3fold=517 (55%)   4847s   ANOMALIES: 4   mean=0.510 LLR=+0.40 (game LLR=+0.45) [CONTINUE]
 940 games  +206 =547 -187   +7 Elo +/- 14   3fold=518 (55%)   4854s   ANOMALIES: 4   mean=0.510 LLR=+0.40 (game LLR=+0.45) [CONTINUE]
 941 games  +207 =547 -187   +7 Elo +/- 14   3fold=518 (55%)   4855s   ANOMALIES: 4   mean=0.511 LLR=+0.40 (game LLR=+0.50) [CONTINUE]
 942 games  +207 =547 -188   +7 Elo +/- 14   3fold=518 (55%)   4859s   ANOMALIES: 4   mean=0.510 LLR=+0.50 (game LLR=+0.45) [CONTINUE]
 943 games  +207 =547 -189   +7 Elo +/- 14   3fold=518 (55%)   4864s   ANOMALIES: 4   mean=0.510 LLR=+0.50 (game LLR=+0.39) [CONTINUE]
 944 games  +208 =547 -189   +7 Elo +/- 14   3fold=518 (55%)   4872s   ANOMALIES: 4   mean=0.510 LLR=+0.50 (game LLR=+0.45) [CONTINUE]
 945 games  +208 =548 -189   +7 Elo +/- 14   3fold=519 (55%)   4877s   ANOMALIES: 4   mean=0.510 LLR=+0.55 (game LLR=+0.45) [CONTINUE]
 946 games  +208 =549 -189   +7 Elo +/- 14   3fold=520 (55%)   4881s   ANOMALIES: 4   mean=0.510 LLR=+0.55 (game LLR=+0.45) [CONTINUE]
 947 games  +208 =550 -189   +7 Elo +/- 14   3fold=521 (55%)   4886s   ANOMALIES: 4   mean=0.510 LLR=+0.55 (game LLR=+0.45) [CONTINUE]
 948 games  +208 =550 -190   +7 Elo +/- 14   3fold=521 (55%)   4887s   ANOMALIES: 4   mean=0.509 LLR=+0.55 (game LLR=+0.39) [CONTINUE]
 949 games  +208 =551 -190   +7 Elo +/- 14   3fold=522 (55%)   4889s   ANOMALIES: 4   mean=0.509 LLR=+0.55 (game LLR=+0.39) [CONTINUE]
 950 games  +208 =551 -191   +6 Elo +/- 14   3fold=522 (55%)   4893s   ANOMALIES: 4   mean=0.509 LLR=+0.50 (game LLR=+0.33) [CONTINUE]
 951 games  +208 =552 -191   +6 Elo +/- 14   3fold=523 (55%)   4902s   ANOMALIES: 4   mean=0.509 LLR=+0.38 (game LLR=+0.33) [CONTINUE]
 952 games  +208 =553 -191   +6 Elo +/- 14   3fold=524 (55%)   4906s   ANOMALIES: 4   mean=0.509 LLR=+0.38 (game LLR=+0.33) [CONTINUE]
 953 games  +209 =553 -191   +7 Elo +/- 14   3fold=524 (55%)   4918s   ANOMALIES: 4   mean=0.509 LLR=+0.38 (game LLR=+0.39) [CONTINUE]
 954 games  +210 =553 -191   +7 Elo +/- 14   3fold=524 (55%)   4920s   ANOMALIES: 4   mean=0.510 LLR=+0.38 (game LLR=+0.44) [CONTINUE]
 955 games  +211 =553 -191   +7 Elo +/- 14   3fold=524 (55%)   4922s   ANOMALIES: 4   mean=0.510 LLR=+0.38 (game LLR=+0.49) [CONTINUE]
 956 games  +211 =554 -191   +7 Elo +/- 14   3fold=525 (55%)   4928s   ANOMALIES: 4   mean=0.510 LLR=+0.38 (game LLR=+0.49) [CONTINUE]
 957 games  +211 =555 -191   +7 Elo +/- 14   3fold=526 (55%)   4930s   ANOMALIES: 4   mean=0.510 LLR=+0.38 (game LLR=+0.49) [CONTINUE]
 958 games  +211 =556 -191   +7 Elo +/- 14   3fold=527 (55%)   4933s   ANOMALIES: 4   mean=0.510 LLR=+0.38 (game LLR=+0.49) [CONTINUE]
 959 games  +211 =557 -191   +7 Elo +/- 14   3fold=528 (55%)   4947s   ANOMALIES: 4   mean=0.510 LLR=+0.38 (game LLR=+0.49) [CONTINUE]
 960 games  +211 =557 -192   +7 Elo +/- 14   3fold=528 (55%)   4947s   ANOMALIES: 4   mean=0.510 LLR=+0.38 (game LLR=+0.44) [CONTINUE]
 961 games  +212 =557 -192   +7 Elo +/- 14   3fold=528 (55%)   4949s   ANOMALIES: 4   mean=0.510 LLR=+0.38 (game LLR=+0.49) [CONTINUE]
 962 games  +212 =558 -192   +7 Elo +/- 14   3fold=529 (55%)   4954s   ANOMALIES: 4   mean=0.510 LLR=+0.49 (game LLR=+0.49) [CONTINUE]
 963 games  +212 =558 -193   +7 Elo +/- 14   3fold=529 (55%)   4960s   ANOMALIES: 4   mean=0.510 LLR=+0.49 (game LLR=+0.43) [CONTINUE]
 964 games  +212 =559 -193   +7 Elo +/- 14   3fold=530 (55%)   4962s   ANOMALIES: 4   mean=0.510 LLR=+0.49 (game LLR=+0.43) [CONTINUE]
 965 games  +212 =560 -193   +7 Elo +/- 14   3fold=531 (55%)   4975s   ANOMALIES: 4   mean=0.510 LLR=+0.49 (game LLR=+0.43) [CONTINUE]
 966 games  +212 =560 -194   +6 Elo +/- 14   3fold=531 (55%)   4976s   ANOMALIES: 4   mean=0.509 LLR=+0.49 (game LLR=+0.38) [CONTINUE]
 967 games  +212 =561 -194   +6 Elo +/- 14   3fold=532 (55%)   4978s   ANOMALIES: 4   mean=0.509 LLR=+0.43 (game LLR=+0.38) [CONTINUE]
 968 games  +213 =561 -194   +7 Elo +/- 14   3fold=532 (55%)   4982s   ANOMALIES: 4   mean=0.510 LLR=+0.43 (game LLR=+0.43) [CONTINUE]
 969 games  +214 =561 -194   +7 Elo +/- 14   3fold=532 (55%)   4991s   ANOMALIES: 4   mean=0.510 LLR=+0.43 (game LLR=+0.48) [CONTINUE]
 970 games  +214 =562 -194   +7 Elo +/- 14   3fold=532 (55%)   5000s   ANOMALIES: 4   mean=0.510 LLR=+0.43 (game LLR=+0.48) [CONTINUE]
 971 games  +215 =562 -194   +8 Elo +/- 14   3fold=532 (55%)   5005s   ANOMALIES: 4   mean=0.511 LLR=+0.43 (game LLR=+0.54) [CONTINUE]
 972 games  +215 =563 -194   +8 Elo +/- 14   3fold=533 (55%)   5005s   ANOMALIES: 4   mean=0.511 LLR=+0.48 (game LLR=+0.54) [CONTINUE]
 973 games  +215 =564 -194   +7 Elo +/- 14   3fold=534 (55%)   5005s   ANOMALIES: 4   mean=0.511 LLR=+0.48 (game LLR=+0.54) [CONTINUE]
 974 games  +216 =564 -194   +8 Elo +/- 14   3fold=534 (55%)   5006s   ANOMALIES: 4   mean=0.511 LLR=+0.54 (game LLR=+0.59) [CONTINUE]
 975 games  +216 =565 -194   +8 Elo +/- 14   3fold=535 (55%)   5023s   ANOMALIES: 4   mean=0.511 LLR=+0.59 (game LLR=+0.59) [CONTINUE]
 976 games  +216 =566 -194   +8 Elo +/- 14   3fold=536 (55%)   5026s   ANOMALIES: 4   mean=0.511 LLR=+0.59 (game LLR=+0.59) [CONTINUE]
 977 games  +216 =567 -194   +8 Elo +/- 14   3fold=537 (55%)   5035s   ANOMALIES: 4   mean=0.511 LLR=+0.59 (game LLR=+0.59) [CONTINUE]
 978 games  +216 =568 -194   +8 Elo +/- 14   3fold=538 (55%)   5036s   ANOMALIES: 4   mean=0.511 LLR=+0.59 (game LLR=+0.59) [CONTINUE]
 979 games  +216 =568 -195   +7 Elo +/- 14   3fold=538 (55%)   5038s   ANOMALIES: 4   mean=0.511 LLR=+0.59 (game LLR=+0.53) [CONTINUE]
 980 games  +216 =569 -195   +7 Elo +/- 14   3fold=539 (55%)   5039s   ANOMALIES: 4   mean=0.511 LLR=+0.59 (game LLR=+0.53) [CONTINUE]
 981 games  +217 =569 -195   +8 Elo +/- 14   3fold=539 (55%)   5051s   ANOMALIES: 4   mean=0.511 LLR=+0.59 (game LLR=+0.59) [CONTINUE]
 982 games  +217 =569 -196   +7 Elo +/- 14   3fold=539 (55%)   5056s   ANOMALIES: 4   mean=0.511 LLR=+0.59 (game LLR=+0.53) [CONTINUE]
 983 games  +218 =569 -196   +8 Elo +/- 14   3fold=539 (55%)   5062s   ANOMALIES: 4   mean=0.511 LLR=+0.53 (game LLR=+0.58) [CONTINUE]
 984 games  +218 =570 -196   +8 Elo +/- 14   3fold=540 (55%)   5066s   ANOMALIES: 4   mean=0.511 LLR=+0.53 (game LLR=+0.58) [CONTINUE]
 985 games  +218 =571 -196   +8 Elo +/- 14   3fold=541 (55%)   5067s   ANOMALIES: 4   mean=0.511 LLR=+0.48 (game LLR=+0.58) [CONTINUE]
 986 games  +218 =572 -196   +8 Elo +/- 14   3fold=542 (55%)   5069s   ANOMALIES: 4   mean=0.511 LLR=+0.48 (game LLR=+0.58) [CONTINUE]
 987 games  +218 =573 -196   +8 Elo +/- 14   3fold=543 (55%)   5082s   ANOMALIES: 4   mean=0.511 LLR=+0.48 (game LLR=+0.58) [CONTINUE]
 988 games  +218 =573 -197   +7 Elo +/- 14   3fold=543 (55%)   5085s   ANOMALIES: 4   mean=0.511 LLR=+0.53 (game LLR=+0.53) [CONTINUE]
 989 games  +218 =574 -197   +7 Elo +/- 14   3fold=544 (55%)   5090s   ANOMALIES: 4   mean=0.511 LLR=+0.53 (game LLR=+0.53) [CONTINUE]
 990 games  +218 =575 -197   +7 Elo +/- 14   3fold=545 (55%)   5098s   ANOMALIES: 4   mean=0.511 LLR=+0.58 (game LLR=+0.53) [CONTINUE]
 991 games  +218 =576 -197   +7 Elo +/- 14   3fold=546 (55%)   5098s   ANOMALIES: 4   mean=0.511 LLR=+0.58 (game LLR=+0.53) [CONTINUE]
 992 games  +219 =576 -197   +8 Elo +/- 14   3fold=546 (55%)   5103s   ANOMALIES: 4   mean=0.511 LLR=+0.58 (game LLR=+0.58) [CONTINUE]
 993 games  +219 =577 -197   +8 Elo +/- 14   3fold=547 (55%)   5114s   ANOMALIES: 4   mean=0.511 LLR=+0.58 (game LLR=+0.58) [CONTINUE]
 994 games  +219 =578 -197   +8 Elo +/- 14   3fold=548 (55%)   5115s   ANOMALIES: 4   mean=0.511 LLR=+0.53 (game LLR=+0.58) [CONTINUE]
 995 games  +219 =578 -198   +7 Elo +/- 14   3fold=548 (55%)   5124s   ANOMALIES: 4   mean=0.511 LLR=+0.53 (game LLR=+0.52) [CONTINUE]
 996 games  +219 =578 -199   +7 Elo +/- 14   3fold=548 (55%)   5128s   ANOMALIES: 4   mean=0.510 LLR=+0.53 (game LLR=+0.47) [CONTINUE]
 997 games  +219 =579 -199   +7 Elo +/- 14   3fold=549 (55%)   5131s   ANOMALIES: 4   mean=0.510 LLR=+0.47 (game LLR=+0.47) [CONTINUE]
 998 games  +220 =579 -199   +7 Elo +/- 14   3fold=549 (55%)   5132s   ANOMALIES: 4   mean=0.511 LLR=+0.47 (game LLR=+0.52) [CONTINUE]
 999 games  +220 =580 -199   +7 Elo +/- 14   3fold=550 (55%)   5145s   ANOMALIES: 4   mean=0.511 LLR=+0.57 (game LLR=+0.52) [CONTINUE]
1000 games  +220 =581 -199   +7 Elo +/- 14   3fold=551 (55%)   5145s   ANOMALIES: 4   mean=0.510 LLR=+0.57 (game LLR=+0.52) [CONTINUE]
1001 games  +220 =582 -199   +7 Elo +/- 14   3fold=552 (55%)   5150s   ANOMALIES: 4   mean=0.510 LLR=+0.57 (game LLR=+0.52) [CONTINUE]
1002 games  +220 =583 -199   +7 Elo +/- 14   3fold=553 (55%)   5156s   ANOMALIES: 4   mean=0.510 LLR=+0.52 (game LLR=+0.52) [CONTINUE]
1003 games  +220 =584 -199   +7 Elo +/- 14   3fold=554 (55%)   5161s   ANOMALIES: 4   mean=0.510 LLR=+0.52 (game LLR=+0.52) [CONTINUE]
1004 games  +220 =585 -199   +7 Elo +/- 14   3fold=555 (55%)   5167s   ANOMALIES: 4   mean=0.510 LLR=+0.52 (game LLR=+0.52) [CONTINUE]
1005 games  +221 =585 -199   +8 Elo +/- 14   3fold=555 (55%)   5170s   ANOMALIES: 4   mean=0.511 LLR=+0.52 (game LLR=+0.58) [CONTINUE]
1006 games  +221 =586 -199   +8 Elo +/- 14   3fold=556 (55%)   5177s   ANOMALIES: 4   mean=0.511 LLR=+0.52 (game LLR=+0.58) [CONTINUE]
1007 games  +221 =587 -199   +8 Elo +/- 14   3fold=557 (55%)   5179s   ANOMALIES: 4   mean=0.511 LLR=+0.52 (game LLR=+0.58) [CONTINUE]
1008 games  +221 =587 -200   +7 Elo +/- 14   3fold=557 (55%)   5182s   ANOMALIES: 4   mean=0.510 LLR=+0.52 (game LLR=+0.52) [CONTINUE]
1009 games  +221 =588 -200   +7 Elo +/- 14   3fold=558 (55%)   5186s   ANOMALIES: 4   mean=0.510 LLR=+0.46 (game LLR=+0.52) [CONTINUE]
1010 games  +222 =588 -200   +8 Elo +/- 14   3fold=558 (55%)   5196s   ANOMALIES: 4   mean=0.511 LLR=+0.46 (game LLR=+0.57) [CONTINUE]
1011 games  +222 =589 -200   +8 Elo +/- 14   3fold=559 (55%)   5208s   ANOMALIES: 4   mean=0.511 LLR=+0.51 (game LLR=+0.57) [CONTINUE]
1012 games  +222 =590 -200   +8 Elo +/- 14   3fold=560 (55%)   5208s   ANOMALIES: 4   mean=0.511 LLR=+0.51 (game LLR=+0.57) [CONTINUE]
1013 games  +222 =591 -200   +8 Elo +/- 14   3fold=561 (55%)   5212s   ANOMALIES: 4   mean=0.511 LLR=+0.51 (game LLR=+0.57) [CONTINUE]
1014 games  +222 =592 -200   +8 Elo +/- 14   3fold=562 (55%)   5213s   ANOMALIES: 4   mean=0.511 LLR=+0.51 (game LLR=+0.57) [CONTINUE]
1015 games  +222 =593 -200   +8 Elo +/- 14   3fold=563 (55%)   5215s   ANOMALIES: 4   mean=0.511 LLR=+0.57 (game LLR=+0.57) [CONTINUE]
1016 games  +222 =594 -200   +8 Elo +/- 14   3fold=564 (56%)   5225s   ANOMALIES: 4   mean=0.511 LLR=+0.57 (game LLR=+0.57) [CONTINUE]
1017 games  +222 =595 -200   +8 Elo +/- 14   3fold=565 (56%)   5234s   ANOMALIES: 4   mean=0.511 LLR=+0.57 (game LLR=+0.57) [CONTINUE]
1018 games  +222 =596 -200   +8 Elo +/- 14   3fold=566 (56%)   5236s   ANOMALIES: 4   mean=0.511 LLR=+0.57 (game LLR=+0.57) [CONTINUE]
1019 games  +222 =597 -200   +8 Elo +/- 14   3fold=567 (56%)   5238s   ANOMALIES: 4   mean=0.511 LLR=+0.57 (game LLR=+0.57) [CONTINUE]
1020 games  +222 =597 -201   +7 Elo +/- 14   3fold=567 (56%)   5239s   ANOMALIES: 4   mean=0.510 LLR=+0.57 (game LLR=+0.51) [CONTINUE]
1021 games  +223 =597 -201   +7 Elo +/- 14   3fold=567 (56%)   5252s   ANOMALIES: 4   mean=0.511 LLR=+0.51 (game LLR=+0.57) [CONTINUE]
1022 games  +224 =597 -201   +8 Elo +/- 14   3fold=567 (55%)   5258s   ANOMALIES: 4   mean=0.511 LLR=+0.56 (game LLR=+0.62) [CONTINUE]
1023 games  +224 =598 -201   +8 Elo +/- 14   3fold=567 (55%)   5258s   ANOMALIES: 4   mean=0.511 LLR=+0.56 (game LLR=+0.62) [CONTINUE]
1024 games  +224 =599 -201   +8 Elo +/- 14   3fold=568 (55%)   5262s   ANOMALIES: 4   mean=0.511 LLR=+0.56 (game LLR=+0.62) [CONTINUE]
1025 games  +224 =600 -201   +8 Elo +/- 14   3fold=569 (56%)   5269s   ANOMALIES: 4   mean=0.511 LLR=+0.56 (game LLR=+0.62) [CONTINUE]
1026 games  +225 =600 -201   +8 Elo +/- 14   3fold=569 (55%)   5272s   ANOMALIES: 4   mean=0.512 LLR=+0.56 (game LLR=+0.68) [CONTINUE]
1027 games  +225 =601 -201   +8 Elo +/- 14   3fold=570 (56%)   5278s   ANOMALIES: 4   mean=0.512 LLR=+0.62 (game LLR=+0.68) [CONTINUE]
1028 games  +225 =602 -201   +8 Elo +/- 14   3fold=571 (56%)   5285s   ANOMALIES: 4   mean=0.512 LLR=+0.67 (game LLR=+0.68) [CONTINUE]
1029 games  +225 =602 -202   +8 Elo +/- 14   3fold=571 (55%)   5292s   ANOMALIES: 4   mean=0.511 LLR=+0.67 (game LLR=+0.62) [CONTINUE]
1030 games  +225 =603 -202   +8 Elo +/- 14   3fold=571 (55%)   5299s   ANOMALIES: 4   mean=0.511 LLR=+0.61 (game LLR=+0.62) [CONTINUE]
1031 games  +225 =603 -203   +7 Elo +/- 14   3fold=571 (55%)   5300s   ANOMALIES: 4   mean=0.511 LLR=+0.61 (game LLR=+0.56) [CONTINUE]
1032 games  +225 =604 -203   +7 Elo +/- 14   3fold=572 (55%)   5305s   ANOMALIES: 4   mean=0.511 LLR=+0.61 (game LLR=+0.56) [CONTINUE]
1033 games  +225 =604 -204   +7 Elo +/- 14   3fold=572 (55%)   5306s   ANOMALIES: 4   mean=0.510 LLR=+0.61 (game LLR=+0.51) [CONTINUE]
1034 games  +225 =605 -204   +7 Elo +/- 14   3fold=573 (55%)   5321s   ANOMALIES: 4   mean=0.510 LLR=+0.61 (game LLR=+0.51) [CONTINUE]
1035 games  +226 =605 -204   +7 Elo +/- 14   3fold=573 (55%)   5323s   ANOMALIES: 4   mean=0.511 LLR=+0.61 (game LLR=+0.56) [CONTINUE]
1036 games  +227 =605 -204   +8 Elo +/- 14   3fold=573 (55%)   5328s   ANOMALIES: 4   mean=0.511 LLR=+0.61 (game LLR=+0.61) [CONTINUE]
1037 games  +227 =606 -204   +8 Elo +/- 14   3fold=574 (55%)   5331s   ANOMALIES: 4   mean=0.511 LLR=+0.67 (game LLR=+0.61) [CONTINUE]
1038 games  +227 =607 -204   +8 Elo +/- 14   3fold=575 (55%)   5338s   ANOMALIES: 4   mean=0.511 LLR=+0.61 (game LLR=+0.61) [CONTINUE]
1039 games  +227 =607 -205   +7 Elo +/- 14   3fold=575 (55%)   5338s   ANOMALIES: 4   mean=0.511 LLR=+0.61 (game LLR=+0.56) [CONTINUE]
1040 games  +227 =607 -206   +7 Elo +/- 14   3fold=575 (55%)   5350s   ANOMALIES: 4   mean=0.510 LLR=+0.50 (game LLR=+0.50) [CONTINUE]
1041 games  +227 =608 -206   +7 Elo +/- 14   3fold=576 (55%)   5352s   ANOMALIES: 4   mean=0.510 LLR=+0.50 (game LLR=+0.50) [CONTINUE]
1042 games  +227 =609 -206   +7 Elo +/- 14   3fold=577 (55%)   5352s   ANOMALIES: 4   mean=0.510 LLR=+0.55 (game LLR=+0.50) [CONTINUE]
1043 games  +227 =609 -207   +7 Elo +/- 14   3fold=577 (55%)   5361s   ANOMALIES: 4   mean=0.510 LLR=+0.55 (game LLR=+0.44) [CONTINUE]
1044 games  +228 =609 -207   +7 Elo +/- 14   3fold=577 (55%)   5367s   ANOMALIES: 4   mean=0.510 LLR=+0.55 (game LLR=+0.50) [CONTINUE]
1045 games  +228 =610 -207   +7 Elo +/- 14   3fold=578 (55%)   5370s   ANOMALIES: 4   mean=0.510 LLR=+0.55 (game LLR=+0.50) [CONTINUE]
1046 games  +228 =611 -207   +7 Elo +/- 14   3fold=579 (55%)   5375s   ANOMALIES: 4   mean=0.510 LLR=+0.55 (game LLR=+0.50) [CONTINUE]
1047 games  +228 =612 -207   +7 Elo +/- 14   3fold=580 (55%)   5380s   ANOMALIES: 4   mean=0.510 LLR=+0.55 (game LLR=+0.50) [CONTINUE]
1048 games  +228 =613 -207   +7 Elo +/- 14   3fold=581 (55%)   5386s   ANOMALIES: 4   mean=0.510 LLR=+0.55 (game LLR=+0.50) [CONTINUE]
1049 games  +229 =613 -207   +7 Elo +/- 14   3fold=581 (55%)   5395s   ANOMALIES: 4   mean=0.510 LLR=+0.49 (game LLR=+0.55) [CONTINUE]
1050 games  +229 =614 -207   +7 Elo +/- 14   3fold=582 (55%)   5396s   ANOMALIES: 4   mean=0.510 LLR=+0.49 (game LLR=+0.55) [CONTINUE]
1051 games  +229 =614 -208   +7 Elo +/- 14   3fold=582 (55%)   5406s   ANOMALIES: 4   mean=0.510 LLR=+0.55 (game LLR=+0.49) [CONTINUE]
1052 games  +229 =615 -208   +7 Elo +/- 14   3fold=583 (55%)   5407s   ANOMALIES: 4   mean=0.510 LLR=+0.55 (game LLR=+0.49) [CONTINUE]
1053 games  +229 =616 -208   +7 Elo +/- 14   3fold=584 (55%)   5414s   ANOMALIES: 4   mean=0.510 LLR=+0.55 (game LLR=+0.49) [CONTINUE]
1054 games  +229 =617 -208   +7 Elo +/- 14   3fold=585 (56%)   5421s   ANOMALIES: 4   mean=0.510 LLR=+0.55 (game LLR=+0.49) [CONTINUE]
1055 games  +229 =617 -209   +7 Elo +/- 14   3fold=585 (55%)   5423s   ANOMALIES: 4   mean=0.509 LLR=+0.55 (game LLR=+0.44) [CONTINUE]
1056 games  +229 =617 -210   +6 Elo +/- 14   3fold=585 (55%)   5423s   ANOMALIES: 4   mean=0.509 LLR=+0.55 (game LLR=+0.38) [CONTINUE]
1057 games  +229 =618 -210   +6 Elo +/- 14   3fold=586 (55%)   5434s   ANOMALIES: 4   mean=0.509 LLR=+0.55 (game LLR=+0.38) [CONTINUE]
1058 games  +229 =619 -210   +6 Elo +/- 13   3fold=587 (55%)   5436s   ANOMALIES: 4   mean=0.509 LLR=+0.49 (game LLR=+0.38) [CONTINUE]
1059 games  +229 =620 -210   +6 Elo +/- 13   3fold=588 (56%)   5450s   ANOMALIES: 4   mean=0.509 LLR=+0.49 (game LLR=+0.38) [CONTINUE]
1060 games  +229 =621 -210   +6 Elo +/- 13   3fold=589 (56%)   5450s   ANOMALIES: 4   mean=0.509 LLR=+0.43 (game LLR=+0.38) [CONTINUE]
1061 games  +229 =622 -210   +6 Elo +/- 13   3fold=590 (56%)   5452s   ANOMALIES: 4   mean=0.509 LLR=+0.38 (game LLR=+0.38) [CONTINUE]
1062 games  +229 =623 -210   +6 Elo +/- 13   3fold=591 (56%)   5452s   ANOMALIES: 4   mean=0.509 LLR=+0.38 (game LLR=+0.38) [CONTINUE]
1063 games  +229 =624 -210   +6 Elo +/- 13   3fold=592 (56%)   5464s   ANOMALIES: 4   mean=0.509 LLR=+0.38 (game LLR=+0.38) [CONTINUE]
1064 games  +230 =624 -210   +7 Elo +/- 13   3fold=592 (56%)   5468s   ANOMALIES: 4   mean=0.509 LLR=+0.38 (game LLR=+0.43) [CONTINUE]
1065 games  +230 =625 -210   +7 Elo +/- 13   3fold=593 (56%)   5481s   ANOMALIES: 4   mean=0.509 LLR=+0.43 (game LLR=+0.43) [CONTINUE]
1066 games  +230 =626 -210   +7 Elo +/- 13   3fold=594 (56%)   5481s   ANOMALIES: 4   mean=0.509 LLR=+0.43 (game LLR=+0.43) [CONTINUE]
1067 games  +231 =626 -210   +7 Elo +/- 13   3fold=594 (56%)   5485s   ANOMALIES: 4   mean=0.510 LLR=+0.43 (game LLR=+0.49) [CONTINUE]
1068 games  +232 =626 -210   +7 Elo +/- 13   3fold=594 (56%)   5488s   ANOMALIES: 4   mean=0.510 LLR=+0.43 (game LLR=+0.54) [CONTINUE]
1069 games  +232 =626 -211   +7 Elo +/- 13   3fold=594 (56%)   5494s   ANOMALIES: 4   mean=0.510 LLR=+0.43 (game LLR=+0.48) [CONTINUE]
1070 games  +232 =627 -211   +7 Elo +/- 13   3fold=595 (56%)   5494s   ANOMALIES: 4   mean=0.510 LLR=+0.37 (game LLR=+0.48) [CONTINUE]
1071 games  +232 =628 -211   +7 Elo +/- 13   3fold=596 (56%)   5510s   ANOMALIES: 4   mean=0.510 LLR=+0.37 (game LLR=+0.48) [CONTINUE]
1072 games  +232 =628 -212   +6 Elo +/- 13   3fold=596 (56%)   5510s   ANOMALIES: 4   mean=0.509 LLR=+0.37 (game LLR=+0.43) [CONTINUE]
1073 games  +232 =629 -212   +6 Elo +/- 13   3fold=597 (56%)   5516s   ANOMALIES: 4   mean=0.509 LLR=+0.37 (game LLR=+0.43) [CONTINUE]
1074 games  +232 =630 -212   +6 Elo +/- 13   3fold=598 (56%)   5518s   ANOMALIES: 4   mean=0.509 LLR=+0.43 (game LLR=+0.43) [CONTINUE]
1075 games  +232 =630 -213   +6 Elo +/- 13   3fold=598 (56%)   5523s   ANOMALIES: 4   mean=0.509 LLR=+0.48 (game LLR=+0.37) [CONTINUE]
1076 games  +232 =631 -213   +6 Elo +/- 13   3fold=599 (56%)   5524s   ANOMALIES: 4   mean=0.509 LLR=+0.42 (game LLR=+0.37) [CONTINUE]
1077 games  +233 =631 -213   +6 Elo +/- 13   3fold=599 (56%)   5540s   ANOMALIES: 4   mean=0.509 LLR=+0.42 (game LLR=+0.42) [CONTINUE]
1078 games  +233 =631 -214   +6 Elo +/- 13   3fold=599 (56%)   5540s   ANOMALIES: 4   mean=0.509 LLR=+0.42 (game LLR=+0.37) [CONTINUE]
1079 games  +233 =632 -214   +6 Elo +/- 13   3fold=600 (56%)   5546s   ANOMALIES: 4   mean=0.509 LLR=+0.31 (game LLR=+0.37) [CONTINUE]
1080 games  +233 =632 -215   +6 Elo +/- 13   3fold=600 (56%)   5553s   ANOMALIES: 4   mean=0.508 LLR=+0.31 (game LLR=+0.31) [CONTINUE]
1081 games  +233 =633 -215   +6 Elo +/- 13   3fold=601 (56%)   5553s   ANOMALIES: 4   mean=0.508 LLR=+0.31 (game LLR=+0.31) [CONTINUE]
1082 games  +233 =634 -215   +6 Elo +/- 13   3fold=602 (56%)   5556s   ANOMALIES: 4   mean=0.508 LLR=+0.31 (game LLR=+0.31) [CONTINUE]
1083 games  +233 =635 -215   +6 Elo +/- 13   3fold=603 (56%)   5564s   ANOMALIES: 4   mean=0.508 LLR=+0.31 (game LLR=+0.31) [CONTINUE]
1084 games  +233 =635 -216   +5 Elo +/- 13   3fold=603 (56%)   5571s   ANOMALIES: 4   mean=0.508 LLR=+0.36 (game LLR=+0.25) [CONTINUE]
1085 games  +233 =635 -217   +5 Elo +/- 13   3fold=603 (56%)   5579s   ANOMALIES: 4   mean=0.507 LLR=+0.36 (game LLR=+0.19) [CONTINUE]
1086 games  +233 =635 -218   +5 Elo +/- 13   3fold=603 (56%)   5581s   ANOMALIES: 4   mean=0.507 LLR=+0.30 (game LLR=+0.14) [CONTINUE]
1087 games  +233 =635 -219   +4 Elo +/- 13   3fold=603 (55%)   5581s   ANOMALIES: 4   mean=0.506 LLR=+0.19 (game LLR=+0.08) [CONTINUE]
1088 games  +233 =636 -219   +4 Elo +/- 13   3fold=604 (56%)   5583s   ANOMALIES: 4   mean=0.506 LLR=+0.14 (game LLR=+0.08) [CONTINUE]
1089 games  +233 =637 -219   +4 Elo +/- 13   3fold=605 (56%)   5593s   ANOMALIES: 4   mean=0.506 LLR=+0.14 (game LLR=+0.08) [CONTINUE]
1090 games  +234 =637 -219   +5 Elo +/- 13   3fold=605 (56%)   5606s   ANOMALIES: 4   mean=0.507 LLR=+0.14 (game LLR=+0.14) [CONTINUE]
1091 games  +234 =638 -219   +5 Elo +/- 13   3fold=606 (56%)   5607s   ANOMALIES: 4   mean=0.507 LLR=+0.14 (game LLR=+0.14) [CONTINUE]
1092 games  +234 =639 -219   +5 Elo +/- 13   3fold=607 (56%)   5610s   ANOMALIES: 4   mean=0.507 LLR=+0.14 (game LLR=+0.13) [CONTINUE]
1093 games  +234 =639 -220   +4 Elo +/- 13   3fold=607 (56%)   5611s   ANOMALIES: 4   mean=0.506 LLR=+0.14 (game LLR=+0.08) [CONTINUE]
1094 games  +234 =640 -220   +4 Elo +/- 13   3fold=608 (56%)   5613s   ANOMALIES: 4   mean=0.506 LLR=+0.14 (game LLR=+0.08) [CONTINUE]
1095 games  +235 =640 -220   +5 Elo +/- 13   3fold=608 (56%)   5622s   ANOMALIES: 4   mean=0.507 LLR=+0.13 (game LLR=+0.13) [CONTINUE]
1096 games  +235 =641 -220   +5 Elo +/- 13   3fold=609 (56%)   5634s   ANOMALIES: 4   mean=0.507 LLR=+0.19 (game LLR=+0.13) [CONTINUE]
1097 games  +236 =641 -220   +5 Elo +/- 13   3fold=609 (56%)   5640s   ANOMALIES: 4   mean=0.507 LLR=+0.19 (game LLR=+0.19) [CONTINUE]
1098 games  +236 =642 -220   +5 Elo +/- 13   3fold=610 (56%)   5641s   ANOMALIES: 4   mean=0.507 LLR=+0.24 (game LLR=+0.19) [CONTINUE]
1099 games  +236 =642 -221   +5 Elo +/- 13   3fold=610 (56%)   5645s   ANOMALIES: 4   mean=0.507 LLR=+0.19 (game LLR=+0.13) [CONTINUE]
1100 games  +236 =643 -221   +5 Elo +/- 13   3fold=611 (56%)   5648s   ANOMALIES: 4   mean=0.507 LLR=+0.19 (game LLR=+0.13) [CONTINUE]
1101 games  +236 =644 -221   +5 Elo +/- 13   3fold=611 (55%)   5649s   ANOMALIES: 4   mean=0.507 LLR=+0.19 (game LLR=+0.13) [CONTINUE]
1102 games  +236 =645 -221   +5 Elo +/- 13   3fold=612 (56%)   5666s   ANOMALIES: 4   mean=0.507 LLR=+0.18 (game LLR=+0.13) [CONTINUE]
1103 games  +236 =646 -221   +5 Elo +/- 13   3fold=613 (56%)   5666s   ANOMALIES: 4   mean=0.507 LLR=+0.18 (game LLR=+0.13) [CONTINUE]
1104 games  +236 =647 -221   +5 Elo +/- 13   3fold=614 (56%)   5667s   ANOMALIES: 4   mean=0.507 LLR=+0.18 (game LLR=+0.13) [CONTINUE]
1105 games  +236 =648 -221   +5 Elo +/- 13   3fold=615 (56%)   5668s   ANOMALIES: 4   mean=0.507 LLR=+0.18 (game LLR=+0.13) [CONTINUE]
1106 games  +236 =649 -221   +5 Elo +/- 13   3fold=616 (56%)   5680s   ANOMALIES: 4   mean=0.507 LLR=+0.13 (game LLR=+0.13) [CONTINUE]
1107 games  +236 =649 -222   +4 Elo +/- 13   3fold=616 (56%)   5681s   ANOMALIES: 4   mean=0.506 LLR=+0.13 (game LLR=+0.07) [CONTINUE]
1108 games  +236 =650 -222   +4 Elo +/- 13   3fold=617 (56%)   5696s   ANOMALIES: 4   mean=0.506 LLR=+0.07 (game LLR=+0.07) [CONTINUE]
1109 games  +236 =651 -222   +4 Elo +/- 13   3fold=618 (56%)   5696s   ANOMALIES: 4   mean=0.506 LLR=+0.07 (game LLR=+0.07) [CONTINUE]
1110 games  +236 =652 -222   +4 Elo +/- 13   3fold=619 (56%)   5696s   ANOMALIES: 4   mean=0.506 LLR=+0.07 (game LLR=+0.07) [CONTINUE]
1111 games  +236 =653 -222   +4 Elo +/- 13   3fold=619 (56%)   5704s   ANOMALIES: 4   mean=0.506 LLR=+0.07 (game LLR=+0.07) [CONTINUE]
1112 games  +236 =654 -222   +4 Elo +/- 13   3fold=620 (56%)   5709s   ANOMALIES: 4   mean=0.506 LLR=+0.07 (game LLR=+0.07) [CONTINUE]
1113 games  +236 =655 -222   +4 Elo +/- 13   3fold=621 (56%)   5712s   ANOMALIES: 4   mean=0.506 LLR=+0.07 (game LLR=+0.07) [CONTINUE]
1114 games  +236 =656 -222   +4 Elo +/- 13   3fold=622 (56%)   5724s   ANOMALIES: 4   mean=0.506 LLR=+0.07 (game LLR=+0.07) [CONTINUE]
1115 games  +236 =657 -222   +4 Elo +/- 13   3fold=623 (56%)   5724s   ANOMALIES: 4   mean=0.506 LLR=+0.07 (game LLR=+0.07) [CONTINUE]
1116 games  +236 =658 -222   +4 Elo +/- 13   3fold=624 (56%)   5725s   ANOMALIES: 4   mean=0.506 LLR=+0.07 (game LLR=+0.06) [CONTINUE]
1117 games  +237 =658 -222   +5 Elo +/- 13   3fold=624 (56%)   5728s   ANOMALIES: 4   mean=0.507 LLR=+0.07 (game LLR=+0.12) [CONTINUE]
1118 games  +237 =659 -222   +5 Elo +/- 13   3fold=625 (56%)   5739s   ANOMALIES: 4   mean=0.507 LLR=+0.12 (game LLR=+0.12) [CONTINUE]
1119 games  +238 =659 -222   +5 Elo +/- 13   3fold=625 (56%)   5744s   ANOMALIES: 4   mean=0.507 LLR=+0.12 (game LLR=+0.17) [CONTINUE]
1120 games  +238 =660 -222   +5 Elo +/- 13   3fold=626 (56%)   5753s   ANOMALIES: 4   mean=0.507 LLR=+0.12 (game LLR=+0.17) [CONTINUE]
1121 games  +238 =660 -223   +5 Elo +/- 13   3fold=626 (56%)   5755s   ANOMALIES: 4   mean=0.507 LLR=+0.12 (game LLR=+0.12) [CONTINUE]
1122 games  +238 =661 -223   +5 Elo +/- 13   3fold=627 (56%)   5756s   ANOMALIES: 4   mean=0.507 LLR=+0.06 (game LLR=+0.12) [CONTINUE]
1123 games  +238 =662 -223   +5 Elo +/- 13   3fold=628 (56%)   5762s   ANOMALIES: 4   mean=0.507 LLR=+0.06 (game LLR=+0.12) [CONTINUE]
1124 games  +238 =663 -223   +5 Elo +/- 13   3fold=629 (56%)   5772s   ANOMALIES: 4   mean=0.507 LLR=+0.06 (game LLR=+0.12) [CONTINUE]
1125 games  +238 =664 -223   +5 Elo +/- 13   3fold=630 (56%)   5775s   ANOMALIES: 4   mean=0.507 LLR=+0.06 (game LLR=+0.12) [CONTINUE]
1126 games  +239 =664 -223   +5 Elo +/- 13   3fold=630 (56%)   5776s   ANOMALIES: 4   mean=0.507 LLR=+0.06 (game LLR=+0.17) [CONTINUE]
1127 games  +239 =664 -224   +5 Elo +/- 13   3fold=630 (56%)   5785s   ANOMALIES: 4   mean=0.507 LLR=+0.17 (game LLR=+0.11) [CONTINUE]
1128 games  +239 =665 -224   +5 Elo +/- 13   3fold=631 (56%)   5787s   ANOMALIES: 4   mean=0.507 LLR=+0.17 (game LLR=+0.11) [CONTINUE]
1129 games  +239 =666 -224   +5 Elo +/- 13   3fold=632 (56%)   5787s   ANOMALIES: 4   mean=0.507 LLR=+0.17 (game LLR=+0.11) [CONTINUE]
1130 games  +239 =666 -225   +4 Elo +/- 13   3fold=632 (56%)   5796s   ANOMALIES: 4   mean=0.506 LLR=+0.17 (game LLR=+0.06) [CONTINUE]
1131 games  +239 =667 -225   +4 Elo +/- 13   3fold=633 (56%)   5804s   ANOMALIES: 4   mean=0.506 LLR=+0.11 (game LLR=+0.06) [CONTINUE]
1132 games  +239 =667 -226   +4 Elo +/- 13   3fold=633 (56%)   5809s   ANOMALIES: 4   mean=0.506 LLR=+0.11 (game LLR=-0.00) [CONTINUE]
1133 games  +239 =667 -227   +4 Elo +/- 13   3fold=633 (56%)   5814s   ANOMALIES: 4   mean=0.505 LLR=+0.11 (game LLR=-0.06) [CONTINUE]
1134 games  +239 =668 -227   +4 Elo +/- 13   3fold=634 (56%)   5815s   ANOMALIES: 4   mean=0.505 LLR=+0.11 (game LLR=-0.06) [CONTINUE]
1135 games  +239 =669 -227   +4 Elo +/- 13   3fold=635 (56%)   5815s   ANOMALIES: 4   mean=0.505 LLR=+0.11 (game LLR=-0.06) [CONTINUE]
*** ANOMALY ***  crash:agent died as black (1-0) -- caused by agent@engine
1136 games  +239 =669 -228   +3 Elo +/- 13   3fold=635 (56%)   5819s   ANOMALIES: 5   mean=0.505 LLR=+0.05 (game LLR=-0.12) [CONTINUE]
*** ANOMALY ***  crash:agent died as white (0-1) -- caused by agent@engine
1137 games  +239 =669 -229   +3 Elo +/- 13   3fold=635 (56%)   5819s   ANOMALIES: 6   mean=0.504 LLR=-0.06 (game LLR=-0.17) [CONTINUE]
*** ANOMALY ***  crash:[Errno 22] Invalid argument as black (1-0) -- caused by agent@engine
1138 games  +239 =669 -230   +3 Elo +/- 13   3fold=635 (56%)   5819s   ANOMALIES: 7   mean=0.504 LLR=-0.06 (game LLR=-0.23) [CONTINUE]
*** ANOMALY ***  crash:agent died as black (1-0) -- caused by agent@engine
1139 games  +239 =669 -231   +2 Elo +/- 13   3fold=635 (56%)   5819s   ANOMALIES: 8   mean=0.504 LLR=-0.17 (game LLR=-0.29) [CONTINUE]
*** ANOMALY ***  crash:agent died as white (1-0) -- caused by agent@checkpoints/openingcap
1140 games  +240 =669 -231   +3 Elo +/- 13   3fold=635 (56%)   5819s   ANOMALIES: 9   mean=0.504 LLR=-0.28 (game LLR=-0.23) [CONTINUE]
*** ANOMALY ***  crash:[Errno 22] Invalid argument as black (0-1) -- caused by agent@checkpoints/openingcap
1141 games  +241 =669 -231   +3 Elo +/- 13   3fold=635 (56%)   5819s   ANOMALIES: 10   mean=0.504 LLR=-0.28 (game LLR=-0.17) [CONTINUE]
