gauntlet: agent@engine vs agent@checkpoints/repfix2 | SPRT elo0=0.0 elo1=8.0 alpha=0.025 beta=0.025 max_games=3000 | 10000ms+100ms | 3 workers
   1 games  +0 =1 -0   -0 Elo +/- 0   3fold=1 (100%)   125s      mean=0.500 LLR=+0.00 [CONTINUE]
   2 games  +0 =1 -1   -191 Elo +/- 834   3fold=1 (50%)   131s      mean=0.250 LLR=-0.09 [CONTINUE]
   3 games  +1 =1 -1   -0 Elo +/- 561   3fold=1 (33%)   133s      mean=0.500 LLR=-0.00 [CONTINUE]
   4 games  +1 =1 -2   -89 Elo +/- 911   3fold=1 (25%)   156s      mean=0.375 LLR=-0.04 [CONTINUE]
   5 games  +2 =1 -2   -0 Elo +/- 367   3fold=1 (20%)   159s      mean=0.500 LLR=-0.00 [CONTINUE]
   6 games  +2 =2 -2   -0 Elo +/- 271   3fold=1 (17%)   162s      mean=0.500 LLR=-0.00 [CONTINUE]
   7 games  +3 =2 -2   +50 Elo +/- 263   3fold=1 (14%)   184s      mean=0.571 LLR=+0.03 [CONTINUE]
   8 games  +4 =2 -2   +89 Elo +/- 262   3fold=1 (12%)   188s      mean=0.625 LLR=+0.06 [CONTINUE]
   9 games  +5 =2 -2   +120 Elo +/- 265   3fold=1 (11%)   196s      mean=0.667 LLR=+0.10 [CONTINUE]
  10 games  +5 =3 -2   +108 Elo +/- 216   3fold=2 (20%)   217s      mean=0.650 LLR=+0.11 [CONTINUE]
  11 games  +5 =3 -3   +64 Elo +/- 198   3fold=2 (18%)   217s      mean=0.591 LLR=+0.06 [CONTINUE]
  12 games  +5 =4 -3   +58 Elo +/- 177   3fold=2 (17%)   234s      mean=0.583 LLR=+0.07 [CONTINUE]
  13 games  +5 =5 -3   +54 Elo +/- 160   3fold=3 (23%)   239s      mean=0.577 LLR=+0.07 [CONTINUE]
  14 games  +5 =6 -3   +50 Elo +/- 147   3fold=4 (29%)   247s      mean=0.571 LLR=+0.08 [CONTINUE]
  15 games  +5 =7 -3   +47 Elo +/- 135   3fold=4 (27%)   266s      mean=0.567 LLR=+0.08 [CONTINUE]
  16 games  +5 =8 -3   +44 Elo +/- 126   3fold=5 (31%)   271s      mean=0.562 LLR=+0.09 [CONTINUE]
  17 games  +5 =9 -3   +41 Elo +/- 118   3fold=6 (35%)   272s      mean=0.559 LLR=+0.09 [CONTINUE]
  18 games  +6 =9 -3   +58 Elo +/- 118   3fold=6 (33%)   294s      mean=0.583 LLR=+0.14 [CONTINUE]
  19 games  +6 =9 -4   +37 Elo +/- 118   3fold=6 (32%)   301s      mean=0.553 LLR=+0.08 [CONTINUE]
  20 games  +6 =10 -4   +35 Elo +/- 111   3fold=7 (35%)   304s      mean=0.550 LLR=+0.08 [CONTINUE]
  21 games  +6 =11 -4   +33 Elo +/- 106   3fold=8 (38%)   321s      mean=0.548 LLR=+0.09 [CONTINUE]
  22 games  +6 =12 -4   +32 Elo +/- 101   3fold=9 (41%)   332s      mean=0.545 LLR=+0.09 [CONTINUE]
  23 games  +7 =12 -4   +46 Elo +/- 101   3fold=9 (39%)   333s      mean=0.565 LLR=+0.14 [CONTINUE]
  24 games  +8 =12 -4   +58 Elo +/- 101   3fold=9 (38%)   347s      mean=0.583 LLR=+0.18 [CONTINUE]
  25 games  +8 =13 -4   +56 Elo +/- 97   3fold=10 (40%)   357s      mean=0.580 LLR=+0.19 [CONTINUE]
  26 games  +8 =14 -4   +54 Elo +/- 93   3fold=10 (38%)   366s      mean=0.577 LLR=+0.19 [CONTINUE]
  27 games  +8 =14 -5   +39 Elo +/- 93   3fold=10 (37%)   377s      mean=0.556 LLR=+0.13 [CONTINUE]
  28 games  +8 =15 -5   +37 Elo +/- 90   3fold=11 (39%)   393s      mean=0.554 LLR=+0.14 [CONTINUE]
  29 games  +8 =15 -6   +24 Elo +/- 90   3fold=11 (38%)   396s      mean=0.534 LLR=+0.08 [CONTINUE]
  30 games  +8 =15 -7   +12 Elo +/- 90   3fold=11 (37%)   407s      mean=0.517 LLR=+0.03 [CONTINUE]
  31 games  +8 =16 -7   +11 Elo +/- 87   3fold=12 (39%)   421s      mean=0.516 LLR=+0.03 [CONTINUE]
  32 games  +9 =16 -7   +22 Elo +/- 87   3fold=12 (38%)   424s      mean=0.531 LLR=+0.08 [CONTINUE]
  33 games  +9 =16 -8   +11 Elo +/- 87   3fold=12 (36%)   439s      mean=0.515 LLR=+0.03 [CONTINUE]
  34 games  +9 =16 -9   -0 Elo +/- 87   3fold=12 (35%)   450s      mean=0.500 LLR=-0.02 [CONTINUE]
  35 games  +9 =16 -10   -10 Elo +/- 87   3fold=12 (34%)   457s      mean=0.486 LLR=-0.06 [CONTINUE]
  36 games  +9 =16 -11   -19 Elo +/- 86   3fold=12 (33%)   465s      mean=0.472 LLR=-0.10 [CONTINUE]
  37 games  +9 =17 -11   -19 Elo +/- 84   3fold=12 (32%)   481s      mean=0.473 LLR=-0.10 [CONTINUE]
  38 games  +9 =18 -11   -18 Elo +/- 82   3fold=13 (34%)   483s      mean=0.474 LLR=-0.11 [CONTINUE]
  39 games  +9 =19 -11   -18 Elo +/- 79   3fold=14 (36%)   492s      mean=0.474 LLR=-0.11 [CONTINUE]
  40 games  +10 =19 -11   -9 Elo +/- 79   3fold=14 (35%)   508s      mean=0.487 LLR=-0.06 [CONTINUE]
  41 games  +10 =19 -12   -17 Elo +/- 79   3fold=14 (34%)   510s      mean=0.476 LLR=-0.11 [CONTINUE]
  42 games  +10 =20 -12   -17 Elo +/- 77   3fold=15 (36%)   521s      mean=0.476 LLR=-0.11 [CONTINUE]
  43 games  +11 =20 -12   -8 Elo +/- 77   3fold=15 (35%)   540s      mean=0.488 LLR=-0.06 [CONTINUE]
  44 games  +11 =20 -13   -16 Elo +/- 77   3fold=15 (34%)   546s      mean=0.477 LLR=-0.11 [CONTINUE]
  45 games  +12 =20 -13   -8 Elo +/- 77   3fold=15 (33%)   555s      mean=0.489 LLR=-0.06 [CONTINUE]
  46 games  +12 =20 -14   -15 Elo +/- 77   3fold=15 (33%)   573s      mean=0.478 LLR=-0.10 [CONTINUE]
  47 games  +12 =20 -15   -22 Elo +/- 77   3fold=15 (32%)   589s      mean=0.468 LLR=-0.14 [CONTINUE]
  48 games  +12 =21 -15   -22 Elo +/- 75   3fold=15 (31%)   597s      mean=0.469 LLR=-0.15 [CONTINUE]
  49 games  +12 =21 -16   -28 Elo +/- 75   3fold=15 (31%)   603s      mean=0.459 LLR=-0.19 [CONTINUE]
  50 games  +12 =22 -16   -28 Elo +/- 73   3fold=16 (32%)   627s      mean=0.460 LLR=-0.19 [CONTINUE]
  51 games  +12 =23 -16   -27 Elo +/- 72   3fold=16 (31%)   632s      mean=0.461 LLR=-0.19 [CONTINUE]
  52 games  +12 =23 -17   -34 Elo +/- 72   3fold=16 (31%)   635s      mean=0.452 LLR=-0.24 [CONTINUE]
  53 games  +12 =24 -17   -33 Elo +/- 70   3fold=17 (32%)   652s      mean=0.453 LLR=-0.24 [CONTINUE]
  54 games  +13 =24 -17   -26 Elo +/- 70   3fold=17 (31%)   664s      mean=0.463 LLR=-0.19 [CONTINUE]
  55 games  +13 =24 -18   -32 Elo +/- 70   3fold=17 (31%)   676s      mean=0.455 LLR=-0.23 [CONTINUE]
  56 games  +13 =25 -18   -31 Elo +/- 69   3fold=18 (32%)   679s      mean=0.455 LLR=-0.24 [CONTINUE]
  57 games  +13 =25 -19   -37 Elo +/- 69   3fold=18 (32%)   692s      mean=0.447 LLR=-0.28 [CONTINUE]
  58 games  +13 =26 -19   -36 Elo +/- 67   3fold=19 (33%)   706s      mean=0.448 LLR=-0.28 [CONTINUE]
  59 games  +13 =26 -20   -41 Elo +/- 67   3fold=19 (32%)   712s      mean=0.441 LLR=-0.32 [CONTINUE]
  60 games  +14 =26 -20   -35 Elo +/- 67   3fold=19 (32%)   728s      mean=0.450 LLR=-0.28 [CONTINUE]
  61 games  +15 =26 -20   -29 Elo +/- 67   3fold=19 (31%)   736s      mean=0.459 LLR=-0.23 [CONTINUE]
  62 games  +15 =26 -21   -34 Elo +/- 67   3fold=19 (31%)   746s      mean=0.452 LLR=-0.27 [CONTINUE]
  63 games  +15 =26 -22   -39 Elo +/- 67   3fold=19 (30%)   759s      mean=0.444 LLR=-0.31 [CONTINUE]
  64 games  +15 =26 -23   -44 Elo +/- 67   3fold=19 (30%)   765s      mean=0.438 LLR=-0.35 [CONTINUE]
  65 games  +15 =26 -24   -48 Elo +/- 66   3fold=19 (29%)   780s      mean=0.431 LLR=-0.39 [CONTINUE]
  66 games  +16 =26 -24   -42 Elo +/- 66   3fold=19 (29%)   789s      mean=0.439 LLR=-0.34 [CONTINUE]
  67 games  +16 =26 -25   -47 Elo +/- 66   3fold=19 (28%)   796s      mean=0.433 LLR=-0.38 [CONTINUE]
  68 games  +16 =27 -25   -46 Elo +/- 65   3fold=20 (29%)   812s      mean=0.434 LLR=-0.38 [CONTINUE]
  69 games  +16 =28 -25   -46 Elo +/- 64   3fold=21 (30%)   826s      mean=0.435 LLR=-0.39 [CONTINUE]
  70 games  +16 =28 -26   -50 Elo +/- 64   3fold=21 (30%)   828s      mean=0.429 LLR=-0.43 [CONTINUE]
  71 games  +16 =29 -26   -49 Elo +/- 63   3fold=22 (31%)   850s      mean=0.430 LLR=-0.44 [CONTINUE]
  72 games  +16 =30 -26   -49 Elo +/- 62   3fold=23 (32%)   859s      mean=0.431 LLR=-0.44 [CONTINUE]
  73 games  +16 =31 -26   -48 Elo +/- 61   3fold=23 (32%)   871s      mean=0.432 LLR=-0.45 [CONTINUE]
  74 games  +17 =31 -26   -42 Elo +/- 61   3fold=23 (31%)   878s      mean=0.439 LLR=-0.40 [CONTINUE]
  75 games  +17 =32 -26   -42 Elo +/- 60   3fold=24 (32%)   884s      mean=0.440 LLR=-0.41 [CONTINUE]
  76 games  +17 =33 -26   -41 Elo +/- 59   3fold=25 (33%)   907s      mean=0.441 LLR=-0.41 [CONTINUE]
  77 games  +17 =34 -26   -41 Elo +/- 59   3fold=26 (34%)   907s      mean=0.442 LLR=-0.42 [CONTINUE]
  78 games  +17 =35 -26   -40 Elo +/- 58   3fold=27 (35%)   910s      mean=0.442 LLR=-0.42 [CONTINUE]
  79 games  +18 =35 -26   -35 Elo +/- 58   3fold=27 (34%)   935s      mean=0.449 LLR=-0.38 [CONTINUE]
  80 games  +19 =35 -26   -30 Elo +/- 58   3fold=27 (34%)   940s      mean=0.456 LLR=-0.33 [CONTINUE]
  81 games  +19 =36 -26   -30 Elo +/- 57   3fold=27 (33%)   947s      mean=0.457 LLR=-0.33 [CONTINUE]
  82 games  +20 =36 -26   -25 Elo +/- 57   3fold=27 (33%)   968s      mean=0.463 LLR=-0.29 [CONTINUE]
  83 games  +20 =36 -27   -29 Elo +/- 57   3fold=27 (33%)   971s      mean=0.458 LLR=-0.33 [CONTINUE]
  84 games  +21 =36 -27   -25 Elo +/- 57   3fold=27 (32%)   979s      mean=0.464 LLR=-0.28 [CONTINUE]
  85 games  +22 =36 -27   -20 Elo +/- 57   3fold=27 (32%)   999s      mean=0.471 LLR=-0.24 [CONTINUE]
  86 games  +22 =37 -27   -20 Elo +/- 56   3fold=28 (33%)   1005s      mean=0.471 LLR=-0.24 [CONTINUE]
  87 games  +22 =38 -27   -20 Elo +/- 55   3fold=29 (33%)   1010s      mean=0.471 LLR=-0.25 [CONTINUE]
  88 games  +23 =38 -27   -16 Elo +/- 55   3fold=29 (33%)   1027s      mean=0.477 LLR=-0.20 [CONTINUE]
  89 games  +23 =39 -27   -16 Elo +/- 55   3fold=30 (34%)   1034s      mean=0.478 LLR=-0.21 [CONTINUE]
  90 games  +23 =40 -27   -15 Elo +/- 54   3fold=31 (34%)   1038s      mean=0.478 LLR=-0.21 [CONTINUE]
  91 games  +24 =40 -27   -11 Elo +/- 54   3fold=31 (34%)   1063s      mean=0.484 LLR=-0.17 [CONTINUE]
  92 games  +24 =41 -27   -11 Elo +/- 53   3fold=32 (35%)   1064s      mean=0.484 LLR=-0.17 [CONTINUE]
  93 games  +24 =42 -27   -11 Elo +/- 53   3fold=33 (35%)   1066s      mean=0.484 LLR=-0.17 [CONTINUE]
  94 games  +24 =42 -28   -15 Elo +/- 53   3fold=33 (35%)   1093s      mean=0.479 LLR=-0.21 [CONTINUE]
  95 games  +24 =42 -29   -18 Elo +/- 53   3fold=33 (35%)   1094s      mean=0.474 LLR=-0.25 [CONTINUE]
  96 games  +24 =42 -30   -22 Elo +/- 53   3fold=33 (34%)   1096s      mean=0.469 LLR=-0.29 [CONTINUE]
  97 games  +25 =42 -30   -18 Elo +/- 52   3fold=33 (34%)   1126s      mean=0.474 LLR=-0.25 [CONTINUE]
  98 games  +25 =43 -30   -18 Elo +/- 52   3fold=33 (34%)   1126s      mean=0.474 LLR=-0.25 [CONTINUE]
  99 games  +26 =43 -30   -14 Elo +/- 52   3fold=33 (33%)   1128s      mean=0.480 LLR=-0.21 [CONTINUE]
 100 games  +26 =44 -30   -14 Elo +/- 51   3fold=34 (34%)   1151s      mean=0.480 LLR=-0.21 [CONTINUE]
 101 games  +26 =45 -30   -14 Elo +/- 51   3fold=35 (35%)   1153s      mean=0.480 LLR=-0.21 [CONTINUE]
 102 games  +27 =45 -30   -10 Elo +/- 51   3fold=35 (34%)   1157s      mean=0.485 LLR=-0.17 [CONTINUE]
 103 games  +28 =45 -30   -7 Elo +/- 51   3fold=35 (34%)   1179s      mean=0.490 LLR=-0.13 [CONTINUE]
 104 games  +28 =45 -31   -10 Elo +/- 51   3fold=35 (34%)   1185s      mean=0.486 LLR=-0.17 [CONTINUE]
 105 games  +29 =45 -31   -7 Elo +/- 51   3fold=35 (33%)   1186s      mean=0.490 LLR=-0.13 [CONTINUE]
 106 games  +30 =45 -31   -3 Elo +/- 51   3fold=35 (33%)   1206s      mean=0.495 LLR=-0.09 [CONTINUE]
 107 games  +31 =45 -31   -0 Elo +/- 50   3fold=35 (33%)   1213s      mean=0.500 LLR=-0.05 [CONTINUE]
 108 games  +31 =46 -31   -0 Elo +/- 50   3fold=36 (33%)   1220s      mean=0.500 LLR=-0.05 [CONTINUE]
 109 games  +32 =46 -31   +3 Elo +/- 50   3fold=36 (33%)   1229s      mean=0.505 LLR=-0.01 [CONTINUE]
 110 games  +33 =46 -31   +6 Elo +/- 50   3fold=36 (33%)   1244s      mean=0.509 LLR=+0.03 [CONTINUE]
 111 games  +33 =46 -32   +3 Elo +/- 50   3fold=36 (32%)   1250s      mean=0.505 LLR=-0.01 [CONTINUE]
 112 games  +33 =46 -33   -0 Elo +/- 50   3fold=36 (32%)   1257s      mean=0.500 LLR=-0.05 [CONTINUE]
 113 games  +33 =46 -34   -3 Elo +/- 50   3fold=36 (32%)   1275s      mean=0.496 LLR=-0.09 [CONTINUE]
 114 games  +34 =46 -34   -0 Elo +/- 50   3fold=36 (32%)   1282s      mean=0.500 LLR=-0.05 [CONTINUE]
 115 games  +34 =47 -34   -0 Elo +/- 49   3fold=36 (31%)   1299s      mean=0.500 LLR=-0.05 [CONTINUE]
 116 games  +35 =47 -34   +3 Elo +/- 49   3fold=36 (31%)   1303s      mean=0.504 LLR=-0.01 [CONTINUE]
 117 games  +36 =47 -34   +6 Elo +/- 49   3fold=36 (31%)   1314s      mean=0.509 LLR=+0.03 [CONTINUE]
 118 games  +36 =48 -34   +6 Elo +/- 49   3fold=37 (31%)   1337s      mean=0.508 LLR=+0.02 [CONTINUE]
 119 games  +36 =48 -35   +3 Elo +/- 49   3fold=37 (31%)   1337s      mean=0.504 LLR=-0.01 [CONTINUE]
 120 games  +37 =48 -35   +6 Elo +/- 48   3fold=37 (31%)   1345s      mean=0.508 LLR=+0.02 [CONTINUE]
 121 games  +38 =48 -35   +9 Elo +/- 48   3fold=37 (31%)   1367s      mean=0.512 LLR=+0.06 [CONTINUE]
 122 games  +38 =48 -36   +6 Elo +/- 48   3fold=37 (30%)   1368s      mean=0.508 LLR=+0.02 [CONTINUE]
 123 games  +38 =49 -36   +6 Elo +/- 48   3fold=38 (31%)   1377s      mean=0.508 LLR=+0.02 [CONTINUE]
 124 games  +38 =50 -36   +6 Elo +/- 48   3fold=39 (31%)   1391s      mean=0.508 LLR=+0.02 [CONTINUE]
 125 games  +39 =50 -36   +8 Elo +/- 47   3fold=39 (31%)   1399s      mean=0.512 LLR=+0.06 [CONTINUE]
 126 games  +40 =50 -36   +11 Elo +/- 47   3fold=39 (31%)   1406s      mean=0.516 LLR=+0.10 [CONTINUE]
 127 games  +40 =51 -36   +11 Elo +/- 47   3fold=40 (31%)   1411s      mean=0.516 LLR=+0.10 [CONTINUE]
 128 games  +40 =52 -36   +11 Elo +/- 47   3fold=41 (32%)   1427s      mean=0.516 LLR=+0.10 [CONTINUE]
 129 games  +40 =53 -36   +11 Elo +/- 46   3fold=42 (33%)   1433s      mean=0.516 LLR=+0.10 [CONTINUE]
 130 games  +40 =53 -37   +8 Elo +/- 46   3fold=42 (32%)   1447s      mean=0.512 LLR=+0.06 [CONTINUE]
 131 games  +40 =54 -37   +8 Elo +/- 46   3fold=43 (33%)   1461s      mean=0.511 LLR=+0.06 [CONTINUE]
 132 games  +40 =54 -38   +5 Elo +/- 46   3fold=43 (33%)   1477s      mean=0.508 LLR=+0.02 [CONTINUE]
 133 games  +41 =54 -38   +8 Elo +/- 46   3fold=43 (32%)   1479s      mean=0.511 LLR=+0.06 [CONTINUE]
 134 games  +42 =54 -38   +10 Elo +/- 46   3fold=43 (32%)   1492s      mean=0.515 LLR=+0.09 [CONTINUE]
 135 games  +42 =55 -38   +10 Elo +/- 45   3fold=44 (33%)   1511s      mean=0.515 LLR=+0.10 [CONTINUE]
 136 games  +42 =56 -38   +10 Elo +/- 45   3fold=44 (32%)   1513s      mean=0.515 LLR=+0.10 [CONTINUE]
 137 games  +42 =56 -39   +8 Elo +/- 45   3fold=44 (32%)   1525s      mean=0.511 LLR=+0.06 [CONTINUE]
 138 games  +42 =57 -39   +8 Elo +/- 45   3fold=45 (33%)   1540s      mean=0.511 LLR=+0.06 [CONTINUE]
 139 games  +42 =57 -40   +5 Elo +/- 45   3fold=45 (32%)   1546s      mean=0.507 LLR=+0.02 [CONTINUE]
 140 games  +43 =57 -40   +7 Elo +/- 45   3fold=45 (32%)   1555s      mean=0.511 LLR=+0.05 [CONTINUE]
 141 games  +44 =57 -40   +10 Elo +/- 45   3fold=45 (32%)   1572s      mean=0.514 LLR=+0.09 [CONTINUE]
 142 games  +44 =58 -40   +10 Elo +/- 44   3fold=45 (32%)   1589s      mean=0.514 LLR=+0.09 [CONTINUE]
 143 games  +44 =59 -40   +10 Elo +/- 44   3fold=46 (32%)   1590s      mean=0.514 LLR=+0.09 [CONTINUE]
 144 games  +44 =60 -40   +10 Elo +/- 44   3fold=47 (33%)   1603s      mean=0.514 LLR=+0.09 [CONTINUE]
 145 games  +44 =60 -41   +7 Elo +/- 44   3fold=47 (32%)   1617s      mean=0.510 LLR=+0.05 [CONTINUE]
 146 games  +45 =60 -41   +10 Elo +/- 43   3fold=47 (32%)   1622s      mean=0.514 LLR=+0.09 [CONTINUE]
 147 games  +46 =60 -41   +12 Elo +/- 43   3fold=47 (32%)   1637s      mean=0.517 LLR=+0.13 [CONTINUE]
 148 games  +46 =60 -42   +9 Elo +/- 43   3fold=47 (32%)   1651s      mean=0.514 LLR=+0.09 [CONTINUE]
 149 games  +47 =60 -42   +12 Elo +/- 43   3fold=47 (32%)   1655s      mean=0.517 LLR=+0.13 [CONTINUE]
 150 games  +47 =61 -42   +12 Elo +/- 43   3fold=48 (32%)   1664s      mean=0.517 LLR=+0.13 [CONTINUE]
 151 games  +48 =61 -42   +14 Elo +/- 43   3fold=48 (32%)   1683s      mean=0.520 LLR=+0.17 [CONTINUE]
 152 games  +48 =61 -43   +11 Elo +/- 43   3fold=48 (32%)   1685s      mean=0.516 LLR=+0.13 [CONTINUE]
 153 games  +49 =61 -43   +14 Elo +/- 43   3fold=48 (31%)   1697s      mean=0.520 LLR=+0.16 [CONTINUE]
 154 games  +49 =62 -43   +14 Elo +/- 43   3fold=49 (32%)   1717s      mean=0.519 LLR=+0.16 [CONTINUE]
 155 games  +50 =62 -43   +16 Elo +/- 43   3fold=49 (32%)   1719s      mean=0.523 LLR=+0.20 [CONTINUE]
 156 games  +50 =62 -44   +13 Elo +/- 43   3fold=49 (31%)   1730s      mean=0.519 LLR=+0.16 [CONTINUE]
 157 games  +51 =62 -44   +16 Elo +/- 43   3fold=49 (31%)   1753s      mean=0.522 LLR=+0.20 [CONTINUE]
 158 games  +52 =62 -44   +18 Elo +/- 42   3fold=49 (31%)   1753s      mean=0.525 LLR=+0.24 [CONTINUE]
 159 games  +53 =62 -44   +20 Elo +/- 42   3fold=49 (31%)   1759s      mean=0.528 LLR=+0.27 [CONTINUE]
 160 games  +53 =63 -44   +20 Elo +/- 42   3fold=49 (31%)   1783s      mean=0.528 LLR=+0.27 [CONTINUE]
 161 games  +53 =63 -45   +17 Elo +/- 42   3fold=49 (30%)   1784s      mean=0.525 LLR=+0.23 [CONTINUE]
 162 games  +53 =63 -46   +15 Elo +/- 42   3fold=49 (30%)   1790s      mean=0.522 LLR=+0.19 [CONTINUE]
 163 games  +54 =63 -46   +17 Elo +/- 42   3fold=49 (30%)   1810s      mean=0.525 LLR=+0.23 [CONTINUE]
 164 games  +54 =64 -46   +17 Elo +/- 42   3fold=49 (30%)   1820s      mean=0.524 LLR=+0.23 [CONTINUE]
 165 games  +55 =64 -46   +19 Elo +/- 42   3fold=49 (30%)   1822s      mean=0.527 LLR=+0.27 [CONTINUE]
 166 games  +56 =64 -46   +21 Elo +/- 42   3fold=49 (30%)   1845s      mean=0.530 LLR=+0.30 [CONTINUE]
 167 games  +57 =64 -46   +23 Elo +/- 42   3fold=49 (29%)   1849s      mean=0.533 LLR=+0.34 [CONTINUE]
 168 games  +57 =64 -47   +21 Elo +/- 42   3fold=49 (29%)   1850s      mean=0.530 LLR=+0.30 [CONTINUE]
 169 games  +57 =64 -48   +19 Elo +/- 42   3fold=49 (29%)   1876s      mean=0.527 LLR=+0.26 [CONTINUE]
 170 games  +57 =64 -49   +16 Elo +/- 41   3fold=49 (29%)   1877s      mean=0.524 LLR=+0.22 [CONTINUE]
 171 games  +57 =64 -50   +14 Elo +/- 41   3fold=49 (29%)   1884s      mean=0.520 LLR=+0.19 [CONTINUE]
 172 games  +57 =65 -50   +14 Elo +/- 41   3fold=50 (29%)   1909s      mean=0.520 LLR=+0.19 [CONTINUE]
 173 games  +57 =66 -50   +14 Elo +/- 41   3fold=51 (29%)   1909s      mean=0.520 LLR=+0.19 [CONTINUE]
 174 games  +57 =67 -50   +14 Elo +/- 41   3fold=51 (29%)   1930s      mean=0.520 LLR=+0.19 [CONTINUE]
 175 games  +57 =68 -50   +14 Elo +/- 40   3fold=52 (30%)   1933s      mean=0.520 LLR=+0.19 [CONTINUE]
 176 games  +58 =68 -50   +16 Elo +/- 40   3fold=52 (30%)   1943s      mean=0.523 LLR=+0.22 [CONTINUE]
 177 games  +58 =69 -50   +16 Elo +/- 40   3fold=53 (30%)   1956s      mean=0.523 LLR=+0.23 [CONTINUE]
 178 games  +58 =70 -50   +16 Elo +/- 40   3fold=54 (30%)   1967s      mean=0.522 LLR=+0.23 [CONTINUE]
 179 games  +58 =71 -50   +16 Elo +/- 40   3fold=55 (31%)   1970s      mean=0.522 LLR=+0.23 [CONTINUE]
 180 games  +59 =71 -50   +17 Elo +/- 40   3fold=55 (31%)   1987s      mean=0.525 LLR=+0.26 [CONTINUE]
 181 games  +59 =72 -50   +17 Elo +/- 39   3fold=56 (31%)   2002s      mean=0.525 LLR=+0.27 [CONTINUE]
 182 games  +59 =73 -50   +17 Elo +/- 39   3fold=57 (31%)   2002s      mean=0.525 LLR=+0.27 [CONTINUE]
 183 games  +59 =74 -50   +17 Elo +/- 39   3fold=58 (32%)   2022s      mean=0.525 LLR=+0.27 [CONTINUE]
 184 games  +60 =74 -50   +19 Elo +/- 39   3fold=58 (32%)   2034s      mean=0.527 LLR=+0.31 [CONTINUE]
 185 games  +61 =74 -50   +21 Elo +/- 39   3fold=58 (31%)   2039s      mean=0.530 LLR=+0.34 [CONTINUE]
 186 games  +61 =75 -50   +21 Elo +/- 39   3fold=59 (32%)   2057s      mean=0.530 LLR=+0.34 [CONTINUE]
 187 games  +61 =75 -51   +19 Elo +/- 39   3fold=59 (32%)   2070s      mean=0.527 LLR=+0.30 [CONTINUE]
 188 games  +61 =76 -51   +18 Elo +/- 39   3fold=59 (31%)   2074s      mean=0.527 LLR=+0.30 [CONTINUE]
 189 games  +61 =77 -51   +18 Elo +/- 38   3fold=60 (32%)   2089s      mean=0.526 LLR=+0.31 [CONTINUE]
 190 games  +61 =77 -52   +16 Elo +/- 38   3fold=60 (32%)   2101s      mean=0.524 LLR=+0.26 [CONTINUE]
 191 games  +62 =77 -52   +18 Elo +/- 38   3fold=60 (31%)   2104s      mean=0.526 LLR=+0.30 [CONTINUE]
 192 games  +63 =77 -52   +20 Elo +/- 38   3fold=60 (31%)   2117s      mean=0.529 LLR=+0.34 [CONTINUE]
 193 games  +63 =78 -52   +20 Elo +/- 38   3fold=61 (32%)   2129s      mean=0.528 LLR=+0.34 [CONTINUE]
 194 games  +64 =78 -52   +22 Elo +/- 38   3fold=61 (31%)   2135s      mean=0.531 LLR=+0.38 [CONTINUE]
 195 games  +64 =78 -53   +20 Elo +/- 38   3fold=61 (31%)   2147s      mean=0.528 LLR=+0.34 [CONTINUE]
 196 games  +64 =78 -54   +18 Elo +/- 38   3fold=61 (31%)   2163s      mean=0.526 LLR=+0.30 [CONTINUE]
 197 games  +65 =78 -54   +19 Elo +/- 38   3fold=61 (31%)   2165s      mean=0.528 LLR=+0.33 [CONTINUE]
 198 games  +65 =79 -54   +19 Elo +/- 38   3fold=62 (31%)   2179s      mean=0.528 LLR=+0.34 [CONTINUE]
 199 games  +66 =79 -54   +21 Elo +/- 38   3fold=62 (31%)   2194s      mean=0.530 LLR=+0.37 [CONTINUE]
 200 games  +67 =79 -54   +23 Elo +/- 38   3fold=62 (31%)   2196s      mean=0.532 LLR=+0.41 [CONTINUE]
 201 games  +67 =79 -55   +21 Elo +/- 38   3fold=62 (31%)   2207s      mean=0.530 LLR=+0.37 [CONTINUE]
 202 games  +67 =80 -55   +21 Elo +/- 37   3fold=63 (31%)   2222s      mean=0.530 LLR=+0.37 [CONTINUE]
 203 games  +67 =81 -55   +21 Elo +/- 37   3fold=64 (32%)   2231s      mean=0.530 LLR=+0.37 [CONTINUE]
 204 games  +67 =82 -55   +20 Elo +/- 37   3fold=65 (32%)   2239s      mean=0.529 LLR=+0.37 [CONTINUE]
 205 games  +68 =82 -55   +22 Elo +/- 37   3fold=65 (32%)   2252s      mean=0.532 LLR=+0.41 [CONTINUE]
 206 games  +68 =82 -56   +20 Elo +/- 37   3fold=65 (32%)   2262s      mean=0.529 LLR=+0.37 [CONTINUE]
 207 games  +68 =82 -57   +18 Elo +/- 37   3fold=65 (31%)   2265s      mean=0.527 LLR=+0.33 [CONTINUE]
 208 games  +68 =83 -57   +18 Elo +/- 37   3fold=66 (32%)   2281s      mean=0.526 LLR=+0.33 [CONTINUE]
 209 games  +68 =84 -57   +18 Elo +/- 37   3fold=67 (32%)   2290s      mean=0.526 LLR=+0.33 [CONTINUE]
 210 games  +69 =84 -57   +20 Elo +/- 37   3fold=67 (32%)   2297s      mean=0.529 LLR=+0.37 [CONTINUE]
 211 games  +69 =84 -58   +18 Elo +/- 37   3fold=67 (32%)   2317s      mean=0.526 LLR=+0.33 [CONTINUE]
 212 games  +70 =84 -58   +20 Elo +/- 36   3fold=67 (32%)   2323s      mean=0.528 LLR=+0.37 [CONTINUE]
 213 games  +70 =84 -59   +18 Elo +/- 36   3fold=67 (31%)   2344s      mean=0.526 LLR=+0.33 [CONTINUE]
 214 games  +70 =85 -59   +18 Elo +/- 36   3fold=68 (32%)   2347s      mean=0.526 LLR=+0.33 [CONTINUE]
 215 games  +71 =85 -59   +19 Elo +/- 36   3fold=68 (32%)   2355s      mean=0.528 LLR=+0.36 [CONTINUE]
 216 games  +71 =86 -59   +19 Elo +/- 36   3fold=69 (32%)   2367s      mean=0.528 LLR=+0.37 [CONTINUE]
 217 games  +71 =87 -59   +19 Elo +/- 36   3fold=70 (32%)   2370s      mean=0.528 LLR=+0.37 [CONTINUE]
 218 games  +71 =87 -60   +18 Elo +/- 36   3fold=70 (32%)   2385s      mean=0.525 LLR=+0.33 [CONTINUE]
 219 games  +72 =87 -60   +19 Elo +/- 36   3fold=70 (32%)   2399s      mean=0.527 LLR=+0.36 [CONTINUE]
 220 games  +72 =88 -60   +19 Elo +/- 36   3fold=71 (32%)   2403s      mean=0.527 LLR=+0.37 [CONTINUE]
 221 games  +72 =89 -60   +19 Elo +/- 36   3fold=72 (33%)   2412s      mean=0.527 LLR=+0.37 [CONTINUE]
 222 games  +72 =90 -60   +19 Elo +/- 35   3fold=73 (33%)   2426s      mean=0.527 LLR=+0.37 [CONTINUE]
 223 games  +72 =90 -61   +17 Elo +/- 35   3fold=73 (33%)   2434s      mean=0.525 LLR=+0.33 [CONTINUE]
 224 games  +72 =90 -62   +16 Elo +/- 35   3fold=73 (33%)   2444s      mean=0.522 LLR=+0.29 [CONTINUE]
 225 games  +72 =91 -62   +15 Elo +/- 35   3fold=74 (33%)   2454s      mean=0.522 LLR=+0.29 [CONTINUE]
 226 games  +72 =91 -63   +14 Elo +/- 35   3fold=74 (33%)   2473s      mean=0.520 LLR=+0.25 [CONTINUE]
 227 games  +72 =92 -63   +14 Elo +/- 35   3fold=75 (33%)   2478s      mean=0.520 LLR=+0.25 [CONTINUE]
 228 games  +73 =92 -63   +15 Elo +/- 35   3fold=75 (33%)   2488s      mean=0.522 LLR=+0.29 [CONTINUE]
 229 games  +73 =93 -63   +15 Elo +/- 35   3fold=76 (33%)   2503s      mean=0.522 LLR=+0.29 [CONTINUE]
 230 games  +74 =93 -63   +17 Elo +/- 35   3fold=76 (33%)   2507s      mean=0.524 LLR=+0.32 [CONTINUE]
 231 games  +74 =94 -63   +17 Elo +/- 35   3fold=77 (33%)   2521s      mean=0.524 LLR=+0.33 [CONTINUE]
 232 games  +74 =95 -63   +16 Elo +/- 34   3fold=78 (34%)   2532s      mean=0.524 LLR=+0.33 [CONTINUE]
 233 games  +74 =96 -63   +16 Elo +/- 34   3fold=79 (34%)   2541s      mean=0.524 LLR=+0.33 [CONTINUE]
 234 games  +74 =97 -63   +16 Elo +/- 34   3fold=80 (34%)   2547s      mean=0.524 LLR=+0.33 [CONTINUE]
 235 games  +74 =97 -64   +15 Elo +/- 34   3fold=80 (34%)   2564s      mean=0.521 LLR=+0.29 [CONTINUE]
 236 games  +74 =98 -64   +15 Elo +/- 34   3fold=81 (34%)   2571s      mean=0.521 LLR=+0.29 [CONTINUE]
 237 games  +74 =99 -64   +15 Elo +/- 34   3fold=81 (34%)   2577s      mean=0.521 LLR=+0.29 [CONTINUE]
 238 games  +75 =99 -64   +16 Elo +/- 34   3fold=81 (34%)   2595s      mean=0.523 LLR=+0.33 [CONTINUE]
 239 games  +76 =99 -64   +17 Elo +/- 34   3fold=81 (34%)   2601s      mean=0.525 LLR=+0.37 [CONTINUE]
 240 games  +77 =99 -64   +19 Elo +/- 34   3fold=81 (34%)   2612s      mean=0.527 LLR=+0.40 [CONTINUE]
 241 games  +77 =100 -64   +19 Elo +/- 34   3fold=82 (34%)   2617s      mean=0.527 LLR=+0.40 [CONTINUE]
 242 games  +77 =101 -64   +19 Elo +/- 34   3fold=83 (34%)   2634s      mean=0.527 LLR=+0.41 [CONTINUE]
 243 games  +77 =102 -64   +19 Elo +/- 33   3fold=84 (35%)   2639s      mean=0.527 LLR=+0.41 [CONTINUE]
 244 games  +77 =102 -65   +17 Elo +/- 33   3fold=84 (34%)   2650s      mean=0.525 LLR=+0.37 [CONTINUE]
 245 games  +77 =103 -65   +17 Elo +/- 33   3fold=85 (35%)   2660s      mean=0.524 LLR=+0.37 [CONTINUE]
 246 games  +77 =103 -66   +16 Elo +/- 33   3fold=85 (35%)   2665s      mean=0.522 LLR=+0.32 [CONTINUE]
 247 games  +78 =103 -66   +17 Elo +/- 33   3fold=85 (34%)   2683s      mean=0.524 LLR=+0.36 [CONTINUE]
 248 games  +78 =103 -67   +15 Elo +/- 33   3fold=85 (34%)   2689s      mean=0.522 LLR=+0.32 [CONTINUE]
 249 games  +78 =104 -67   +15 Elo +/- 33   3fold=85 (34%)   2701s      mean=0.522 LLR=+0.32 [CONTINUE]
 250 games  +78 =104 -68   +14 Elo +/- 33   3fold=85 (34%)   2707s      mean=0.520 LLR=+0.28 [CONTINUE]
 251 games  +78 =104 -69   +12 Elo +/- 33   3fold=85 (34%)   2720s      mean=0.518 LLR=+0.24 [CONTINUE]
 252 games  +78 =105 -69   +12 Elo +/- 33   3fold=86 (34%)   2732s      mean=0.518 LLR=+0.24 [CONTINUE]
 253 games  +78 =105 -70   +11 Elo +/- 33   3fold=86 (34%)   2740s      mean=0.516 LLR=+0.20 [CONTINUE]
 254 games  +79 =105 -70   +12 Elo +/- 33   3fold=86 (34%)   2749s      mean=0.518 LLR=+0.24 [CONTINUE]
 255 games  +79 =106 -70   +12 Elo +/- 33   3fold=87 (34%)   2773s      mean=0.518 LLR=+0.24 [CONTINUE]
 256 games  +79 =107 -70   +12 Elo +/- 33   3fold=88 (34%)   2784s      mean=0.518 LLR=+0.24 [CONTINUE]
 257 games  +79 =108 -70   +12 Elo +/- 32   3fold=89 (35%)   2793s      mean=0.518 LLR=+0.24 [CONTINUE]
 258 games  +79 =108 -71   +11 Elo +/- 32   3fold=89 (34%)   2802s      mean=0.516 LLR=+0.20 [CONTINUE]
 259 games  +80 =108 -71   +12 Elo +/- 32   3fold=89 (34%)   2817s      mean=0.517 LLR=+0.24 [CONTINUE]
 260 games  +80 =108 -72   +11 Elo +/- 32   3fold=89 (34%)   2822s      mean=0.515 LLR=+0.20 [CONTINUE]
 261 games  +81 =108 -72   +12 Elo +/- 32   3fold=89 (34%)   2830s      mean=0.517 LLR=+0.24 [CONTINUE]
 262 games  +82 =108 -72   +13 Elo +/- 32   3fold=89 (34%)   2847s      mean=0.519 LLR=+0.27 [CONTINUE]
 263 games  +82 =108 -73   +12 Elo +/- 32   3fold=89 (34%)   2858s      mean=0.517 LLR=+0.23 [CONTINUE]
 264 games  +82 =109 -73   +12 Elo +/- 32   3fold=89 (34%)   2871s      mean=0.517 LLR=+0.23 [CONTINUE]
 265 games  +83 =109 -73   +13 Elo +/- 32   3fold=89 (34%)   2878s      mean=0.519 LLR=+0.27 [CONTINUE]
 266 games  +83 =110 -73   +13 Elo +/- 32   3fold=89 (33%)   2898s      mean=0.519 LLR=+0.27 [CONTINUE]
 267 games  +84 =110 -73   +14 Elo +/- 32   3fold=89 (33%)   2899s      mean=0.521 LLR=+0.31 [CONTINUE]
 268 games  +84 =110 -74   +13 Elo +/- 32   3fold=89 (33%)   2916s      mean=0.519 LLR=+0.27 [CONTINUE]
 269 games  +84 =111 -74   +13 Elo +/- 32   3fold=90 (33%)   2929s      mean=0.519 LLR=+0.27 [CONTINUE]
 270 games  +85 =111 -74   +14 Elo +/- 32   3fold=90 (33%)   2935s      mean=0.520 LLR=+0.31 [CONTINUE]
 271 games  +85 =111 -75   +13 Elo +/- 32   3fold=90 (33%)   2949s      mean=0.518 LLR=+0.27 [CONTINUE]
 272 games  +85 =112 -75   +13 Elo +/- 32   3fold=90 (33%)   2964s      mean=0.518 LLR=+0.27 [CONTINUE]
 273 games  +85 =113 -75   +13 Elo +/- 32   3fold=91 (33%)   2965s      mean=0.518 LLR=+0.27 [CONTINUE]
 274 games  +86 =113 -75   +14 Elo +/- 32   3fold=91 (33%)   2983s      mean=0.520 LLR=+0.31 [CONTINUE]
 275 games  +86 =114 -75   +14 Elo +/- 32   3fold=92 (33%)   2995s      mean=0.520 LLR=+0.31 [CONTINUE]
 276 games  +87 =114 -75   +15 Elo +/- 31   3fold=92 (33%)   2995s      mean=0.522 LLR=+0.35 [CONTINUE]
 277 games  +88 =114 -75   +16 Elo +/- 31   3fold=92 (33%)   3022s      mean=0.523 LLR=+0.39 [CONTINUE]
 278 games  +89 =114 -75   +18 Elo +/- 31   3fold=92 (33%)   3024s      mean=0.525 LLR=+0.42 [CONTINUE]
 279 games  +89 =114 -76   +16 Elo +/- 31   3fold=92 (33%)   3025s      mean=0.523 LLR=+0.38 [CONTINUE]
 280 games  +89 =114 -77   +15 Elo +/- 31   3fold=92 (33%)   3057s      mean=0.521 LLR=+0.34 [CONTINUE]
 281 games  +89 =115 -77   +15 Elo +/- 31   3fold=92 (33%)   3060s      mean=0.521 LLR=+0.34 [CONTINUE]
 282 games  +90 =115 -77   +16 Elo +/- 31   3fold=92 (33%)   3061s      mean=0.523 LLR=+0.38 [CONTINUE]
 283 games  +90 =116 -77   +16 Elo +/- 31   3fold=93 (33%)   3089s      mean=0.523 LLR=+0.38 [CONTINUE]
 284 games  +91 =116 -77   +17 Elo +/- 31   3fold=93 (33%)   3090s      mean=0.525 LLR=+0.42 [CONTINUE]
 285 games  +91 =116 -78   +16 Elo +/- 31   3fold=93 (33%)   3092s      mean=0.523 LLR=+0.38 [CONTINUE]
 286 games  +91 =117 -78   +16 Elo +/- 31   3fold=94 (33%)   3118s      mean=0.523 LLR=+0.38 [CONTINUE]
 287 games  +91 =118 -78   +16 Elo +/- 31   3fold=95 (33%)   3118s      mean=0.523 LLR=+0.38 [CONTINUE]
 288 games  +91 =118 -79   +14 Elo +/- 31   3fold=95 (33%)   3120s      mean=0.521 LLR=+0.34 [CONTINUE]
 289 games  +91 =119 -79   +14 Elo +/- 31   3fold=96 (33%)   3145s      mean=0.521 LLR=+0.34 [CONTINUE]
 290 games  +92 =119 -79   +16 Elo +/- 31   3fold=96 (33%)   3149s      mean=0.522 LLR=+0.38 [CONTINUE]
 291 games  +92 =119 -80   +14 Elo +/- 31   3fold=96 (33%)   3153s      mean=0.521 LLR=+0.34 [CONTINUE]
 292 games  +93 =119 -80   +15 Elo +/- 31   3fold=96 (33%)   3176s      mean=0.522 LLR=+0.38 [CONTINUE]
 293 games  +93 =120 -80   +15 Elo +/- 31   3fold=97 (33%)   3185s      mean=0.522 LLR=+0.38 [CONTINUE]
 294 games  +93 =121 -80   +15 Elo +/- 31   3fold=97 (33%)   3186s      mean=0.522 LLR=+0.38 [CONTINUE]
 295 games  +93 =122 -80   +15 Elo +/- 30   3fold=98 (33%)   3206s      mean=0.522 LLR=+0.38 [CONTINUE]
 296 games  +94 =122 -80   +16 Elo +/- 30   3fold=98 (33%)   3214s      mean=0.524 LLR=+0.42 [CONTINUE]
 297 games  +95 =122 -80   +18 Elo +/- 30   3fold=98 (33%)   3219s      mean=0.525 LLR=+0.45 [CONTINUE]
 298 games  +95 =122 -81   +16 Elo +/- 30   3fold=98 (33%)   3243s      mean=0.523 LLR=+0.41 [CONTINUE]
 299 games  +95 =123 -81   +16 Elo +/- 30   3fold=99 (33%)   3247s      mean=0.523 LLR=+0.41 [CONTINUE]
 300 games  +96 =123 -81   +17 Elo +/- 30   3fold=99 (33%)   3253s      mean=0.525 LLR=+0.45 [CONTINUE]
 301 games  +96 =124 -81   +17 Elo +/- 30   3fold=100 (33%)   3271s      mean=0.525 LLR=+0.45 [CONTINUE]
 302 games  +97 =124 -81   +18 Elo +/- 30   3fold=100 (33%)   3276s      mean=0.526 LLR=+0.49 [CONTINUE]
 303 games  +97 =125 -81   +18 Elo +/- 30   3fold=100 (33%)   3283s      mean=0.526 LLR=+0.49 [CONTINUE]
 304 games  +97 =126 -81   +18 Elo +/- 30   3fold=100 (33%)   3302s      mean=0.526 LLR=+0.49 [CONTINUE]
 305 games  +97 =127 -81   +18 Elo +/- 30   3fold=100 (33%)   3310s      mean=0.526 LLR=+0.50 [CONTINUE]
 306 games  +97 =128 -81   +18 Elo +/- 30   3fold=100 (33%)   3318s      mean=0.526 LLR=+0.50 [CONTINUE]
 307 games  +97 =129 -81   +18 Elo +/- 30   3fold=101 (33%)   3337s      mean=0.526 LLR=+0.50 [CONTINUE]
 308 games  +97 =130 -81   +18 Elo +/- 30   3fold=102 (33%)   3341s      mean=0.526 LLR=+0.50 [CONTINUE]
 309 games  +97 =130 -82   +17 Elo +/- 30   3fold=102 (33%)   3352s      mean=0.524 LLR=+0.46 [CONTINUE]
 310 games  +98 =130 -82   +18 Elo +/- 30   3fold=102 (33%)   3371s      mean=0.526 LLR=+0.50 [CONTINUE]
 311 games  +99 =130 -82   +19 Elo +/- 30   3fold=102 (33%)   3374s      mean=0.527 LLR=+0.53 [CONTINUE]
 312 games  +99 =131 -82   +19 Elo +/- 29   3fold=103 (33%)   3382s      mean=0.527 LLR=+0.53 [CONTINUE]
 313 games  +99 =131 -83   +18 Elo +/- 29   3fold=103 (33%)   3402s      mean=0.526 LLR=+0.49 [CONTINUE]
 314 games  +99 =132 -83   +18 Elo +/- 29   3fold=103 (33%)   3405s      mean=0.525 LLR=+0.49 [CONTINUE]
 315 games  +99 =133 -83   +18 Elo +/- 29   3fold=104 (33%)   3406s      mean=0.525 LLR=+0.50 [CONTINUE]
 316 games  +99 =134 -83   +18 Elo +/- 29   3fold=105 (33%)   3431s      mean=0.525 LLR=+0.50 [CONTINUE]
 317 games  +99 =134 -84   +16 Elo +/- 29   3fold=105 (33%)   3438s      mean=0.524 LLR=+0.45 [CONTINUE]
 318 games  +100 =134 -84   +17 Elo +/- 29   3fold=105 (33%)   3439s      mean=0.525 LLR=+0.49 [CONTINUE]
 319 games  +100 =134 -85   +16 Elo +/- 29   3fold=105 (33%)   3465s      mean=0.524 LLR=+0.45 [CONTINUE]
 320 games  +100 =134 -86   +15 Elo +/- 29   3fold=105 (33%)   3473s      mean=0.522 LLR=+0.41 [CONTINUE]
 321 games  +100 =134 -87   +14 Elo +/- 29   3fold=105 (33%)   3480s      mean=0.520 LLR=+0.37 [CONTINUE]
 322 games  +100 =134 -88   +13 Elo +/- 29   3fold=105 (33%)   3500s      mean=0.519 LLR=+0.33 [CONTINUE]
 323 games  +100 =134 -89   +12 Elo +/- 29   3fold=105 (33%)   3506s      mean=0.517 LLR=+0.29 [CONTINUE]
 324 games  +100 =135 -89   +12 Elo +/- 29   3fold=106 (33%)   3515s      mean=0.517 LLR=+0.29 [CONTINUE]
 325 games  +100 =136 -89   +12 Elo +/- 29   3fold=107 (33%)   3527s      mean=0.517 LLR=+0.29 [CONTINUE]
 326 games  +100 =137 -89   +12 Elo +/- 29   3fold=108 (33%)   3532s      mean=0.517 LLR=+0.29 [CONTINUE]
 327 games  +101 =137 -89   +13 Elo +/- 29   3fold=108 (33%)   3547s      mean=0.518 LLR=+0.33 [CONTINUE]
 328 games  +101 =137 -90   +12 Elo +/- 29   3fold=108 (33%)   3562s      mean=0.517 LLR=+0.29 [CONTINUE]
 329 games  +101 =138 -90   +12 Elo +/- 29   3fold=108 (33%)   3568s      mean=0.517 LLR=+0.29 [CONTINUE]
 330 games  +102 =138 -90   +13 Elo +/- 29   3fold=108 (33%)   3576s      mean=0.518 LLR=+0.33 [CONTINUE]
 331 games  +102 =139 -90   +13 Elo +/- 29   3fold=108 (33%)   3592s      mean=0.518 LLR=+0.33 [CONTINUE]
 332 games  +102 =139 -91   +12 Elo +/- 29   3fold=108 (33%)   3601s      mean=0.517 LLR=+0.28 [CONTINUE]
 333 games  +102 =139 -92   +10 Elo +/- 29   3fold=108 (32%)   3612s      mean=0.515 LLR=+0.24 [CONTINUE]
 334 games  +102 =140 -92   +10 Elo +/- 28   3fold=109 (33%)   3617s      mean=0.515 LLR=+0.24 [CONTINUE]
 335 games  +102 =140 -93   +9 Elo +/- 28   3fold=109 (33%)   3630s      mean=0.513 LLR=+0.20 [CONTINUE]
 336 games  +103 =140 -93   +10 Elo +/- 28   3fold=109 (32%)   3642s      mean=0.515 LLR=+0.24 [CONTINUE]
 337 games  +103 =141 -93   +10 Elo +/- 28   3fold=109 (32%)   3664s      mean=0.515 LLR=+0.24 [CONTINUE]
 338 games  +103 =141 -94   +9 Elo +/- 28   3fold=109 (32%)   3674s      mean=0.513 LLR=+0.20 [CONTINUE]
 339 games  +104 =141 -94   +10 Elo +/- 28   3fold=109 (32%)   3675s      mean=0.515 LLR=+0.24 [CONTINUE]
 340 games  +104 =142 -94   +10 Elo +/- 28   3fold=110 (32%)   3703s      mean=0.515 LLR=+0.24 [CONTINUE]
 341 games  +104 =142 -95   +9 Elo +/- 28   3fold=110 (32%)   3709s      mean=0.513 LLR=+0.20 [CONTINUE]
 342 games  +105 =142 -95   +10 Elo +/- 28   3fold=110 (32%)   3710s      mean=0.515 LLR=+0.24 [CONTINUE]
 343 games  +106 =142 -95   +11 Elo +/- 28   3fold=110 (32%)   3729s      mean=0.516 LLR=+0.28 [CONTINUE]
 344 games  +107 =142 -95   +12 Elo +/- 28   3fold=110 (32%)   3746s      mean=0.517 LLR=+0.32 [CONTINUE]
 345 games  +107 =143 -95   +12 Elo +/- 28   3fold=111 (32%)   3749s      mean=0.517 LLR=+0.32 [CONTINUE]
 346 games  +107 =143 -96   +11 Elo +/- 28   3fold=111 (32%)   3760s      mean=0.516 LLR=+0.28 [CONTINUE]
 347 games  +107 =143 -97   +10 Elo +/- 28   3fold=111 (32%)   3775s      mean=0.514 LLR=+0.24 [CONTINUE]
 348 games  +108 =143 -97   +11 Elo +/- 28   3fold=111 (32%)   3782s      mean=0.516 LLR=+0.27 [CONTINUE]
 349 games  +109 =143 -97   +12 Elo +/- 28   3fold=111 (32%)   3789s      mean=0.517 LLR=+0.31 [CONTINUE]
 350 games  +110 =143 -97   +13 Elo +/- 28   3fold=111 (32%)   3808s      mean=0.519 LLR=+0.35 [CONTINUE]
 351 games  +111 =143 -97   +14 Elo +/- 28   3fold=111 (32%)   3817s      mean=0.520 LLR=+0.39 [CONTINUE]
 352 games  +111 =144 -97   +14 Elo +/- 28   3fold=111 (32%)   3821s      mean=0.520 LLR=+0.39 [CONTINUE]
 353 games  +111 =144 -98   +13 Elo +/- 28   3fold=111 (31%)   3842s      mean=0.518 LLR=+0.35 [CONTINUE]
 354 games  +111 =144 -99   +12 Elo +/- 28   3fold=111 (31%)   3848s      mean=0.517 LLR=+0.31 [CONTINUE]
 355 games  +112 =144 -99   +13 Elo +/- 28   3fold=111 (31%)   3857s      mean=0.518 LLR=+0.35 [CONTINUE]
 356 games  +112 =145 -99   +13 Elo +/- 28   3fold=111 (31%)   3876s      mean=0.518 LLR=+0.35 [CONTINUE]
 357 games  +112 =145 -100   +12 Elo +/- 28   3fold=111 (31%)   3884s      mean=0.517 LLR=+0.31 [CONTINUE]
 358 games  +112 =145 -101   +11 Elo +/- 28   3fold=111 (31%)   3885s      mean=0.515 LLR=+0.27 [CONTINUE]
 359 games  +112 =145 -102   +10 Elo +/- 28   3fold=111 (31%)   3909s      mean=0.514 LLR=+0.23 [CONTINUE]
 360 games  +112 =146 -102   +10 Elo +/- 28   3fold=112 (31%)   3913s      mean=0.514 LLR=+0.23 [CONTINUE]
 361 games  +112 =147 -102   +10 Elo +/- 28   3fold=113 (31%)   3919s      mean=0.514 LLR=+0.23 [CONTINUE]
 362 games  +112 =147 -103   +9 Elo +/- 28   3fold=113 (31%)   3941s      mean=0.512 LLR=+0.19 [CONTINUE]
 363 games  +112 =147 -104   +8 Elo +/- 28   3fold=113 (31%)   3945s      mean=0.511 LLR=+0.15 [CONTINUE]
 364 games  +113 =147 -104   +9 Elo +/- 28   3fold=113 (31%)   3956s      mean=0.512 LLR=+0.19 [CONTINUE]
 365 games  +114 =147 -104   +10 Elo +/- 28   3fold=113 (31%)   3970s      mean=0.514 LLR=+0.22 [CONTINUE]
 366 games  +114 =148 -104   +9 Elo +/- 28   3fold=113 (31%)   3981s      mean=0.514 LLR=+0.22 [CONTINUE]
 367 games  +114 =149 -104   +9 Elo +/- 27   3fold=114 (31%)   3987s      mean=0.514 LLR=+0.22 [CONTINUE]
 368 games  +115 =149 -104   +10 Elo +/- 27   3fold=114 (31%)   4001s      mean=0.515 LLR=+0.26 [CONTINUE]
 369 games  +115 =150 -104   +10 Elo +/- 27   3fold=115 (31%)   4010s      mean=0.515 LLR=+0.26 [CONTINUE]
 370 games  +116 =150 -104   +11 Elo +/- 27   3fold=115 (31%)   4012s      mean=0.516 LLR=+0.30 [CONTINUE]
 371 games  +117 =150 -104   +12 Elo +/- 27   3fold=115 (31%)   4033s      mean=0.518 LLR=+0.34 [CONTINUE]
 372 games  +117 =151 -104   +12 Elo +/- 27   3fold=116 (31%)   4037s      mean=0.517 LLR=+0.34 [CONTINUE]
 373 games  +117 =151 -105   +11 Elo +/- 27   3fold=116 (31%)   4052s      mean=0.516 LLR=+0.30 [CONTINUE]
 374 games  +117 =152 -105   +11 Elo +/- 27   3fold=116 (31%)   4066s      mean=0.516 LLR=+0.30 [CONTINUE]
 375 games  +117 =153 -105   +11 Elo +/- 27   3fold=117 (31%)   4079s      mean=0.516 LLR=+0.30 [CONTINUE]
 376 games  +117 =154 -105   +11 Elo +/- 27   3fold=117 (31%)   4086s      mean=0.516 LLR=+0.30 [CONTINUE]
 377 games  +117 =154 -106   +10 Elo +/- 27   3fold=117 (31%)   4099s      mean=0.515 LLR=+0.26 [CONTINUE]
 378 games  +117 =155 -106   +10 Elo +/- 27   3fold=118 (31%)   4106s      mean=0.515 LLR=+0.26 [CONTINUE]
 379 games  +118 =155 -106   +11 Elo +/- 27   3fold=118 (31%)   4118s      mean=0.516 LLR=+0.30 [CONTINUE]
 380 games  +119 =155 -106   +12 Elo +/- 27   3fold=118 (31%)   4130s      mean=0.517 LLR=+0.34 [CONTINUE]
 381 games  +119 =156 -106   +12 Elo +/- 27   3fold=119 (31%)   4132s      mean=0.517 LLR=+0.34 [CONTINUE]
 382 games  +119 =157 -106   +12 Elo +/- 27   3fold=120 (31%)   4152s      mean=0.517 LLR=+0.34 [CONTINUE]
 383 games  +120 =157 -106   +13 Elo +/- 27   3fold=120 (31%)   4163s      mean=0.518 LLR=+0.38 [CONTINUE]
 384 games  +120 =158 -106   +13 Elo +/- 27   3fold=120 (31%)   4168s      mean=0.518 LLR=+0.38 [CONTINUE]
 385 games  +120 =158 -107   +12 Elo +/- 27   3fold=120 (31%)   4185s      mean=0.517 LLR=+0.34 [CONTINUE]
 386 games  +121 =158 -107   +13 Elo +/- 27   3fold=120 (31%)   4195s      mean=0.518 LLR=+0.37 [CONTINUE]
 387 games  +121 =158 -108   +12 Elo +/- 27   3fold=120 (31%)   4197s      mean=0.517 LLR=+0.33 [CONTINUE]
 388 games  +121 =158 -109   +11 Elo +/- 27   3fold=120 (31%)   4220s      mean=0.515 LLR=+0.29 [CONTINUE]
 389 games  +122 =158 -109   +12 Elo +/- 27   3fold=120 (31%)   4228s      mean=0.517 LLR=+0.33 [CONTINUE]
 390 games  +123 =158 -109   +12 Elo +/- 27   3fold=120 (31%)   4228s      mean=0.518 LLR=+0.37 [CONTINUE]
 391 games  +123 =159 -109   +12 Elo +/- 27   3fold=121 (31%)   4247s      mean=0.518 LLR=+0.37 [CONTINUE]
 392 games  +123 =159 -110   +12 Elo +/- 27   3fold=121 (31%)   4254s      mean=0.517 LLR=+0.33 [CONTINUE]
 393 games  +124 =159 -110   +12 Elo +/- 27   3fold=121 (31%)   4255s      mean=0.518 LLR=+0.37 [CONTINUE]
 394 games  +124 =160 -110   +12 Elo +/- 26   3fold=122 (31%)   4269s      mean=0.518 LLR=+0.37 [CONTINUE]
 395 games  +124 =161 -110   +12 Elo +/- 26   3fold=123 (31%)   4286s      mean=0.518 LLR=+0.37 [CONTINUE]
 396 games  +124 =162 -110   +12 Elo +/- 26   3fold=124 (31%)   4295s      mean=0.518 LLR=+0.37 [CONTINUE]
 397 games  +124 =163 -110   +12 Elo +/- 26   3fold=125 (31%)   4296s      mean=0.518 LLR=+0.37 [CONTINUE]
 398 games  +124 =164 -110   +12 Elo +/- 26   3fold=126 (32%)   4316s      mean=0.518 LLR=+0.37 [CONTINUE]
 399 games  +124 =164 -111   +11 Elo +/- 26   3fold=126 (32%)   4324s      mean=0.516 LLR=+0.33 [CONTINUE]
 400 games  +124 =164 -112   +10 Elo +/- 26   3fold=126 (32%)   4328s      mean=0.515 LLR=+0.29 [CONTINUE]
 401 games  +124 =165 -112   +10 Elo +/- 26   3fold=127 (32%)   4357s      mean=0.515 LLR=+0.29 [CONTINUE]
 402 games  +124 =166 -112   +10 Elo +/- 26   3fold=128 (32%)   4359s      mean=0.515 LLR=+0.29 [CONTINUE]
 403 games  +125 =166 -112   +11 Elo +/- 26   3fold=128 (32%)   4360s      mean=0.516 LLR=+0.33 [CONTINUE]
 404 games  +126 =166 -112   +12 Elo +/- 26   3fold=128 (32%)   4389s      mean=0.517 LLR=+0.37 [CONTINUE]
 405 games  +127 =166 -112   +13 Elo +/- 26   3fold=128 (32%)   4390s      mean=0.519 LLR=+0.40 [CONTINUE]
 406 games  +128 =166 -112   +14 Elo +/- 26   3fold=128 (32%)   4391s      mean=0.520 LLR=+0.44 [CONTINUE]
 407 games  +128 =167 -112   +14 Elo +/- 26   3fold=129 (32%)   4421s      mean=0.520 LLR=+0.44 [CONTINUE]
 408 games  +128 =167 -113   +13 Elo +/- 26   3fold=129 (32%)   4423s      mean=0.518 LLR=+0.40 [CONTINUE]
 409 games  +128 =167 -114   +12 Elo +/- 26   3fold=129 (32%)   4425s      mean=0.517 LLR=+0.36 [CONTINUE]
 410 games  +128 =167 -115   +11 Elo +/- 26   3fold=129 (31%)   4452s      mean=0.516 LLR=+0.32 [CONTINUE]
 411 games  +128 =167 -116   +10 Elo +/- 26   3fold=129 (31%)   4455s      mean=0.515 LLR=+0.28 [CONTINUE]
 412 games  +128 =168 -116   +10 Elo +/- 26   3fold=129 (31%)   4456s      mean=0.515 LLR=+0.28 [CONTINUE]
 413 games  +129 =168 -116   +11 Elo +/- 26   3fold=129 (31%)   4482s      mean=0.516 LLR=+0.32 [CONTINUE]
 414 games  +129 =169 -116   +11 Elo +/- 26   3fold=130 (31%)   4483s      mean=0.516 LLR=+0.32 [CONTINUE]
 415 games  +130 =169 -116   +12 Elo +/- 26   3fold=130 (31%)   4485s      mean=0.517 LLR=+0.36 [CONTINUE]
 416 games  +131 =169 -116   +13 Elo +/- 26   3fold=130 (31%)   4515s      mean=0.518 LLR=+0.40 [CONTINUE]
 417 games  +131 =170 -116   +13 Elo +/- 26   3fold=131 (31%)   4518s      mean=0.518 LLR=+0.40 [CONTINUE]
 418 games  +132 =170 -116   +13 Elo +/- 26   3fold=131 (31%)   4518s      mean=0.519 LLR=+0.44 [CONTINUE]
 419 games  +132 =170 -117   +12 Elo +/- 26   3fold=131 (31%)   4549s      mean=0.518 LLR=+0.40 [CONTINUE]
 420 games  +133 =170 -117   +13 Elo +/- 26   3fold=131 (31%)   4550s      mean=0.519 LLR=+0.43 [CONTINUE]
 421 games  +134 =170 -117   +14 Elo +/- 26   3fold=131 (31%)   4551s      mean=0.520 LLR=+0.47 [CONTINUE]
 422 games  +134 =171 -117   +14 Elo +/- 26   3fold=132 (31%)   4578s      mean=0.520 LLR=+0.47 [CONTINUE]
 423 games  +135 =171 -117   +15 Elo +/- 26   3fold=132 (31%)   4585s      mean=0.521 LLR=+0.51 [CONTINUE]
 424 games  +136 =171 -117   +16 Elo +/- 26   3fold=132 (31%)   4586s      mean=0.522 LLR=+0.55 [CONTINUE]
 425 games  +137 =171 -117   +16 Elo +/- 26   3fold=132 (31%)   4612s      mean=0.524 LLR=+0.58 [CONTINUE]
 426 games  +138 =171 -117   +17 Elo +/- 26   3fold=132 (31%)   4616s      mean=0.525 LLR=+0.62 [CONTINUE]
 427 games  +138 =172 -117   +17 Elo +/- 26   3fold=133 (31%)   4620s      mean=0.525 LLR=+0.62 [CONTINUE]
 428 games  +139 =172 -117   +18 Elo +/- 26   3fold=133 (31%)   4640s      mean=0.526 LLR=+0.66 [CONTINUE]
 429 games  +139 =172 -118   +17 Elo +/- 26   3fold=133 (31%)   4650s      mean=0.524 LLR=+0.62 [CONTINUE]
 430 games  +139 =173 -118   +17 Elo +/- 25   3fold=134 (31%)   4663s      mean=0.524 LLR=+0.62 [CONTINUE]
 431 games  +140 =173 -118   +18 Elo +/- 25   3fold=134 (31%)   4666s      mean=0.526 LLR=+0.66 [CONTINUE]
 432 games  +140 =173 -119   +17 Elo +/- 25   3fold=134 (31%)   4683s      mean=0.524 LLR=+0.62 [CONTINUE]
 433 games  +140 =174 -119   +17 Elo +/- 25   3fold=135 (31%)   4686s      mean=0.524 LLR=+0.62 [CONTINUE]
 434 games  +140 =174 -120   +16 Elo +/- 25   3fold=135 (31%)   4699s      mean=0.523 LLR=+0.58 [CONTINUE]
 435 games  +140 =175 -120   +16 Elo +/- 25   3fold=136 (31%)   4709s      mean=0.523 LLR=+0.58 [CONTINUE]
 436 games  +141 =175 -120   +17 Elo +/- 25   3fold=136 (31%)   4716s      mean=0.524 LLR=+0.62 [CONTINUE]
 437 games  +141 =176 -120   +17 Elo +/- 25   3fold=137 (31%)   4725s      mean=0.524 LLR=+0.62 [CONTINUE]
 438 games  +141 =176 -121   +16 Elo +/- 25   3fold=137 (31%)   4737s      mean=0.523 LLR=+0.58 [CONTINUE]
 439 games  +141 =177 -121   +16 Elo +/- 25   3fold=138 (31%)   4747s      mean=0.523 LLR=+0.58 [CONTINUE]
 440 games  +141 =178 -121   +16 Elo +/- 25   3fold=139 (32%)   4761s      mean=0.523 LLR=+0.58 [CONTINUE]
 441 games  +141 =178 -122   +15 Elo +/- 25   3fold=139 (32%)   4767s      mean=0.522 LLR=+0.54 [CONTINUE]
 442 games  +141 =179 -122   +15 Elo +/- 25   3fold=140 (32%)   4770s      mean=0.521 LLR=+0.54 [CONTINUE]
 443 games  +141 =180 -122   +15 Elo +/- 25   3fold=141 (32%)   4796s      mean=0.521 LLR=+0.54 [CONTINUE]
 444 games  +142 =180 -122   +16 Elo +/- 25   3fold=141 (32%)   4798s      mean=0.523 LLR=+0.58 [CONTINUE]
 445 games  +143 =180 -122   +16 Elo +/- 25   3fold=141 (32%)   4799s      mean=0.524 LLR=+0.62 [CONTINUE]
 446 games  +144 =180 -122   +17 Elo +/- 25   3fold=141 (32%)   4825s      mean=0.525 LLR=+0.65 [CONTINUE]
 447 games  +144 =180 -123   +16 Elo +/- 25   3fold=141 (32%)   4830s      mean=0.523 LLR=+0.61 [CONTINUE]
 448 games  +145 =180 -123   +17 Elo +/- 25   3fold=141 (31%)   4838s      mean=0.525 LLR=+0.65 [CONTINUE]
 449 games  +145 =180 -124   +16 Elo +/- 25   3fold=141 (31%)   4858s      mean=0.523 LLR=+0.61 [CONTINUE]
 450 games  +145 =180 -125   +15 Elo +/- 25   3fold=141 (31%)   4860s      mean=0.522 LLR=+0.57 [CONTINUE]
 451 games  +146 =180 -125   +16 Elo +/- 25   3fold=141 (31%)   4869s      mean=0.523 LLR=+0.61 [CONTINUE]
 452 games  +146 =181 -125   +16 Elo +/- 25   3fold=142 (31%)   4886s      mean=0.523 LLR=+0.61 [CONTINUE]
 453 games  +147 =181 -125   +17 Elo +/- 25   3fold=142 (31%)   4894s      mean=0.524 LLR=+0.65 [CONTINUE]
 454 games  +148 =181 -125   +18 Elo +/- 25   3fold=142 (31%)   4896s      mean=0.525 LLR=+0.68 [CONTINUE]
 455 games  +149 =181 -125   +18 Elo +/- 25   3fold=142 (31%)   4914s      mean=0.526 LLR=+0.72 [CONTINUE]
 456 games  +149 =182 -125   +18 Elo +/- 25   3fold=143 (31%)   4923s      mean=0.526 LLR=+0.72 [CONTINUE]
 457 games  +150 =182 -125   +19 Elo +/- 25   3fold=143 (31%)   4926s      mean=0.527 LLR=+0.76 [CONTINUE]
 458 games  +150 =183 -125   +19 Elo +/- 25   3fold=143 (31%)   4948s      mean=0.527 LLR=+0.76 [CONTINUE]
 459 games  +150 =184 -125   +19 Elo +/- 25   3fold=144 (31%)   4950s      mean=0.527 LLR=+0.76 [CONTINUE]
 460 games  +151 =184 -125   +20 Elo +/- 25   3fold=144 (31%)   4963s      mean=0.528 LLR=+0.80 [CONTINUE]
 461 games  +151 =184 -126   +19 Elo +/- 25   3fold=144 (31%)   4980s      mean=0.527 LLR=+0.76 [CONTINUE]
 462 games  +152 =184 -126   +20 Elo +/- 25   3fold=144 (31%)   4990s      mean=0.528 LLR=+0.80 [CONTINUE]
 463 games  +152 =185 -126   +20 Elo +/- 25   3fold=144 (31%)   4995s      mean=0.528 LLR=+0.80 [CONTINUE]
 464 games  +152 =185 -127   +19 Elo +/- 25   3fold=144 (31%)   5018s      mean=0.527 LLR=+0.76 [CONTINUE]
 465 games  +152 =186 -127   +19 Elo +/- 25   3fold=145 (31%)   5028s      mean=0.527 LLR=+0.76 [CONTINUE]
 466 games  +152 =187 -127   +19 Elo +/- 24   3fold=146 (31%)   5032s      mean=0.527 LLR=+0.76 [CONTINUE]
 467 games  +153 =187 -127   +19 Elo +/- 24   3fold=146 (31%)   5055s      mean=0.528 LLR=+0.80 [CONTINUE]
 468 games  +153 =188 -127   +19 Elo +/- 24   3fold=147 (31%)   5057s      mean=0.528 LLR=+0.80 [CONTINUE]
 469 games  +153 =189 -127   +19 Elo +/- 24   3fold=147 (31%)   5061s      mean=0.528 LLR=+0.80 [CONTINUE]
 470 games  +154 =189 -127   +20 Elo +/- 24   3fold=147 (31%)   5084s      mean=0.529 LLR=+0.84 [CONTINUE]
 471 games  +154 =190 -127   +20 Elo +/- 24   3fold=148 (31%)   5086s      mean=0.529 LLR=+0.84 [CONTINUE]
 472 games  +154 =191 -127   +20 Elo +/- 24   3fold=149 (32%)   5097s      mean=0.529 LLR=+0.84 [CONTINUE]
 473 games  +154 =192 -127   +20 Elo +/- 24   3fold=150 (32%)   5115s      mean=0.529 LLR=+0.84 [CONTINUE]
 474 games  +154 =192 -128   +19 Elo +/- 24   3fold=150 (32%)   5115s      mean=0.527 LLR=+0.80 [CONTINUE]
 475 games  +155 =192 -128   +20 Elo +/- 24   3fold=150 (32%)   5127s      mean=0.528 LLR=+0.84 [CONTINUE]
 476 games  +156 =192 -128   +20 Elo +/- 24   3fold=150 (32%)   5143s      mean=0.529 LLR=+0.87 [CONTINUE]
 477 games  +156 =193 -128   +20 Elo +/- 24   3fold=150 (31%)   5150s      mean=0.529 LLR=+0.88 [CONTINUE]
 478 games  +156 =194 -128   +20 Elo +/- 24   3fold=151 (32%)   5159s      mean=0.529 LLR=+0.88 [CONTINUE]
 479 games  +156 =194 -129   +20 Elo +/- 24   3fold=151 (32%)   5172s      mean=0.528 LLR=+0.84 [CONTINUE]
 480 games  +157 =194 -129   +20 Elo +/- 24   3fold=151 (31%)   5178s      mean=0.529 LLR=+0.87 [CONTINUE]
 481 games  +158 =194 -129   +21 Elo +/- 24   3fold=151 (31%)   5191s      mean=0.530 LLR=+0.91 [CONTINUE]
 482 games  +158 =195 -129   +21 Elo +/- 24   3fold=152 (32%)   5200s      mean=0.530 LLR=+0.91 [CONTINUE]
 483 games  +158 =195 -130   +20 Elo +/- 24   3fold=152 (31%)   5204s      mean=0.529 LLR=+0.87 [CONTINUE]
 484 games  +159 =195 -130   +21 Elo +/- 24   3fold=152 (31%)   5218s      mean=0.530 LLR=+0.91 [CONTINUE]
 485 games  +160 =195 -130   +22 Elo +/- 24   3fold=152 (31%)   5228s      mean=0.531 LLR=+0.95 [CONTINUE]
 486 games  +160 =196 -130   +21 Elo +/- 24   3fold=153 (31%)   5241s      mean=0.531 LLR=+0.95 [CONTINUE]
 487 games  +161 =196 -130   +22 Elo +/- 24   3fold=153 (31%)   5252s      mean=0.532 LLR=+0.99 [CONTINUE]
 488 games  +162 =196 -130   +23 Elo +/- 24   3fold=153 (31%)   5257s      mean=0.533 LLR=+1.02 [CONTINUE]
 489 games  +162 =197 -130   +23 Elo +/- 24   3fold=154 (31%)   5262s      mean=0.533 LLR=+1.02 [CONTINUE]
 490 games  +163 =197 -130   +23 Elo +/- 24   3fold=154 (31%)   5282s      mean=0.534 LLR=+1.06 [CONTINUE]
 491 games  +164 =197 -130   +24 Elo +/- 24   3fold=154 (31%)   5287s      mean=0.535 LLR=+1.10 [CONTINUE]
 492 games  +164 =198 -130   +24 Elo +/- 24   3fold=154 (31%)   5290s      mean=0.535 LLR=+1.10 [CONTINUE]
 493 games  +165 =198 -130   +25 Elo +/- 24   3fold=154 (31%)   5310s      mean=0.535 LLR=+1.14 [CONTINUE]
 494 games  +165 =199 -130   +25 Elo +/- 24   3fold=155 (31%)   5316s      mean=0.535 LLR=+1.14 [CONTINUE]
 495 games  +165 =199 -131   +24 Elo +/- 24   3fold=155 (31%)   5324s      mean=0.534 LLR=+1.10 [CONTINUE]
 496 games  +165 =199 -132   +23 Elo +/- 24   3fold=155 (31%)   5347s      mean=0.533 LLR=+1.06 [CONTINUE]
 497 games  +165 =199 -133   +22 Elo +/- 24   3fold=155 (31%)   5351s      mean=0.532 LLR=+1.02 [CONTINUE]
 498 games  +165 =200 -133   +22 Elo +/- 24   3fold=156 (31%)   5356s      mean=0.532 LLR=+1.02 [CONTINUE]
 499 games  +165 =200 -134   +22 Elo +/- 24   3fold=156 (31%)   5379s      mean=0.531 LLR=+0.98 [CONTINUE]
 500 games  +165 =201 -134   +22 Elo +/- 24   3fold=157 (31%)   5383s      mean=0.531 LLR=+0.98 [CONTINUE]
 501 games  +166 =201 -134   +22 Elo +/- 24   3fold=157 (31%)   5387s      mean=0.532 LLR=+1.02 [CONTINUE]
 502 games  +166 =201 -135   +21 Elo +/- 24   3fold=157 (31%)   5405s      mean=0.531 LLR=+0.97 [CONTINUE]
 503 games  +166 =202 -135   +21 Elo +/- 24   3fold=158 (31%)   5412s      mean=0.531 LLR=+0.98 [CONTINUE]
 504 games  +166 =203 -135   +21 Elo +/- 23   3fold=159 (32%)   5428s      mean=0.531 LLR=+0.98 [CONTINUE]
 505 games  +166 =203 -136   +21 Elo +/- 23   3fold=159 (31%)   5438s      mean=0.530 LLR=+0.94 [CONTINUE]
 506 games  +167 =203 -136   +21 Elo +/- 23   3fold=159 (31%)   5459s      mean=0.531 LLR=+0.97 [CONTINUE]
 507 games  +168 =203 -136   +22 Elo +/- 23   3fold=159 (31%)   5462s      mean=0.532 LLR=+1.01 [CONTINUE]
 508 games  +168 =203 -137   +21 Elo +/- 23   3fold=159 (31%)   5478s      mean=0.531 LLR=+0.97 [CONTINUE]
 509 games  +168 =203 -138   +21 Elo +/- 23   3fold=159 (31%)   5488s      mean=0.529 LLR=+0.93 [CONTINUE]
 510 games  +168 =204 -138   +20 Elo +/- 23   3fold=159 (31%)   5495s      mean=0.529 LLR=+0.93 [CONTINUE]
 511 games  +168 =205 -138   +20 Elo +/- 23   3fold=160 (31%)   5501s      mean=0.529 LLR=+0.93 [CONTINUE]
 512 games  +169 =205 -138   +21 Elo +/- 23   3fold=160 (31%)   5524s      mean=0.530 LLR=+0.97 [CONTINUE]
 513 games  +169 =205 -139   +20 Elo +/- 23   3fold=160 (31%)   5532s      mean=0.529 LLR=+0.93 [CONTINUE]
 514 games  +169 =206 -139   +20 Elo +/- 23   3fold=160 (31%)   5532s      mean=0.529 LLR=+0.93 [CONTINUE]
 515 games  +169 =206 -140   +20 Elo +/- 23   3fold=160 (31%)   5556s      mean=0.528 LLR=+0.89 [CONTINUE]
 516 games  +169 =207 -140   +20 Elo +/- 23   3fold=161 (31%)   5558s      mean=0.528 LLR=+0.89 [CONTINUE]
 517 games  +169 =207 -141   +19 Elo +/- 23   3fold=161 (31%)   5568s      mean=0.527 LLR=+0.85 [CONTINUE]
 518 games  +170 =207 -141   +19 Elo +/- 23   3fold=161 (31%)   5588s      mean=0.528 LLR=+0.89 [CONTINUE]
 519 games  +170 =207 -142   +19 Elo +/- 23   3fold=161 (31%)   5591s      mean=0.527 LLR=+0.85 [CONTINUE]
 520 games  +170 =208 -142   +19 Elo +/- 23   3fold=161 (31%)   5601s      mean=0.527 LLR=+0.85 [CONTINUE]
 521 games  +170 =209 -142   +19 Elo +/- 23   3fold=162 (31%)   5618s      mean=0.527 LLR=+0.85 [CONTINUE]
 522 games  +171 =209 -142   +19 Elo +/- 23   3fold=162 (31%)   5622s      mean=0.528 LLR=+0.89 [CONTINUE]
 523 games  +171 =210 -142   +19 Elo +/- 23   3fold=162 (31%)   5635s      mean=0.528 LLR=+0.89 [CONTINUE]
 524 games  +172 =210 -142   +20 Elo +/- 23   3fold=162 (31%)   5652s      mean=0.529 LLR=+0.93 [CONTINUE]
 525 games  +173 =210 -142   +21 Elo +/- 23   3fold=162 (31%)   5655s      mean=0.530 LLR=+0.96 [CONTINUE]
 526 games  +173 =211 -142   +20 Elo +/- 23   3fold=163 (31%)   5665s      mean=0.529 LLR=+0.96 [CONTINUE]
 527 games  +173 =211 -143   +20 Elo +/- 23   3fold=163 (31%)   5686s      mean=0.528 LLR=+0.92 [CONTINUE]
 528 games  +174 =211 -143   +20 Elo +/- 23   3fold=163 (31%)   5689s      mean=0.529 LLR=+0.96 [CONTINUE]
 529 games  +174 =212 -143   +20 Elo +/- 23   3fold=164 (31%)   5694s      mean=0.529 LLR=+0.96 [CONTINUE]
 530 games  +175 =212 -143   +21 Elo +/- 23   3fold=164 (31%)   5713s      mean=0.530 LLR=+1.00 [CONTINUE]
 531 games  +175 =212 -144   +20 Elo +/- 23   3fold=164 (31%)   5719s      mean=0.529 LLR=+0.96 [CONTINUE]
 532 games  +175 =213 -144   +20 Elo +/- 23   3fold=165 (31%)   5720s      mean=0.529 LLR=+0.96 [CONTINUE]
 533 games  +176 =213 -144   +21 Elo +/- 23   3fold=165 (31%)   5744s      mean=0.530 LLR=+1.00 [CONTINUE]
 534 games  +176 =214 -144   +21 Elo +/- 23   3fold=165 (31%)   5749s      mean=0.530 LLR=+1.00 [CONTINUE]
 535 games  +176 =215 -144   +21 Elo +/- 23   3fold=165 (31%)   5757s      mean=0.530 LLR=+1.00 [CONTINUE]
 536 games  +177 =215 -144   +21 Elo +/- 23   3fold=165 (31%)   5777s      mean=0.531 LLR=+1.04 [CONTINUE]
 537 games  +177 =215 -145   +21 Elo +/- 23   3fold=165 (31%)   5786s      mean=0.530 LLR=+1.00 [CONTINUE]
 538 games  +177 =215 -146   +20 Elo +/- 23   3fold=165 (31%)   5790s      mean=0.529 LLR=+0.96 [CONTINUE]
 539 games  +177 =216 -146   +20 Elo +/- 23   3fold=166 (31%)   5803s      mean=0.529 LLR=+0.96 [CONTINUE]
 540 games  +177 =217 -146   +20 Elo +/- 23   3fold=166 (31%)   5816s      mean=0.529 LLR=+0.96 [CONTINUE]
 541 games  +178 =217 -146   +21 Elo +/- 23   3fold=166 (31%)   5822s      mean=0.530 LLR=+1.00 [CONTINUE]
 542 games  +178 =218 -146   +21 Elo +/- 23   3fold=167 (31%)   5840s      mean=0.530 LLR=+1.00 [CONTINUE]
 543 games  +178 =218 -147   +20 Elo +/- 23   3fold=167 (31%)   5844s      mean=0.529 LLR=+0.96 [CONTINUE]
 544 games  +178 =218 -148   +19 Elo +/- 23   3fold=167 (31%)   5855s      mean=0.528 LLR=+0.92 [CONTINUE]
 545 games  +178 =219 -148   +19 Elo +/- 23   3fold=168 (31%)   5867s      mean=0.528 LLR=+0.92 [CONTINUE]
 546 games  +179 =219 -148   +20 Elo +/- 23   3fold=168 (31%)   5871s      mean=0.528 LLR=+0.96 [CONTINUE]
 547 games  +180 =219 -148   +20 Elo +/- 23   3fold=168 (31%)   5883s      mean=0.529 LLR=+0.99 [CONTINUE]
 548 games  +180 =220 -148   +20 Elo +/- 23   3fold=169 (31%)   5896s      mean=0.529 LLR=+0.99 [CONTINUE]
 549 games  +180 =220 -149   +20 Elo +/- 23   3fold=169 (31%)   5908s      mean=0.528 LLR=+0.95 [CONTINUE]
 550 games  +181 =220 -149   +20 Elo +/- 23   3fold=169 (31%)   5915s      mean=0.529 LLR=+0.99 [CONTINUE]
 551 games  +181 =220 -150   +20 Elo +/- 23   3fold=169 (31%)   5932s      mean=0.528 LLR=+0.95 [CONTINUE]
 552 games  +181 =220 -151   +19 Elo +/- 23   3fold=169 (31%)   5938s      mean=0.527 LLR=+0.91 [CONTINUE]
 553 games  +181 =220 -152   +18 Elo +/- 23   3fold=169 (31%)   5954s      mean=0.526 LLR=+0.87 [CONTINUE]
 554 games  +181 =220 -153   +18 Elo +/- 23   3fold=169 (31%)   5963s      mean=0.525 LLR=+0.83 [CONTINUE]
 555 games  +181 =221 -153   +18 Elo +/- 22   3fold=170 (31%)   5965s      mean=0.525 LLR=+0.83 [CONTINUE]
 556 games  +182 =221 -153   +18 Elo +/- 22   3fold=170 (31%)   5989s      mean=0.526 LLR=+0.87 [CONTINUE]
 557 games  +182 =221 -154   +17 Elo +/- 22   3fold=170 (31%)   5994s      mean=0.525 LLR=+0.83 [CONTINUE]
 558 games  +182 =222 -154   +17 Elo +/- 22   3fold=171 (31%)   5996s      mean=0.525 LLR=+0.83 [CONTINUE]
 559 games  +182 =223 -154   +17 Elo +/- 22   3fold=171 (31%)   6021s      mean=0.525 LLR=+0.83 [CONTINUE]
 560 games  +183 =223 -154   +18 Elo +/- 22   3fold=171 (31%)   6021s      mean=0.526 LLR=+0.87 [CONTINUE]
 561 games  +184 =223 -154   +19 Elo +/- 22   3fold=171 (30%)   6022s      mean=0.527 LLR=+0.90 [CONTINUE]
 562 games  +185 =223 -154   +19 Elo +/- 22   3fold=171 (30%)   6046s      mean=0.528 LLR=+0.94 [CONTINUE]
 563 games  +185 =223 -155   +19 Elo +/- 22   3fold=171 (30%)   6051s      mean=0.527 LLR=+0.90 [CONTINUE]
 564 games  +185 =224 -155   +18 Elo +/- 22   3fold=172 (30%)   6062s      mean=0.527 LLR=+0.90 [CONTINUE]
 565 games  +185 =224 -156   +18 Elo +/- 22   3fold=172 (30%)   6079s      mean=0.526 LLR=+0.86 [CONTINUE]
 566 games  +186 =224 -156   +18 Elo +/- 22   3fold=172 (30%)   6084s      mean=0.527 LLR=+0.90 [CONTINUE]
 567 games  +187 =224 -156   +19 Elo +/- 22   3fold=172 (30%)   6095s      mean=0.527 LLR=+0.94 [CONTINUE]
 568 games  +187 =225 -156   +19 Elo +/- 22   3fold=172 (30%)   6114s      mean=0.527 LLR=+0.94 [CONTINUE]
 569 games  +187 =225 -157   +18 Elo +/- 22   3fold=172 (30%)   6117s      mean=0.526 LLR=+0.90 [CONTINUE]
 570 games  +187 =226 -157   +18 Elo +/- 22   3fold=173 (30%)   6125s      mean=0.526 LLR=+0.90 [CONTINUE]
 571 games  +188 =226 -157   +19 Elo +/- 22   3fold=173 (30%)   6142s      mean=0.527 LLR=+0.94 [CONTINUE]
 572 games  +188 =226 -158   +18 Elo +/- 22   3fold=173 (30%)   6148s      mean=0.526 LLR=+0.90 [CONTINUE]
 573 games  +188 =226 -159   +18 Elo +/- 22   3fold=173 (30%)   6164s      mean=0.525 LLR=+0.86 [CONTINUE]
 574 games  +188 =227 -159   +18 Elo +/- 22   3fold=173 (30%)   6174s      mean=0.525 LLR=+0.86 [CONTINUE]
 575 games  +188 =228 -159   +18 Elo +/- 22   3fold=173 (30%)   6192s      mean=0.525 LLR=+0.86 [CONTINUE]
 576 games  +188 =229 -159   +18 Elo +/- 22   3fold=174 (30%)   6203s      mean=0.525 LLR=+0.86 [CONTINUE]
 577 games  +189 =229 -159   +18 Elo +/- 22   3fold=174 (30%)   6205s      mean=0.526 LLR=+0.90 [CONTINUE]
 578 games  +189 =229 -160   +17 Elo +/- 22   3fold=174 (30%)   6226s      mean=0.525 LLR=+0.86 [CONTINUE]
 579 games  +189 =230 -160   +17 Elo +/- 22   3fold=175 (30%)   6227s      mean=0.525 LLR=+0.86 [CONTINUE]
 580 games  +189 =230 -161   +17 Elo +/- 22   3fold=175 (30%)   6238s      mean=0.524 LLR=+0.82 [CONTINUE]
 581 games  +189 =230 -162   +16 Elo +/- 22   3fold=175 (30%)   6257s      mean=0.523 LLR=+0.78 [CONTINUE]
 582 games  +189 =231 -162   +16 Elo +/- 22   3fold=176 (30%)   6262s      mean=0.523 LLR=+0.78 [CONTINUE]
 583 games  +190 =231 -162   +17 Elo +/- 22   3fold=176 (30%)   6266s      mean=0.524 LLR=+0.81 [CONTINUE]
 584 games  +190 =232 -162   +17 Elo +/- 22   3fold=177 (30%)   6288s      mean=0.524 LLR=+0.82 [CONTINUE]
 585 games  +190 =232 -163   +16 Elo +/- 22   3fold=177 (30%)   6293s      mean=0.523 LLR=+0.78 [CONTINUE]
 586 games  +191 =232 -163   +17 Elo +/- 22   3fold=177 (30%)   6296s      mean=0.524 LLR=+0.81 [CONTINUE]
 587 games  +192 =232 -163   +17 Elo +/- 22   3fold=177 (30%)   6321s      mean=0.525 LLR=+0.85 [CONTINUE]
 588 games  +193 =232 -163   +18 Elo +/- 22   3fold=177 (30%)   6325s      mean=0.526 LLR=+0.89 [CONTINUE]
 589 games  +193 =233 -163   +18 Elo +/- 22   3fold=177 (30%)   6329s      mean=0.525 LLR=+0.89 [CONTINUE]
 590 games  +193 =234 -163   +18 Elo +/- 22   3fold=178 (30%)   6351s      mean=0.525 LLR=+0.89 [CONTINUE]
 591 games  +193 =235 -163   +18 Elo +/- 22   3fold=179 (30%)   6355s      mean=0.525 LLR=+0.89 [CONTINUE]
 592 games  +194 =235 -163   +18 Elo +/- 22   3fold=179 (30%)   6358s      mean=0.526 LLR=+0.93 [CONTINUE]
 593 games  +194 =236 -163   +18 Elo +/- 22   3fold=180 (30%)   6385s      mean=0.526 LLR=+0.93 [CONTINUE]
 594 games  +195 =236 -163   +19 Elo +/- 22   3fold=180 (30%)   6387s      mean=0.527 LLR=+0.97 [CONTINUE]
 595 games  +195 =237 -163   +19 Elo +/- 22   3fold=181 (30%)   6393s      mean=0.527 LLR=+0.97 [CONTINUE]
 596 games  +195 =238 -163   +19 Elo +/- 22   3fold=182 (31%)   6417s      mean=0.527 LLR=+0.97 [CONTINUE]
 597 games  +195 =238 -164   +18 Elo +/- 22   3fold=182 (30%)   6418s      mean=0.526 LLR=+0.93 [CONTINUE]
 598 games  +195 =239 -164   +18 Elo +/- 22   3fold=183 (31%)   6430s      mean=0.526 LLR=+0.93 [CONTINUE]
 599 games  +195 =239 -165   +17 Elo +/- 22   3fold=183 (31%)   6446s      mean=0.525 LLR=+0.89 [CONTINUE]
 600 games  +195 =240 -165   +17 Elo +/- 22   3fold=184 (31%)   6447s      mean=0.525 LLR=+0.89 [CONTINUE]
 601 games  +195 =241 -165   +17 Elo +/- 22   3fold=184 (31%)   6467s      mean=0.525 LLR=+0.89 [CONTINUE]
 602 games  +195 =242 -165   +17 Elo +/- 21   3fold=185 (31%)   6477s      mean=0.525 LLR=+0.89 [CONTINUE]
 603 games  +195 =242 -166   +17 Elo +/- 21   3fold=185 (31%)   6477s      mean=0.524 LLR=+0.85 [CONTINUE]
 604 games  +195 =243 -166   +17 Elo +/- 21   3fold=186 (31%)   6497s      mean=0.524 LLR=+0.85 [CONTINUE]
 605 games  +196 =243 -166   +17 Elo +/- 21   3fold=186 (31%)   6508s      mean=0.525 LLR=+0.89 [CONTINUE]
 606 games  +197 =243 -166   +18 Elo +/- 21   3fold=186 (31%)   6516s      mean=0.526 LLR=+0.93 [CONTINUE]
 607 games  +198 =243 -166   +18 Elo +/- 21   3fold=186 (31%)   6527s      mean=0.526 LLR=+0.96 [CONTINUE]
 608 games  +198 =244 -166   +18 Elo +/- 21   3fold=187 (31%)   6540s      mean=0.526 LLR=+0.97 [CONTINUE]
 609 games  +198 =244 -167   +18 Elo +/- 21   3fold=187 (31%)   6544s      mean=0.525 LLR=+0.93 [CONTINUE]
 610 games  +198 =244 -168   +17 Elo +/- 21   3fold=187 (31%)   6556s      mean=0.525 LLR=+0.89 [CONTINUE]
 611 games  +198 =245 -168   +17 Elo +/- 21   3fold=188 (31%)   6564s      mean=0.525 LLR=+0.89 [CONTINUE]
 612 games  +198 =246 -168   +17 Elo +/- 21   3fold=189 (31%)   6574s      mean=0.525 LLR=+0.89 [CONTINUE]
 613 games  +198 =246 -169   +16 Elo +/- 21   3fold=189 (31%)   6587s      mean=0.524 LLR=+0.85 [CONTINUE]
 614 games  +199 =246 -169   +17 Elo +/- 21   3fold=189 (31%)   6593s      mean=0.524 LLR=+0.88 [CONTINUE]
 615 games  +199 =247 -169   +17 Elo +/- 21   3fold=190 (31%)   6600s      mean=0.524 LLR=+0.89 [CONTINUE]
 616 games  +199 =247 -170   +16 Elo +/- 21   3fold=190 (31%)   6615s      mean=0.524 LLR=+0.85 [CONTINUE]
 617 games  +199 =247 -171   +16 Elo +/- 21   3fold=190 (31%)   6617s      mean=0.523 LLR=+0.81 [CONTINUE]
 618 games  +199 =247 -172   +15 Elo +/- 21   3fold=190 (31%)   6625s      mean=0.522 LLR=+0.77 [CONTINUE]
 619 games  +199 =248 -172   +15 Elo +/- 21   3fold=190 (31%)   6648s      mean=0.522 LLR=+0.77 [CONTINUE]
 620 games  +200 =248 -172   +16 Elo +/- 21   3fold=190 (31%)   6651s      mean=0.523 LLR=+0.80 [CONTINUE]
 621 games  +200 =249 -172   +16 Elo +/- 21   3fold=191 (31%)   6655s      mean=0.523 LLR=+0.80 [CONTINUE]
 622 games  +200 =249 -173   +15 Elo +/- 21   3fold=191 (31%)   6682s      mean=0.522 LLR=+0.76 [CONTINUE]
 623 games  +200 =250 -173   +15 Elo +/- 21   3fold=191 (31%)   6688s      mean=0.522 LLR=+0.76 [CONTINUE]
 624 games  +200 =251 -173   +15 Elo +/- 21   3fold=192 (31%)   6689s      mean=0.522 LLR=+0.77 [CONTINUE]
 625 games  +201 =251 -173   +16 Elo +/- 21   3fold=192 (31%)   6709s      mean=0.522 LLR=+0.80 [CONTINUE]
 626 games  +201 =252 -173   +16 Elo +/- 21   3fold=193 (31%)   6715s      mean=0.522 LLR=+0.80 [CONTINUE]
 627 games  +202 =252 -173   +16 Elo +/- 21   3fold=193 (31%)   6722s      mean=0.523 LLR=+0.84 [CONTINUE]
 628 games  +203 =252 -173   +17 Elo +/- 21   3fold=193 (31%)   6747s      mean=0.524 LLR=+0.88 [CONTINUE]
 629 games  +203 =253 -173   +17 Elo +/- 21   3fold=193 (31%)   6759s      mean=0.524 LLR=+0.88 [CONTINUE]
 630 games  +203 =254 -173   +17 Elo +/- 21   3fold=193 (31%)   6768s      mean=0.524 LLR=+0.88 [CONTINUE]
 631 games  +203 =255 -173   +17 Elo +/- 21   3fold=193 (31%)   6782s      mean=0.524 LLR=+0.88 [CONTINUE]
 632 games  +203 =255 -174   +16 Elo +/- 21   3fold=193 (31%)   6791s      mean=0.523 LLR=+0.84 [CONTINUE]
 633 games  +204 =255 -174   +16 Elo +/- 21   3fold=193 (30%)   6798s      mean=0.524 LLR=+0.88 [CONTINUE]
 634 games  +204 =256 -174   +16 Elo +/- 21   3fold=194 (31%)   6814s      mean=0.524 LLR=+0.88 [CONTINUE]
 635 games  +204 =256 -175   +16 Elo +/- 21   3fold=194 (31%)   6820s      mean=0.523 LLR=+0.84 [CONTINUE]
 636 games  +204 =257 -175   +16 Elo +/- 21   3fold=194 (31%)   6832s      mean=0.523 LLR=+0.84 [CONTINUE]
 637 games  +204 =257 -176   +15 Elo +/- 21   3fold=194 (30%)   6845s      mean=0.522 LLR=+0.80 [CONTINUE]
 638 games  +204 =258 -176   +15 Elo +/- 21   3fold=194 (30%)   6857s      mean=0.522 LLR=+0.80 [CONTINUE]
 639 games  +204 =258 -177   +15 Elo +/- 21   3fold=194 (30%)   6863s      mean=0.521 LLR=+0.76 [CONTINUE]
 640 games  +204 =259 -177   +15 Elo +/- 21   3fold=195 (30%)   6874s      mean=0.521 LLR=+0.76 [CONTINUE]
 641 games  +205 =259 -177   +15 Elo +/- 21   3fold=195 (30%)   6892s      mean=0.522 LLR=+0.80 [CONTINUE]
 642 games  +205 =260 -177   +15 Elo +/- 21   3fold=196 (31%)   6894s      mean=0.522 LLR=+0.80 [CONTINUE]
 643 games  +205 =261 -177   +15 Elo +/- 21   3fold=197 (31%)   6903s      mean=0.522 LLR=+0.80 [CONTINUE]
 644 games  +205 =261 -178   +15 Elo +/- 21   3fold=197 (31%)   6925s      mean=0.521 LLR=+0.76 [CONTINUE]
 645 games  +205 =262 -178   +15 Elo +/- 21   3fold=197 (31%)   6927s      mean=0.521 LLR=+0.76 [CONTINUE]
 646 games  +205 =263 -178   +15 Elo +/- 21   3fold=197 (30%)   6937s      mean=0.521 LLR=+0.76 [CONTINUE]
 647 games  +206 =263 -178   +15 Elo +/- 21   3fold=197 (30%)   6955s      mean=0.522 LLR=+0.80 [CONTINUE]
 648 games  +207 =263 -178   +16 Elo +/- 21   3fold=197 (30%)   6957s      mean=0.522 LLR=+0.84 [CONTINUE]
 649 games  +207 =263 -179   +15 Elo +/- 21   3fold=197 (30%)   6975s      mean=0.522 LLR=+0.80 [CONTINUE]
 650 games  +208 =263 -179   +16 Elo +/- 21   3fold=197 (30%)   6985s      mean=0.522 LLR=+0.83 [CONTINUE]
 651 games  +208 =263 -180   +15 Elo +/- 21   3fold=197 (30%)   6988s      mean=0.522 LLR=+0.79 [CONTINUE]
 652 games  +208 =264 -180   +15 Elo +/- 21   3fold=198 (30%)   7010s      mean=0.521 LLR=+0.80 [CONTINUE]
 653 games  +209 =264 -180   +15 Elo +/- 21   3fold=198 (30%)   7010s      mean=0.522 LLR=+0.83 [CONTINUE]
 654 games  +209 =265 -180   +15 Elo +/- 21   3fold=199 (30%)   7014s      mean=0.522 LLR=+0.83 [CONTINUE]
 655 games  +210 =265 -180   +16 Elo +/- 21   3fold=199 (30%)   7039s      mean=0.523 LLR=+0.87 [CONTINUE]
 656 games  +210 =266 -180   +16 Elo +/- 21   3fold=199 (30%)   7042s      mean=0.523 LLR=+0.87 [CONTINUE]
 657 games  +210 =267 -180   +16 Elo +/- 20   3fold=199 (30%)   7048s      mean=0.523 LLR=+0.87 [CONTINUE]
 658 games  +211 =267 -180   +16 Elo +/- 20   3fold=199 (30%)   7068s      mean=0.524 LLR=+0.91 [CONTINUE]
 659 games  +212 =267 -180   +17 Elo +/- 20   3fold=199 (30%)   7073s      mean=0.524 LLR=+0.95 [CONTINUE]
 660 games  +212 =268 -180   +17 Elo +/- 20   3fold=200 (30%)   7075s      mean=0.524 LLR=+0.95 [CONTINUE]
 661 games  +212 =269 -180   +17 Elo +/- 20   3fold=200 (30%)   7102s      mean=0.524 LLR=+0.95 [CONTINUE]
 662 games  +212 =269 -181   +16 Elo +/- 20   3fold=200 (30%)   7102s      mean=0.523 LLR=+0.91 [CONTINUE]
 663 games  +212 =270 -181   +16 Elo +/- 20   3fold=201 (30%)   7112s      mean=0.523 LLR=+0.91 [CONTINUE]
 664 games  +213 =270 -181   +17 Elo +/- 20   3fold=201 (30%)   7133s      mean=0.524 LLR=+0.95 [CONTINUE]
 665 games  +214 =270 -181   +17 Elo +/- 20   3fold=201 (30%)   7136s      mean=0.525 LLR=+0.99 [CONTINUE]
 666 games  +214 =270 -182   +17 Elo +/- 20   3fold=201 (30%)   7142s      mean=0.524 LLR=+0.95 [CONTINUE]
 667 games  +214 =270 -183   +16 Elo +/- 20   3fold=201 (30%)   7166s      mean=0.523 LLR=+0.91 [CONTINUE]
 668 games  +215 =270 -183   +17 Elo +/- 20   3fold=201 (30%)   7168s      mean=0.524 LLR=+0.94 [CONTINUE]
 669 games  +215 =271 -183   +17 Elo +/- 20   3fold=202 (30%)   7170s      mean=0.524 LLR=+0.94 [CONTINUE]
 670 games  +215 =272 -183   +17 Elo +/- 20   3fold=203 (30%)   7197s      mean=0.524 LLR=+0.94 [CONTINUE]
 671 games  +216 =272 -183   +17 Elo +/- 20   3fold=203 (30%)   7203s      mean=0.525 LLR=+0.98 [CONTINUE]
 672 games  +216 =273 -183   +17 Elo +/- 20   3fold=203 (30%)   7214s      mean=0.525 LLR=+0.98 [CONTINUE]
 673 games  +217 =273 -183   +18 Elo +/- 20   3fold=203 (30%)   7231s      mean=0.525 LLR=+1.02 [CONTINUE]
 674 games  +217 =274 -183   +18 Elo +/- 20   3fold=204 (30%)   7239s      mean=0.525 LLR=+1.02 [CONTINUE]
 675 games  +218 =274 -183   +18 Elo +/- 20   3fold=204 (30%)   7241s      mean=0.526 LLR=+1.06 [CONTINUE]
 676 games  +218 =274 -184   +17 Elo +/- 20   3fold=204 (30%)   7266s      mean=0.525 LLR=+1.02 [CONTINUE]
 677 games  +218 =275 -184   +17 Elo +/- 20   3fold=204 (30%)   7273s      mean=0.525 LLR=+1.02 [CONTINUE]
 678 games  +219 =275 -184   +18 Elo +/- 20   3fold=204 (30%)   7273s      mean=0.526 LLR=+1.06 [CONTINUE]
 679 games  +219 =275 -185   +17 Elo +/- 20   3fold=204 (30%)   7297s      mean=0.525 LLR=+1.02 [CONTINUE]
 680 games  +219 =276 -185   +17 Elo +/- 20   3fold=205 (30%)   7303s      mean=0.525 LLR=+1.02 [CONTINUE]
 681 games  +220 =276 -185   +18 Elo +/- 20   3fold=205 (30%)   7323s      mean=0.526 LLR=+1.06 [CONTINUE]
 682 games  +220 =277 -185   +18 Elo +/- 20   3fold=205 (30%)   7336s      mean=0.526 LLR=+1.06 [CONTINUE]
 683 games  +220 =277 -186   +17 Elo +/- 20   3fold=205 (30%)   7337s      mean=0.525 LLR=+1.02 [CONTINUE]
 684 games  +221 =277 -186   +18 Elo +/- 20   3fold=205 (30%)   7355s      mean=0.526 LLR=+1.05 [CONTINUE]
 685 games  +221 =278 -186   +18 Elo +/- 20   3fold=206 (30%)   7370s      mean=0.526 LLR=+1.06 [CONTINUE]
 686 games  +221 =279 -186   +18 Elo +/- 20   3fold=207 (30%)   7372s      mean=0.526 LLR=+1.06 [CONTINUE]
 687 games  +222 =279 -186   +18 Elo +/- 20   3fold=207 (30%)   7384s      mean=0.526 LLR=+1.09 [CONTINUE]
 688 games  +222 =280 -186   +18 Elo +/- 20   3fold=208 (30%)   7397s      mean=0.526 LLR=+1.10 [CONTINUE]
 689 games  +223 =280 -186   +19 Elo +/- 20   3fold=208 (30%)   7400s      mean=0.527 LLR=+1.13 [CONTINUE]
 690 games  +223 =280 -187   +18 Elo +/- 20   3fold=208 (30%)   7419s      mean=0.526 LLR=+1.09 [CONTINUE]
 691 games  +223 =281 -187   +18 Elo +/- 20   3fold=209 (30%)   7428s      mean=0.526 LLR=+1.09 [CONTINUE]
 692 games  +223 =281 -188   +18 Elo +/- 20   3fold=209 (30%)   7430s      mean=0.525 LLR=+1.05 [CONTINUE]
 693 games  +224 =281 -188   +18 Elo +/- 20   3fold=209 (30%)   7450s      mean=0.526 LLR=+1.09 [CONTINUE]
 694 games  +225 =281 -188   +19 Elo +/- 20   3fold=209 (30%)   7457s      mean=0.527 LLR=+1.13 [CONTINUE]
 695 games  +225 =281 -189   +18 Elo +/- 20   3fold=209 (30%)   7457s      mean=0.526 LLR=+1.09 [CONTINUE]
 696 games  +226 =281 -189   +18 Elo +/- 20   3fold=209 (30%)   7484s      mean=0.527 LLR=+1.12 [CONTINUE]
 697 games  +226 =281 -190   +18 Elo +/- 20   3fold=209 (30%)   7489s      mean=0.526 LLR=+1.08 [CONTINUE]
 698 games  +227 =281 -190   +18 Elo +/- 20   3fold=209 (30%)   7493s      mean=0.527 LLR=+1.12 [CONTINUE]
 699 games  +228 =281 -190   +19 Elo +/- 20   3fold=209 (30%)   7516s      mean=0.527 LLR=+1.16 [CONTINUE]
 700 games  +228 =282 -190   +19 Elo +/- 20   3fold=209 (30%)   7518s      mean=0.527 LLR=+1.16 [CONTINUE]
 701 games  +228 =282 -191   +18 Elo +/- 20   3fold=209 (30%)   7525s      mean=0.526 LLR=+1.12 [CONTINUE]
 702 games  +229 =282 -191   +19 Elo +/- 20   3fold=209 (30%)   7544s      mean=0.527 LLR=+1.16 [CONTINUE]
 703 games  +229 =283 -191   +19 Elo +/- 20   3fold=210 (30%)   7545s      mean=0.527 LLR=+1.16 [CONTINUE]
 704 games  +229 =283 -192   +18 Elo +/- 20   3fold=210 (30%)   7557s      mean=0.526 LLR=+1.12 [CONTINUE]
 705 games  +229 =284 -192   +18 Elo +/- 20   3fold=211 (30%)   7575s      mean=0.526 LLR=+1.12 [CONTINUE]
 706 games  +229 =285 -192   +18 Elo +/- 20   3fold=211 (30%)   7589s      mean=0.526 LLR=+1.12 [CONTINUE]
 707 games  +229 =285 -193   +18 Elo +/- 20   3fold=211 (30%)   7592s      mean=0.525 LLR=+1.08 [CONTINUE]
 708 games  +230 =285 -193   +18 Elo +/- 20   3fold=211 (30%)   7611s      mean=0.526 LLR=+1.12 [CONTINUE]
 709 games  +231 =285 -193   +19 Elo +/- 20   3fold=211 (30%)   7617s      mean=0.527 LLR=+1.15 [CONTINUE]
 710 games  +231 =286 -193   +19 Elo +/- 20   3fold=212 (30%)   7626s      mean=0.527 LLR=+1.16 [CONTINUE]
 711 games  +231 =286 -194   +18 Elo +/- 20   3fold=212 (30%)   7642s      mean=0.526 LLR=+1.11 [CONTINUE]
 712 games  +231 =287 -194   +18 Elo +/- 20   3fold=212 (30%)   7656s      mean=0.526 LLR=+1.12 [CONTINUE]
 713 games  +231 =287 -195   +18 Elo +/- 20   3fold=212 (30%)   7659s      mean=0.525 LLR=+1.08 [CONTINUE]
 714 games  +231 =287 -196   +17 Elo +/- 20   3fold=212 (30%)   7668s      mean=0.525 LLR=+1.04 [CONTINUE]
 715 games  +231 =288 -196   +17 Elo +/- 20   3fold=213 (30%)   7685s      mean=0.524 LLR=+1.04 [CONTINUE]
 716 games  +232 =288 -196   +17 Elo +/- 20   3fold=213 (30%)   7690s      mean=0.525 LLR=+1.07 [CONTINUE]
 717 games  +233 =288 -196   +18 Elo +/- 20   3fold=213 (30%)   7702s      mean=0.526 LLR=+1.11 [CONTINUE]
 718 games  +233 =289 -196   +18 Elo +/- 20   3fold=214 (30%)   7723s      mean=0.526 LLR=+1.11 [CONTINUE]
 719 games  +233 =290 -196   +18 Elo +/- 20   3fold=215 (30%)   7724s      mean=0.526 LLR=+1.11 [CONTINUE]
 720 games  +233 =291 -196   +18 Elo +/- 20   3fold=216 (30%)   7727s      mean=0.526 LLR=+1.11 [CONTINUE]
 721 games  +234 =291 -196   +18 Elo +/- 20   3fold=216 (30%)   7755s      mean=0.526 LLR=+1.15 [CONTINUE]
 722 games  +235 =291 -196   +19 Elo +/- 20   3fold=216 (30%)   7759s      mean=0.527 LLR=+1.19 [CONTINUE]
 723 games  +235 =291 -197   +18 Elo +/- 20   3fold=216 (30%)   7762s      mean=0.526 LLR=+1.15 [CONTINUE]
 724 games  +235 =291 -198   +18 Elo +/- 20   3fold=216 (30%)   7790s      mean=0.526 LLR=+1.11 [CONTINUE]
 725 games  +235 =292 -198   +18 Elo +/- 20   3fold=217 (30%)   7790s      mean=0.526 LLR=+1.11 [CONTINUE]
 726 games  +235 =293 -198   +18 Elo +/- 20   3fold=217 (30%)   7805s      mean=0.525 LLR=+1.11 [CONTINUE]
 727 games  +236 =293 -198   +18 Elo +/- 20   3fold=217 (30%)   7817s      mean=0.526 LLR=+1.15 [CONTINUE]
 728 games  +237 =293 -198   +19 Elo +/- 20   3fold=217 (30%)   7821s      mean=0.527 LLR=+1.19 [CONTINUE]
 729 games  +237 =293 -199   +18 Elo +/- 20   3fold=217 (30%)   7835s      mean=0.526 LLR=+1.14 [CONTINUE]
 730 games  +238 =293 -199   +19 Elo +/- 20   3fold=217 (30%)   7847s      mean=0.527 LLR=+1.18 [CONTINUE]
 731 games  +238 =293 -200   +18 Elo +/- 20   3fold=217 (30%)   7861s      mean=0.526 LLR=+1.14 [CONTINUE]
 732 games  +238 =293 -201   +18 Elo +/- 20   3fold=217 (30%)   7864s      mean=0.525 LLR=+1.10 [CONTINUE]
 733 games  +239 =293 -201   +18 Elo +/- 20   3fold=217 (30%)   7881s      mean=0.526 LLR=+1.14 [CONTINUE]
 734 games  +240 =293 -201   +18 Elo +/- 20   3fold=217 (30%)   7893s      mean=0.527 LLR=+1.18 [CONTINUE]
 735 games  +241 =293 -201   +19 Elo +/- 20   3fold=217 (30%)   7895s      mean=0.527 LLR=+1.21 [CONTINUE]
 736 games  +242 =293 -201   +19 Elo +/- 20   3fold=217 (29%)   7916s      mean=0.528 LLR=+1.25 [CONTINUE]
 737 games  +242 =293 -202   +19 Elo +/- 19   3fold=217 (29%)   7928s      mean=0.527 LLR=+1.21 [CONTINUE]
 738 games  +242 =294 -202   +19 Elo +/- 19   3fold=218 (30%)   7929s      mean=0.527 LLR=+1.21 [CONTINUE]
 739 games  +242 =295 -202   +19 Elo +/- 19   3fold=219 (30%)   7943s      mean=0.527 LLR=+1.21 [CONTINUE]
 740 games  +243 =295 -202   +19 Elo +/- 19   3fold=219 (30%)   7960s      mean=0.528 LLR=+1.25 [CONTINUE]
 741 games  +244 =295 -202   +20 Elo +/- 19   3fold=219 (30%)   7965s      mean=0.528 LLR=+1.29 [CONTINUE]
 742 games  +244 =296 -202   +20 Elo +/- 19   3fold=219 (30%)   7984s      mean=0.528 LLR=+1.29 [CONTINUE]
 743 games  +245 =296 -202   +20 Elo +/- 19   3fold=219 (29%)   7994s      mean=0.529 LLR=+1.33 [CONTINUE]
 744 games  +245 =297 -202   +20 Elo +/- 19   3fold=220 (30%)   8005s      mean=0.529 LLR=+1.33 [CONTINUE]
 745 games  +245 =297 -203   +20 Elo +/- 19   3fold=220 (30%)   8022s      mean=0.528 LLR=+1.29 [CONTINUE]
 746 games  +245 =298 -203   +20 Elo +/- 19   3fold=221 (30%)   8035s      mean=0.528 LLR=+1.29 [CONTINUE]
 747 games  +246 =298 -203   +20 Elo +/- 19   3fold=221 (30%)   8037s      mean=0.529 LLR=+1.32 [CONTINUE]
 748 games  +246 =298 -204   +20 Elo +/- 19   3fold=221 (30%)   8054s      mean=0.528 LLR=+1.28 [CONTINUE]
 749 games  +246 =299 -204   +20 Elo +/- 19   3fold=222 (30%)   8060s      mean=0.528 LLR=+1.29 [CONTINUE]
 750 games  +246 =300 -204   +19 Elo +/- 19   3fold=222 (30%)   8073s      mean=0.528 LLR=+1.29 [CONTINUE]
 751 games  +246 =301 -204   +19 Elo +/- 19   3fold=223 (30%)   8081s      mean=0.528 LLR=+1.29 [CONTINUE]
 752 games  +246 =302 -204   +19 Elo +/- 19   3fold=224 (30%)   8098s      mean=0.528 LLR=+1.29 [CONTINUE]
 753 games  +246 =303 -204   +19 Elo +/- 19   3fold=225 (30%)   8101s      mean=0.528 LLR=+1.29 [CONTINUE]
 754 games  +247 =303 -204   +20 Elo +/- 19   3fold=225 (30%)   8114s      mean=0.529 LLR=+1.33 [CONTINUE]
 755 games  +247 =303 -205   +19 Elo +/- 19   3fold=225 (30%)   8132s      mean=0.528 LLR=+1.29 [CONTINUE]
 756 games  +248 =303 -205   +20 Elo +/- 19   3fold=225 (30%)   8134s      mean=0.528 LLR=+1.32 [CONTINUE]
 757 games  +248 =304 -205   +20 Elo +/- 19   3fold=226 (30%)   8156s      mean=0.528 LLR=+1.33 [CONTINUE]
 758 games  +249 =304 -205   +20 Elo +/- 19   3fold=226 (30%)   8161s      mean=0.529 LLR=+1.36 [CONTINUE]
 759 games  +250 =304 -205   +21 Elo +/- 19   3fold=226 (30%)   8167s      mean=0.530 LLR=+1.40 [CONTINUE]
 760 games  +250 =304 -206   +20 Elo +/- 19   3fold=226 (30%)   8189s      mean=0.529 LLR=+1.36 [CONTINUE]
 761 games  +250 =304 -207   +20 Elo +/- 19   3fold=226 (30%)   8190s      mean=0.528 LLR=+1.32 [CONTINUE]
 762 games  +250 =305 -207   +20 Elo +/- 19   3fold=227 (30%)   8193s      mean=0.528 LLR=+1.32 [CONTINUE]
 763 games  +250 =306 -207   +20 Elo +/- 19   3fold=228 (30%)   8221s      mean=0.528 LLR=+1.32 [CONTINUE]
 764 games  +250 =307 -207   +20 Elo +/- 19   3fold=229 (30%)   8221s      mean=0.528 LLR=+1.32 [CONTINUE]
 765 games  +250 =308 -207   +20 Elo +/- 19   3fold=230 (30%)   8221s      mean=0.528 LLR=+1.32 [CONTINUE]
 766 games  +251 =308 -207   +20 Elo +/- 19   3fold=230 (30%)   8252s      mean=0.529 LLR=+1.36 [CONTINUE]
 767 games  +251 =309 -207   +20 Elo +/- 19   3fold=231 (30%)   8260s      mean=0.529 LLR=+1.36 [CONTINUE]
 768 games  +251 =310 -207   +20 Elo +/- 19   3fold=232 (30%)   8267s      mean=0.529 LLR=+1.36 [CONTINUE]
 769 games  +251 =311 -207   +20 Elo +/- 19   3fold=233 (30%)   8279s      mean=0.529 LLR=+1.37 [CONTINUE]
 770 games  +251 =312 -207   +20 Elo +/- 19   3fold=234 (30%)   8296s      mean=0.529 LLR=+1.37 [CONTINUE]
 771 games  +252 =312 -207   +20 Elo +/- 19   3fold=234 (30%)   8296s      mean=0.529 LLR=+1.41 [CONTINUE]
 772 games  +252 =313 -207   +20 Elo +/- 19   3fold=234 (30%)   8309s      mean=0.529 LLR=+1.41 [CONTINUE]
 773 games  +252 =313 -208   +20 Elo +/- 19   3fold=234 (30%)   8321s      mean=0.528 LLR=+1.37 [CONTINUE]
 774 games  +253 =313 -208   +20 Elo +/- 19   3fold=234 (30%)   8326s      mean=0.529 LLR=+1.40 [CONTINUE]
 775 games  +254 =313 -208   +21 Elo +/- 19   3fold=234 (30%)   8338s      mean=0.530 LLR=+1.44 [CONTINUE]
 776 games  +254 =314 -208   +21 Elo +/- 19   3fold=234 (30%)   8354s      mean=0.530 LLR=+1.44 [CONTINUE]
 777 games  +254 =315 -208   +21 Elo +/- 19   3fold=235 (30%)   8355s      mean=0.530 LLR=+1.44 [CONTINUE]
 778 games  +254 =315 -209   +20 Elo +/- 19   3fold=235 (30%)   8368s      mean=0.529 LLR=+1.40 [CONTINUE]
 779 games  +254 =315 -210   +20 Elo +/- 19   3fold=235 (30%)   8385s      mean=0.528 LLR=+1.36 [CONTINUE]
 780 games  +254 =316 -210   +20 Elo +/- 19   3fold=236 (30%)   8385s      mean=0.528 LLR=+1.36 [CONTINUE]
 781 games  +254 =317 -210   +20 Elo +/- 19   3fold=237 (30%)   8388s      mean=0.528 LLR=+1.36 [CONTINUE]
 782 games  +254 =318 -210   +20 Elo +/- 19   3fold=238 (30%)   8412s      mean=0.528 LLR=+1.37 [CONTINUE]
 783 games  +255 =318 -210   +20 Elo +/- 19   3fold=238 (30%)   8418s      mean=0.529 LLR=+1.40 [CONTINUE]
 784 games  +255 =318 -211   +20 Elo +/- 19   3fold=238 (30%)   8420s      mean=0.528 LLR=+1.36 [CONTINUE]
 785 games  +255 =319 -211   +19 Elo +/- 19   3fold=239 (30%)   8443s      mean=0.528 LLR=+1.36 [CONTINUE]
 786 games  +255 =320 -211   +19 Elo +/- 19   3fold=240 (31%)   8450s      mean=0.528 LLR=+1.36 [CONTINUE]
 787 games  +255 =320 -212   +19 Elo +/- 19   3fold=240 (30%)   8451s      mean=0.527 LLR=+1.32 [CONTINUE]
 788 games  +255 =320 -213   +19 Elo +/- 19   3fold=240 (30%)   8476s      mean=0.527 LLR=+1.28 [CONTINUE]
 789 games  +255 =320 -214   +18 Elo +/- 19   3fold=240 (30%)   8479s      mean=0.526 LLR=+1.24 [CONTINUE]
 790 games  +255 =321 -214   +18 Elo +/- 19   3fold=241 (31%)   8480s      mean=0.526 LLR=+1.24 [CONTINUE]
 791 games  +256 =321 -214   +18 Elo +/- 19   3fold=241 (30%)   8511s      mean=0.527 LLR=+1.28 [CONTINUE]
 792 games  +256 =322 -214   +18 Elo +/- 19   3fold=241 (30%)   8514s      mean=0.527 LLR=+1.28 [CONTINUE]
 793 games  +256 =323 -214   +18 Elo +/- 19   3fold=241 (30%)   8531s      mean=0.526 LLR=+1.28 [CONTINUE]
 794 games  +256 =324 -214   +18 Elo +/- 19   3fold=241 (30%)   8545s      mean=0.526 LLR=+1.28 [CONTINUE]
 795 games  +256 =325 -214   +18 Elo +/- 19   3fold=242 (30%)   8547s      mean=0.526 LLR=+1.29 [CONTINUE]
 796 games  +257 =325 -214   +19 Elo +/- 19   3fold=242 (30%)   8561s      mean=0.527 LLR=+1.32 [CONTINUE]
 797 games  +257 =326 -214   +19 Elo +/- 19   3fold=243 (30%)   8571s      mean=0.527 LLR=+1.32 [CONTINUE]
 798 games  +258 =326 -214   +19 Elo +/- 19   3fold=243 (30%)   8583s      mean=0.528 LLR=+1.36 [CONTINUE]
 799 games  +258 =327 -214   +19 Elo +/- 19   3fold=243 (30%)   8591s      mean=0.528 LLR=+1.36 [CONTINUE]
 800 games  +259 =327 -214   +20 Elo +/- 19   3fold=243 (30%)   8599s      mean=0.528 LLR=+1.40 [CONTINUE]
 801 games  +259 =327 -215   +19 Elo +/- 19   3fold=243 (30%)   8612s      mean=0.527 LLR=+1.36 [CONTINUE]
 802 games  +259 =328 -215   +19 Elo +/- 19   3fold=244 (30%)   8616s      mean=0.527 LLR=+1.36 [CONTINUE]
 803 games  +259 =328 -216   +19 Elo +/- 19   3fold=244 (30%)   8629s      mean=0.527 LLR=+1.32 [CONTINUE]
 804 games  +260 =328 -216   +19 Elo +/- 19   3fold=244 (30%)   8641s      mean=0.527 LLR=+1.36 [CONTINUE]
 805 games  +260 =328 -217   +19 Elo +/- 19   3fold=244 (30%)   8642s      mean=0.527 LLR=+1.32 [CONTINUE]
 806 games  +260 =329 -217   +19 Elo +/- 18   3fold=245 (30%)   8656s      mean=0.527 LLR=+1.32 [CONTINUE]
 807 games  +261 =329 -217   +19 Elo +/- 18   3fold=245 (30%)   8671s      mean=0.527 LLR=+1.36 [CONTINUE]
 808 games  +261 =330 -217   +19 Elo +/- 18   3fold=246 (30%)   8676s      mean=0.527 LLR=+1.36 [CONTINUE]
 809 games  +261 =330 -218   +18 Elo +/- 18   3fold=246 (30%)   8687s      mean=0.527 LLR=+1.32 [CONTINUE]
 810 games  +262 =330 -218   +19 Elo +/- 18   3fold=246 (30%)   8702s      mean=0.527 LLR=+1.35 [CONTINUE]
 811 games  +262 =331 -218   +19 Elo +/- 18   3fold=247 (30%)   8706s      mean=0.527 LLR=+1.36 [CONTINUE]
 812 games  +263 =331 -218   +19 Elo +/- 18   3fold=247 (30%)   8722s      mean=0.528 LLR=+1.39 [CONTINUE]
 813 games  +263 =332 -218   +19 Elo +/- 18   3fold=248 (31%)   8729s      mean=0.528 LLR=+1.39 [CONTINUE]
 814 games  +263 =333 -218   +19 Elo +/- 18   3fold=249 (31%)   8732s      mean=0.528 LLR=+1.40 [CONTINUE]
 815 games  +263 =334 -218   +19 Elo +/- 18   3fold=250 (31%)   8748s      mean=0.528 LLR=+1.40 [CONTINUE]
 816 games  +264 =334 -218   +20 Elo +/- 18   3fold=250 (31%)   8757s      mean=0.528 LLR=+1.43 [CONTINUE]
 817 games  +265 =334 -218   +20 Elo +/- 18   3fold=250 (31%)   8768s      mean=0.529 LLR=+1.47 [CONTINUE]
 818 games  +265 =334 -219   +20 Elo +/- 18   3fold=250 (31%)   8783s      mean=0.528 LLR=+1.43 [CONTINUE]
 819 games  +266 =334 -219   +20 Elo +/- 18   3fold=250 (31%)   8784s      mean=0.529 LLR=+1.47 [CONTINUE]
 820 games  +266 =335 -219   +20 Elo +/- 18   3fold=251 (31%)   8800s      mean=0.529 LLR=+1.47 [CONTINUE]
 821 games  +266 =336 -219   +20 Elo +/- 18   3fold=252 (31%)   8816s      mean=0.529 LLR=+1.47 [CONTINUE]
 822 games  +266 =337 -219   +20 Elo +/- 18   3fold=252 (31%)   8816s      mean=0.529 LLR=+1.47 [CONTINUE]
 823 games  +266 =337 -220   +19 Elo +/- 18   3fold=252 (31%)   8837s      mean=0.528 LLR=+1.43 [CONTINUE]
 824 games  +266 =337 -221   +19 Elo +/- 18   3fold=252 (31%)   8846s      mean=0.527 LLR=+1.39 [CONTINUE]
 825 games  +266 =338 -221   +19 Elo +/- 18   3fold=253 (31%)   8849s      mean=0.527 LLR=+1.39 [CONTINUE]
 826 games  +266 =339 -221   +19 Elo +/- 18   3fold=254 (31%)   8864s      mean=0.527 LLR=+1.39 [CONTINUE]
 827 games  +267 =339 -221   +19 Elo +/- 18   3fold=254 (31%)   8875s      mean=0.528 LLR=+1.43 [CONTINUE]
 828 games  +268 =339 -221   +20 Elo +/- 18   3fold=254 (31%)   8877s      mean=0.528 LLR=+1.47 [CONTINUE]
 829 games  +269 =339 -221   +20 Elo +/- 18   3fold=254 (31%)   8893s      mean=0.529 LLR=+1.51 [CONTINUE]
 830 games  +270 =339 -221   +21 Elo +/- 18   3fold=254 (31%)   8908s      mean=0.530 LLR=+1.54 [CONTINUE]
 831 games  +270 =339 -222   +20 Elo +/- 18   3fold=254 (31%)   8913s      mean=0.529 LLR=+1.50 [CONTINUE]
 832 games  +270 =340 -222   +20 Elo +/- 18   3fold=254 (31%)   8929s      mean=0.529 LLR=+1.50 [CONTINUE]
 833 games  +270 =340 -223   +20 Elo +/- 18   3fold=254 (30%)   8946s      mean=0.528 LLR=+1.46 [CONTINUE]
 834 games  +270 =341 -223   +20 Elo +/- 18   3fold=255 (31%)   8950s      mean=0.528 LLR=+1.46 [CONTINUE]
 835 games  +270 =342 -223   +20 Elo +/- 18   3fold=256 (31%)   8961s      mean=0.528 LLR=+1.47 [CONTINUE]
 836 games  +271 =342 -223   +20 Elo +/- 18   3fold=256 (31%)   8973s      mean=0.529 LLR=+1.50 [CONTINUE]
 837 games  +272 =342 -223   +20 Elo +/- 18   3fold=256 (31%)   8981s      mean=0.529 LLR=+1.54 [CONTINUE]
 838 games  +273 =342 -223   +21 Elo +/- 18   3fold=256 (31%)   8991s      mean=0.530 LLR=+1.58 [CONTINUE]
 839 games  +273 =342 -224   +20 Elo +/- 18   3fold=256 (31%)   9008s      mean=0.529 LLR=+1.54 [CONTINUE]
 840 games  +273 =342 -225   +20 Elo +/- 18   3fold=256 (30%)   9011s      mean=0.529 LLR=+1.50 [CONTINUE]
 841 games  +273 =343 -225   +20 Elo +/- 18   3fold=257 (31%)   9022s      mean=0.529 LLR=+1.50 [CONTINUE]
 842 games  +273 =344 -225   +20 Elo +/- 18   3fold=258 (31%)   9036s      mean=0.529 LLR=+1.50 [CONTINUE]
 843 games  +273 =345 -225   +20 Elo +/- 18   3fold=259 (31%)   9038s      mean=0.528 LLR=+1.50 [CONTINUE]
 844 games  +273 =345 -226   +19 Elo +/- 18   3fold=259 (31%)   9055s      mean=0.528 LLR=+1.46 [CONTINUE]
 845 games  +273 =346 -226   +19 Elo +/- 18   3fold=260 (31%)   9065s      mean=0.528 LLR=+1.46 [CONTINUE]
 846 games  +273 =347 -226   +19 Elo +/- 18   3fold=260 (31%)   9071s      mean=0.528 LLR=+1.46 [CONTINUE]
 847 games  +274 =347 -226   +20 Elo +/- 18   3fold=260 (31%)   9094s      mean=0.528 LLR=+1.50 [CONTINUE]
 848 games  +274 =347 -227   +19 Elo +/- 18   3fold=260 (31%)   9098s      mean=0.528 LLR=+1.46 [CONTINUE]
 849 games  +274 =347 -228   +19 Elo +/- 18   3fold=260 (31%)   9102s      mean=0.527 LLR=+1.42 [CONTINUE]
 850 games  +275 =347 -228   +19 Elo +/- 18   3fold=260 (31%)   9128s      mean=0.528 LLR=+1.46 [CONTINUE]
 851 games  +276 =347 -228   +20 Elo +/- 18   3fold=260 (31%)   9131s      mean=0.528 LLR=+1.49 [CONTINUE]
 852 games  +276 =348 -228   +20 Elo +/- 18   3fold=260 (31%)   9146s      mean=0.528 LLR=+1.49 [CONTINUE]
 853 games  +276 =348 -229   +19 Elo +/- 18   3fold=260 (30%)   9159s      mean=0.528 LLR=+1.45 [CONTINUE]
 854 games  +277 =348 -229   +20 Elo +/- 18   3fold=260 (30%)   9171s      mean=0.528 LLR=+1.49 [CONTINUE]
 855 games  +277 =348 -230   +19 Elo +/- 18   3fold=260 (30%)   9172s      mean=0.527 LLR=+1.45 [CONTINUE]
 856 games  +277 =349 -230   +19 Elo +/- 18   3fold=261 (30%)   9187s      mean=0.527 LLR=+1.45 [CONTINUE]
 857 games  +277 =349 -231   +19 Elo +/- 18   3fold=261 (30%)   9201s      mean=0.527 LLR=+1.41 [CONTINUE]
 858 games  +277 =349 -232   +18 Elo +/- 18   3fold=261 (30%)   9203s      mean=0.526 LLR=+1.37 [CONTINUE]
 859 games  +277 =350 -232   +18 Elo +/- 18   3fold=262 (31%)   9217s      mean=0.526 LLR=+1.37 [CONTINUE]
 860 games  +277 =351 -232   +18 Elo +/- 18   3fold=262 (30%)   9233s      mean=0.526 LLR=+1.37 [CONTINUE]
 861 games  +277 =352 -232   +18 Elo +/- 18   3fold=262 (30%)   9244s      mean=0.526 LLR=+1.37 [CONTINUE]
 862 games  +277 =352 -233   +18 Elo +/- 18   3fold=262 (30%)   9249s      mean=0.526 LLR=+1.33 [CONTINUE]
 863 games  +278 =352 -233   +18 Elo +/- 18   3fold=262 (30%)   9264s      mean=0.526 LLR=+1.37 [CONTINUE]
 864 games  +279 =352 -233   +19 Elo +/- 18   3fold=262 (30%)   9277s      mean=0.527 LLR=+1.41 [CONTINUE]
 865 games  +279 =352 -234   +18 Elo +/- 18   3fold=262 (30%)   9278s      mean=0.526 LLR=+1.37 [CONTINUE]
 866 games  +279 =352 -235   +18 Elo +/- 18   3fold=262 (30%)   9296s      mean=0.525 LLR=+1.33 [CONTINUE]
 867 games  +279 =353 -235   +18 Elo +/- 18   3fold=263 (30%)   9304s      mean=0.525 LLR=+1.33 [CONTINUE]
 868 games  +279 =354 -235   +18 Elo +/- 18   3fold=264 (30%)   9310s      mean=0.525 LLR=+1.33 [CONTINUE]
 869 games  +279 =354 -236   +17 Elo +/- 18   3fold=264 (30%)   9325s      mean=0.525 LLR=+1.29 [CONTINUE]
 870 games  +279 =355 -236   +17 Elo +/- 18   3fold=265 (30%)   9329s      mean=0.525 LLR=+1.29 [CONTINUE]
 871 games  +279 =356 -236   +17 Elo +/- 18   3fold=266 (31%)   9340s      mean=0.525 LLR=+1.29 [CONTINUE]
 872 games  +279 =356 -237   +17 Elo +/- 18   3fold=266 (31%)   9355s      mean=0.524 LLR=+1.25 [CONTINUE]
 873 games  +279 =357 -237   +17 Elo +/- 18   3fold=267 (31%)   9365s      mean=0.524 LLR=+1.25 [CONTINUE]
 874 games  +279 =358 -237   +17 Elo +/- 18   3fold=268 (31%)   9372s      mean=0.524 LLR=+1.25 [CONTINUE]
 875 games  +279 =359 -237   +17 Elo +/- 18   3fold=269 (31%)   9388s      mean=0.524 LLR=+1.25 [CONTINUE]
 876 games  +279 =360 -237   +17 Elo +/- 18   3fold=270 (31%)   9392s      mean=0.524 LLR=+1.25 [CONTINUE]
 877 games  +280 =360 -237   +17 Elo +/- 18   3fold=270 (31%)   9404s      mean=0.525 LLR=+1.29 [CONTINUE]
 878 games  +280 =360 -238   +17 Elo +/- 18   3fold=270 (31%)   9416s      mean=0.524 LLR=+1.25 [CONTINUE]
 879 games  +280 =361 -238   +17 Elo +/- 18   3fold=271 (31%)   9430s      mean=0.524 LLR=+1.25 [CONTINUE]
 880 games  +281 =361 -238   +17 Elo +/- 18   3fold=271 (31%)   9434s      mean=0.524 LLR=+1.29 [CONTINUE]
 881 games  +281 =361 -239   +17 Elo +/- 18   3fold=271 (31%)   9446s      mean=0.524 LLR=+1.25 [CONTINUE]
 882 games  +281 =362 -239   +17 Elo +/- 18   3fold=272 (31%)   9460s      mean=0.524 LLR=+1.25 [CONTINUE]
 883 games  +281 =363 -239   +17 Elo +/- 18   3fold=273 (31%)   9462s      mean=0.524 LLR=+1.25 [CONTINUE]
 884 games  +281 =364 -239   +17 Elo +/- 18   3fold=274 (31%)   9474s      mean=0.524 LLR=+1.25 [CONTINUE]
 885 games  +281 =364 -240   +16 Elo +/- 18   3fold=274 (31%)   9491s      mean=0.523 LLR=+1.21 [CONTINUE]
 886 games  +281 =365 -240   +16 Elo +/- 18   3fold=275 (31%)   9502s      mean=0.523 LLR=+1.21 [CONTINUE]
 887 games  +281 =366 -240   +16 Elo +/- 18   3fold=275 (31%)   9505s      mean=0.523 LLR=+1.21 [CONTINUE]
 888 games  +281 =367 -240   +16 Elo +/- 18   3fold=275 (31%)   9523s      mean=0.523 LLR=+1.21 [CONTINUE]
 889 games  +282 =367 -240   +16 Elo +/- 18   3fold=275 (31%)   9530s      mean=0.524 LLR=+1.25 [CONTINUE]
 890 games  +283 =367 -240   +17 Elo +/- 18   3fold=275 (31%)   9539s      mean=0.524 LLR=+1.29 [CONTINUE]
 891 games  +283 =368 -240   +17 Elo +/- 17   3fold=276 (31%)   9552s      mean=0.524 LLR=+1.29 [CONTINUE]
 892 games  +284 =368 -240   +17 Elo +/- 17   3fold=276 (31%)   9561s      mean=0.525 LLR=+1.33 [CONTINUE]
 893 games  +284 =369 -240   +17 Elo +/- 17   3fold=277 (31%)   9569s      mean=0.525 LLR=+1.33 [CONTINUE]
 894 games  +284 =369 -241   +17 Elo +/- 17   3fold=277 (31%)   9585s      mean=0.524 LLR=+1.29 [CONTINUE]
 895 games  +284 =369 -242   +16 Elo +/- 17   3fold=277 (31%)   9590s      mean=0.523 LLR=+1.25 [CONTINUE]
 896 games  +285 =369 -242   +17 Elo +/- 17   3fold=277 (31%)   9602s      mean=0.524 LLR=+1.28 [CONTINUE]
 897 games  +285 =369 -243   +16 Elo +/- 17   3fold=277 (31%)   9615s      mean=0.523 LLR=+1.24 [CONTINUE]
 898 games  +286 =369 -243   +17 Elo +/- 17   3fold=277 (31%)   9621s      mean=0.524 LLR=+1.28 [CONTINUE]
 899 games  +286 =370 -243   +17 Elo +/- 17   3fold=278 (31%)   9633s      mean=0.524 LLR=+1.28 [CONTINUE]
 900 games  +286 =370 -244   +16 Elo +/- 17   3fold=278 (31%)   9650s      mean=0.523 LLR=+1.24 [CONTINUE]
 901 games  +286 =370 -245   +16 Elo +/- 17   3fold=278 (31%)   9654s      mean=0.523 LLR=+1.20 [CONTINUE]
 902 games  +286 =371 -245   +16 Elo +/- 17   3fold=279 (31%)   9660s      mean=0.523 LLR=+1.20 [CONTINUE]
 903 games  +287 =371 -245   +16 Elo +/- 17   3fold=279 (31%)   9686s      mean=0.523 LLR=+1.24 [CONTINUE]
 904 games  +287 =371 -246   +16 Elo +/- 17   3fold=279 (31%)   9687s      mean=0.523 LLR=+1.20 [CONTINUE]
 905 games  +287 =371 -247   +15 Elo +/- 17   3fold=279 (31%)   9692s      mean=0.522 LLR=+1.16 [CONTINUE]
 906 games  +287 =372 -247   +15 Elo +/- 17   3fold=279 (31%)   9716s      mean=0.522 LLR=+1.16 [CONTINUE]
 907 games  +287 =373 -247   +15 Elo +/- 17   3fold=280 (31%)   9721s      mean=0.522 LLR=+1.16 [CONTINUE]
 908 games  +287 =374 -247   +15 Elo +/- 17   3fold=281 (31%)   9721s      mean=0.522 LLR=+1.16 [CONTINUE]
 909 games  +288 =374 -247   +16 Elo +/- 17   3fold=281 (31%)   9746s      mean=0.523 LLR=+1.20 [CONTINUE]
 910 games  +288 =375 -247   +16 Elo +/- 17   3fold=282 (31%)   9754s      mean=0.523 LLR=+1.20 [CONTINUE]
 911 games  +289 =375 -247   +16 Elo +/- 17   3fold=282 (31%)   9755s      mean=0.523 LLR=+1.24 [CONTINUE]
 912 games  +289 =376 -247   +16 Elo +/- 17   3fold=283 (31%)   9777s      mean=0.523 LLR=+1.24 [CONTINUE]
 913 games  +290 =376 -247   +16 Elo +/- 17   3fold=283 (31%)   9787s      mean=0.524 LLR=+1.28 [CONTINUE]
 914 games  +290 =377 -247   +16 Elo +/- 17   3fold=283 (31%)   9801s      mean=0.524 LLR=+1.28 [CONTINUE]
 915 games  +291 =377 -247   +17 Elo +/- 17   3fold=283 (31%)   9808s      mean=0.524 LLR=+1.32 [CONTINUE]
 916 games  +292 =377 -247   +17 Elo +/- 17   3fold=283 (31%)   9818s      mean=0.525 LLR=+1.35 [CONTINUE]
 917 games  +292 =378 -247   +17 Elo +/- 17   3fold=284 (31%)   9835s      mean=0.525 LLR=+1.35 [CONTINUE]
 918 games  +292 =379 -247   +17 Elo +/- 17   3fold=284 (31%)   9843s      mean=0.525 LLR=+1.36 [CONTINUE]
 919 games  +292 =379 -248   +17 Elo +/- 17   3fold=284 (31%)   9853s      mean=0.524 LLR=+1.31 [CONTINUE]
 920 games  +293 =379 -248   +17 Elo +/- 17   3fold=284 (31%)   9868s      mean=0.524 LLR=+1.35 [CONTINUE]
 921 games  +294 =379 -248   +17 Elo +/- 17   3fold=284 (31%)   9877s      mean=0.525 LLR=+1.39 [CONTINUE]
 922 games  +294 =380 -248   +17 Elo +/- 17   3fold=284 (31%)   9883s      mean=0.525 LLR=+1.39 [CONTINUE]
 923 games  +295 =380 -248   +18 Elo +/- 17   3fold=284 (31%)   9896s      mean=0.525 LLR=+1.43 [CONTINUE]
 924 games  +295 =381 -248   +18 Elo +/- 17   3fold=285 (31%)   9906s      mean=0.525 LLR=+1.43 [CONTINUE]
 925 games  +295 =382 -248   +18 Elo +/- 17   3fold=286 (31%)   9913s      mean=0.525 LLR=+1.43 [CONTINUE]
 926 games  +296 =382 -248   +18 Elo +/- 17   3fold=286 (31%)   9928s      mean=0.526 LLR=+1.47 [CONTINUE]
 927 games  +297 =382 -248   +18 Elo +/- 17   3fold=286 (31%)   9943s      mean=0.526 LLR=+1.51 [CONTINUE]
 928 games  +297 =382 -249   +18 Elo +/- 17   3fold=286 (31%)   9944s      mean=0.526 LLR=+1.47 [CONTINUE]
 929 games  +298 =382 -249   +18 Elo +/- 17   3fold=286 (31%)   9960s      mean=0.526 LLR=+1.50 [CONTINUE]
 930 games  +298 =383 -249   +18 Elo +/- 17   3fold=287 (31%)   9971s      mean=0.526 LLR=+1.51 [CONTINUE]
 931 games  +299 =383 -249   +19 Elo +/- 17   3fold=287 (31%)   9974s      mean=0.527 LLR=+1.54 [CONTINUE]
 932 games  +299 =383 -250   +18 Elo +/- 17   3fold=287 (31%)   9994s      mean=0.526 LLR=+1.50 [CONTINUE]
 933 games  +299 =383 -251   +18 Elo +/- 17   3fold=287 (31%)   10000s      mean=0.526 LLR=+1.46 [CONTINUE]
 934 games  +299 =383 -252   +17 Elo +/- 17   3fold=287 (31%)   10006s      mean=0.525 LLR=+1.42 [CONTINUE]
 935 games  +299 =384 -252   +17 Elo +/- 17   3fold=288 (31%)   10020s      mean=0.525 LLR=+1.42 [CONTINUE]
 936 games  +300 =384 -252   +18 Elo +/- 17   3fold=288 (31%)   10030s      mean=0.526 LLR=+1.46 [CONTINUE]
 937 games  +300 =384 -253   +17 Elo +/- 17   3fold=288 (31%)   10038s      mean=0.525 LLR=+1.42 [CONTINUE]
 938 games  +300 =385 -253   +17 Elo +/- 17   3fold=289 (31%)   10054s      mean=0.525 LLR=+1.42 [CONTINUE]
 939 games  +300 =386 -253   +17 Elo +/- 17   3fold=290 (31%)   10062s      mean=0.525 LLR=+1.42 [CONTINUE]
 940 games  +301 =386 -253   +18 Elo +/- 17   3fold=290 (31%)   10069s      mean=0.526 LLR=+1.46 [CONTINUE]
 941 games  +301 =387 -253   +18 Elo +/- 17   3fold=291 (31%)   10083s      mean=0.526 LLR=+1.46 [CONTINUE]
 942 games  +301 =388 -253   +18 Elo +/- 17   3fold=292 (31%)   10093s      mean=0.525 LLR=+1.46 [CONTINUE]
 943 games  +301 =389 -253   +18 Elo +/- 17   3fold=292 (31%)   10096s      mean=0.525 LLR=+1.46 [CONTINUE]
 944 games  +301 =389 -254   +17 Elo +/- 17   3fold=292 (31%)   10122s      mean=0.525 LLR=+1.42 [CONTINUE]
 945 games  +301 =390 -254   +17 Elo +/- 17   3fold=292 (31%)   10124s      mean=0.525 LLR=+1.42 [CONTINUE]
 946 games  +301 =391 -254   +17 Elo +/- 17   3fold=292 (31%)   10131s      mean=0.525 LLR=+1.42 [CONTINUE]
 947 games  +301 =391 -255   +17 Elo +/- 17   3fold=292 (31%)   10157s      mean=0.524 LLR=+1.38 [CONTINUE]
 948 games  +301 =391 -256   +17 Elo +/- 17   3fold=292 (31%)   10159s      mean=0.524 LLR=+1.34 [CONTINUE]
 949 games  +301 =391 -257   +16 Elo +/- 17   3fold=292 (31%)   10163s      mean=0.523 LLR=+1.30 [CONTINUE]
 950 games  +302 =391 -257   +16 Elo +/- 17   3fold=292 (31%)   10188s      mean=0.524 LLR=+1.34 [CONTINUE]
 951 games  +302 =392 -257   +16 Elo +/- 17   3fold=293 (31%)   10196s      mean=0.524 LLR=+1.34 [CONTINUE]
 952 games  +303 =392 -257   +17 Elo +/- 17   3fold=293 (31%)   10197s      mean=0.524 LLR=+1.38 [CONTINUE]
 953 games  +304 =392 -257   +17 Elo +/- 17   3fold=293 (31%)   10218s      mean=0.525 LLR=+1.41 [CONTINUE]
 954 games  +304 =392 -258   +17 Elo +/- 17   3fold=293 (31%)   10230s      mean=0.524 LLR=+1.37 [CONTINUE]
 955 games  +304 =393 -258   +17 Elo +/- 17   3fold=294 (31%)   10232s      mean=0.524 LLR=+1.37 [CONTINUE]
 956 games  +304 =393 -259   +16 Elo +/- 17   3fold=294 (31%)   10247s      mean=0.524 LLR=+1.33 [CONTINUE]
 957 games  +305 =393 -259   +17 Elo +/- 17   3fold=294 (31%)   10260s      mean=0.524 LLR=+1.37 [CONTINUE]
 958 games  +306 =393 -259   +17 Elo +/- 17   3fold=294 (31%)   10272s      mean=0.525 LLR=+1.41 [CONTINUE]
 959 games  +306 =393 -260   +17 Elo +/- 17   3fold=294 (31%)   10278s      mean=0.524 LLR=+1.37 [CONTINUE]
 960 games  +306 =394 -260   +17 Elo +/- 17   3fold=295 (31%)   10293s      mean=0.524 LLR=+1.37 [CONTINUE]
 961 games  +306 =394 -261   +16 Elo +/- 17   3fold=295 (31%)   10301s      mean=0.523 LLR=+1.33 [CONTINUE]
 962 games  +307 =394 -261   +17 Elo +/- 17   3fold=295 (31%)   10324s      mean=0.524 LLR=+1.37 [CONTINUE]
 963 games  +307 =394 -262   +16 Elo +/- 17   3fold=295 (31%)   10325s      mean=0.523 LLR=+1.33 [CONTINUE]
 964 games  +308 =394 -262   +17 Elo +/- 17   3fold=295 (31%)   10330s      mean=0.524 LLR=+1.36 [CONTINUE]
 965 games  +309 =394 -262   +17 Elo +/- 17   3fold=295 (31%)   10357s      mean=0.524 LLR=+1.40 [CONTINUE]
 966 games  +309 =395 -262   +17 Elo +/- 17   3fold=296 (31%)   10359s      mean=0.524 LLR=+1.40 [CONTINUE]
 967 games  +310 =395 -262   +17 Elo +/- 17   3fold=296 (31%)   10360s      mean=0.525 LLR=+1.44 [CONTINUE]
 968 games  +310 =395 -263   +17 Elo +/- 17   3fold=296 (31%)   10390s      mean=0.524 LLR=+1.40 [CONTINUE]
 969 games  +310 =395 -264   +17 Elo +/- 17   3fold=296 (31%)   10393s      mean=0.524 LLR=+1.36 [CONTINUE]
 970 games  +310 =396 -264   +16 Elo +/- 17   3fold=296 (31%)   10400s      mean=0.524 LLR=+1.36 [CONTINUE]
 971 games  +310 =396 -265   +16 Elo +/- 17   3fold=296 (30%)   10422s      mean=0.523 LLR=+1.32 [CONTINUE]
 972 games  +310 =397 -265   +16 Elo +/- 17   3fold=297 (31%)   10426s      mean=0.523 LLR=+1.32 [CONTINUE]
 973 games  +310 =398 -265   +16 Elo +/- 17   3fold=298 (31%)   10429s      mean=0.523 LLR=+1.32 [CONTINUE]
 974 games  +310 =399 -265   +16 Elo +/- 17   3fold=299 (31%)   10452s      mean=0.523 LLR=+1.32 [CONTINUE]
 975 games  +310 =400 -265   +16 Elo +/- 17   3fold=300 (31%)   10453s      mean=0.523 LLR=+1.32 [CONTINUE]
 976 games  +310 =401 -265   +16 Elo +/- 17   3fold=301 (31%)   10462s      mean=0.523 LLR=+1.32 [CONTINUE]
 977 games  +310 =401 -266   +16 Elo +/- 17   3fold=301 (31%)   10483s      mean=0.523 LLR=+1.28 [CONTINUE]
 978 games  +310 =401 -267   +15 Elo +/- 17   3fold=301 (31%)   10485s      mean=0.522 LLR=+1.24 [CONTINUE]
 979 games  +310 =402 -267   +15 Elo +/- 17   3fold=302 (31%)   10485s      mean=0.522 LLR=+1.24 [CONTINUE]
 980 games  +310 =402 -268   +15 Elo +/- 17   3fold=302 (31%)   10517s      mean=0.521 LLR=+1.20 [CONTINUE]
 981 games  +310 =403 -268   +15 Elo +/- 17   3fold=303 (31%)   10519s      mean=0.521 LLR=+1.20 [CONTINUE]
 982 games  +311 =403 -268   +15 Elo +/- 17   3fold=303 (31%)   10522s      mean=0.522 LLR=+1.24 [CONTINUE]
 983 games  +311 =404 -268   +15 Elo +/- 17   3fold=304 (31%)   10548s      mean=0.522 LLR=+1.24 [CONTINUE]
 984 games  +311 =404 -269   +15 Elo +/- 17   3fold=304 (31%)   10552s      mean=0.521 LLR=+1.20 [CONTINUE]
 985 games  +311 =405 -269   +15 Elo +/- 17   3fold=304 (31%)   10552s      mean=0.521 LLR=+1.20 [CONTINUE]
 986 games  +311 =406 -269   +15 Elo +/- 17   3fold=305 (31%)   10573s      mean=0.521 LLR=+1.20 [CONTINUE]
 987 games  +312 =406 -269   +15 Elo +/- 17   3fold=305 (31%)   10583s      mean=0.522 LLR=+1.24 [CONTINUE]
 988 games  +312 =407 -269   +15 Elo +/- 17   3fold=306 (31%)   10585s      mean=0.522 LLR=+1.24 [CONTINUE]
 989 games  +313 =407 -269   +15 Elo +/- 17   3fold=306 (31%)   10606s      mean=0.522 LLR=+1.28 [CONTINUE]
 990 games  +314 =407 -269   +16 Elo +/- 17   3fold=306 (31%)   10616s      mean=0.523 LLR=+1.32 [CONTINUE]
 991 games  +314 =408 -269   +16 Elo +/- 17   3fold=306 (31%)   10629s      mean=0.523 LLR=+1.32 [CONTINUE]
 992 games  +315 =408 -269   +16 Elo +/- 17   3fold=306 (31%)   10640s      mean=0.523 LLR=+1.36 [CONTINUE]
 993 games  +316 =408 -269   +16 Elo +/- 17   3fold=306 (31%)   10645s      mean=0.524 LLR=+1.40 [CONTINUE]
 994 games  +317 =408 -269   +17 Elo +/- 17   3fold=306 (31%)   10663s      mean=0.524 LLR=+1.43 [CONTINUE]
 995 games  +318 =408 -269   +17 Elo +/- 17   3fold=306 (31%)   10669s      mean=0.525 LLR=+1.47 [CONTINUE]
 996 games  +318 =409 -269   +17 Elo +/- 17   3fold=306 (31%)   10687s      mean=0.525 LLR=+1.47 [CONTINUE]
 997 games  +319 =409 -269   +17 Elo +/- 17   3fold=306 (31%)   10688s      mean=0.525 LLR=+1.51 [CONTINUE]
 998 games  +319 =410 -269   +17 Elo +/- 17   3fold=306 (31%)   10699s      mean=0.525 LLR=+1.51 [CONTINUE]
 999 games  +319 =411 -269   +17 Elo +/- 17   3fold=307 (31%)   10716s      mean=0.525 LLR=+1.51 [CONTINUE]
1000 games  +319 =412 -269   +17 Elo +/- 17   3fold=307 (31%)   10718s      mean=0.525 LLR=+1.51 [CONTINUE]
1001 games  +319 =413 -269   +17 Elo +/- 17   3fold=307 (31%)   10734s      mean=0.525 LLR=+1.51 [CONTINUE]
1002 games  +319 =414 -269   +17 Elo +/- 16   3fold=308 (31%)   10742s      mean=0.525 LLR=+1.52 [CONTINUE]
1003 games  +319 =415 -269   +17 Elo +/- 16   3fold=309 (31%)   10747s      mean=0.525 LLR=+1.52 [CONTINUE]
1004 games  +319 =416 -269   +17 Elo +/- 16   3fold=310 (31%)   10761s      mean=0.525 LLR=+1.52 [CONTINUE]
1005 games  +319 =416 -270   +17 Elo +/- 16   3fold=310 (31%)   10776s      mean=0.524 LLR=+1.48 [CONTINUE]
1006 games  +320 =416 -270   +17 Elo +/- 16   3fold=310 (31%)   10783s      mean=0.525 LLR=+1.51 [CONTINUE]
1007 games  +320 =417 -270   +17 Elo +/- 16   3fold=311 (31%)   10787s      mean=0.525 LLR=+1.52 [CONTINUE]
1008 games  +321 =417 -270   +18 Elo +/- 16   3fold=311 (31%)   10804s      mean=0.525 LLR=+1.55 [CONTINUE]
1009 games  +321 =417 -271   +17 Elo +/- 16   3fold=311 (31%)   10818s      mean=0.525 LLR=+1.51 [CONTINUE]
1010 games  +321 =418 -271   +17 Elo +/- 16   3fold=312 (31%)   10828s      mean=0.525 LLR=+1.51 [CONTINUE]
1011 games  +321 =418 -272   +17 Elo +/- 16   3fold=312 (31%)   10834s      mean=0.524 LLR=+1.47 [CONTINUE]
1012 games  +321 =419 -272   +17 Elo +/- 16   3fold=312 (31%)   10849s      mean=0.524 LLR=+1.47 [CONTINUE]
1013 games  +321 =420 -272   +17 Elo +/- 16   3fold=313 (31%)   10855s      mean=0.524 LLR=+1.47 [CONTINUE]
1014 games  +321 =420 -273   +16 Elo +/- 16   3fold=313 (31%)   10875s      mean=0.524 LLR=+1.43 [CONTINUE]
1015 games  +321 =421 -273   +16 Elo +/- 16   3fold=314 (31%)   10882s      mean=0.524 LLR=+1.43 [CONTINUE]
1016 games  +322 =421 -273   +17 Elo +/- 16   3fold=314 (31%)   10885s      mean=0.524 LLR=+1.47 [CONTINUE]
1017 games  +322 =422 -273   +17 Elo +/- 16   3fold=315 (31%)   10906s      mean=0.524 LLR=+1.47 [CONTINUE]
1018 games  +323 =422 -273   +17 Elo +/- 16   3fold=315 (31%)   10914s      mean=0.525 LLR=+1.51 [CONTINUE]
1019 games  +323 =422 -274   +17 Elo +/- 16   3fold=315 (31%)   10920s      mean=0.524 LLR=+1.47 [CONTINUE]
1020 games  +323 =423 -274   +17 Elo +/- 16   3fold=316 (31%)   10929s      mean=0.524 LLR=+1.47 [CONTINUE]
1021 games  +323 =423 -275   +16 Elo +/- 16   3fold=316 (31%)   10943s      mean=0.524 LLR=+1.43 [CONTINUE]
1022 games  +323 =423 -276   +16 Elo +/- 16   3fold=316 (31%)   10957s      mean=0.523 LLR=+1.39 [CONTINUE]
1023 games  +324 =423 -276   +16 Elo +/- 16   3fold=316 (31%)   10962s      mean=0.523 LLR=+1.43 [CONTINUE]
1024 games  +325 =423 -276   +17 Elo +/- 16   3fold=316 (31%)   10974s      mean=0.524 LLR=+1.47 [CONTINUE]
1025 games  +326 =423 -276   +17 Elo +/- 16   3fold=316 (31%)   10984s      mean=0.524 LLR=+1.50 [CONTINUE]
1026 games  +327 =423 -276   +17 Elo +/- 16   3fold=316 (31%)   10993s      mean=0.525 LLR=+1.54 [CONTINUE]
1027 games  +327 =424 -276   +17 Elo +/- 16   3fold=317 (31%)   11013s      mean=0.525 LLR=+1.54 [CONTINUE]
1028 games  +327 =425 -276   +17 Elo +/- 16   3fold=317 (31%)   11015s      mean=0.525 LLR=+1.54 [CONTINUE]
1029 games  +327 =425 -277   +17 Elo +/- 16   3fold=317 (31%)   11019s      mean=0.524 LLR=+1.50 [CONTINUE]
1030 games  +327 =425 -278   +17 Elo +/- 16   3fold=317 (31%)   11044s      mean=0.524 LLR=+1.46 [CONTINUE]
1031 games  +328 =425 -278   +17 Elo +/- 16   3fold=317 (31%)   11047s      mean=0.524 LLR=+1.50 [CONTINUE]
1032 games  +328 =425 -279   +17 Elo +/- 16   3fold=317 (31%)   11049s      mean=0.524 LLR=+1.46 [CONTINUE]
1033 games  +328 =426 -279   +16 Elo +/- 16   3fold=318 (31%)   11075s      mean=0.524 LLR=+1.46 [CONTINUE]
1034 games  +328 =426 -280   +16 Elo +/- 16   3fold=318 (31%)   11081s      mean=0.523 LLR=+1.42 [CONTINUE]
1035 games  +328 =427 -280   +16 Elo +/- 16   3fold=319 (31%)   11087s      mean=0.523 LLR=+1.42 [CONTINUE]
1036 games  +329 =427 -280   +16 Elo +/- 16   3fold=319 (31%)   11110s      mean=0.524 LLR=+1.46 [CONTINUE]
1037 games  +330 =427 -280   +17 Elo +/- 16   3fold=319 (31%)   11111s      mean=0.524 LLR=+1.50 [CONTINUE]
1038 games  +330 =427 -281   +16 Elo +/- 16   3fold=319 (31%)   11118s      mean=0.524 LLR=+1.45 [CONTINUE]
1039 games  +331 =427 -281   +17 Elo +/- 16   3fold=319 (31%)   11138s      mean=0.524 LLR=+1.49 [CONTINUE]
1040 games  +331 =427 -282   +16 Elo +/- 16   3fold=319 (31%)   11144s      mean=0.524 LLR=+1.45 [CONTINUE]
1041 games  +332 =427 -282   +17 Elo +/- 16   3fold=319 (31%)   11153s      mean=0.524 LLR=+1.49 [CONTINUE]
1042 games  +332 =428 -282   +17 Elo +/- 16   3fold=320 (31%)   11164s      mean=0.524 LLR=+1.49 [CONTINUE]
1043 games  +332 =428 -283   +16 Elo +/- 16   3fold=320 (31%)   11173s      mean=0.523 LLR=+1.45 [CONTINUE]
1044 games  +332 =429 -283   +16 Elo +/- 16   3fold=321 (31%)   11181s      mean=0.523 LLR=+1.45 [CONTINUE]
1045 games  +332 =429 -284   +16 Elo +/- 16   3fold=321 (31%)   11198s      mean=0.523 LLR=+1.41 [CONTINUE]
1046 games  +332 =430 -284   +16 Elo +/- 16   3fold=322 (31%)   11203s      mean=0.523 LLR=+1.41 [CONTINUE]
1047 games  +332 =431 -284   +16 Elo +/- 16   3fold=323 (31%)   11213s      mean=0.523 LLR=+1.41 [CONTINUE]
1048 games  +332 =432 -284   +16 Elo +/- 16   3fold=324 (31%)   11226s      mean=0.523 LLR=+1.41 [CONTINUE]
1049 games  +333 =432 -284   +16 Elo +/- 16   3fold=324 (31%)   11231s      mean=0.523 LLR=+1.45 [CONTINUE]
1050 games  +334 =432 -284   +17 Elo +/- 16   3fold=324 (31%)   11239s      mean=0.524 LLR=+1.49 [CONTINUE]
1051 games  +334 =432 -285   +16 Elo +/- 16   3fold=324 (31%)   11257s      mean=0.523 LLR=+1.45 [CONTINUE]
1052 games  +334 =433 -285   +16 Elo +/- 16   3fold=325 (31%)   11270s      mean=0.523 LLR=+1.45 [CONTINUE]
1053 games  +334 =434 -285   +16 Elo +/- 16   3fold=325 (31%)   11276s      mean=0.523 LLR=+1.45 [CONTINUE]
1054 games  +334 =435 -285   +16 Elo +/- 16   3fold=326 (31%)   11289s      mean=0.523 LLR=+1.45 [CONTINUE]
1055 games  +335 =435 -285   +16 Elo +/- 16   3fold=326 (31%)   11299s      mean=0.524 LLR=+1.49 [CONTINUE]
1056 games  +335 =436 -285   +16 Elo +/- 16   3fold=327 (31%)   11300s      mean=0.524 LLR=+1.49 [CONTINUE]
1057 games  +335 =436 -286   +16 Elo +/- 16   3fold=327 (31%)   11320s      mean=0.523 LLR=+1.45 [CONTINUE]
1058 games  +335 =437 -286   +16 Elo +/- 16   3fold=328 (31%)   11326s      mean=0.523 LLR=+1.45 [CONTINUE]
1059 games  +336 =437 -286   +16 Elo +/- 16   3fold=328 (31%)   11329s      mean=0.524 LLR=+1.49 [CONTINUE]
1060 games  +336 =438 -286   +16 Elo +/- 16   3fold=329 (31%)   11353s      mean=0.524 LLR=+1.49 [CONTINUE]
1061 games  +336 =439 -286   +16 Elo +/- 16   3fold=329 (31%)   11360s      mean=0.524 LLR=+1.49 [CONTINUE]
1062 games  +336 =440 -286   +16 Elo +/- 16   3fold=330 (31%)   11383s      mean=0.524 LLR=+1.49 [CONTINUE]
1063 games  +336 =440 -287   +16 Elo +/- 16   3fold=330 (31%)   11385s      mean=0.523 LLR=+1.45 [CONTINUE]
1064 games  +336 =441 -287   +16 Elo +/- 16   3fold=331 (31%)   11390s      mean=0.523 LLR=+1.45 [CONTINUE]
1065 games  +336 =442 -287   +16 Elo +/- 16   3fold=332 (31%)   11410s      mean=0.523 LLR=+1.45 [CONTINUE]
1066 games  +336 =442 -288   +16 Elo +/- 16   3fold=332 (31%)   11414s      mean=0.523 LLR=+1.41 [CONTINUE]
1067 games  +336 =443 -288   +16 Elo +/- 16   3fold=333 (31%)   11420s      mean=0.522 LLR=+1.41 [CONTINUE]
1068 games  +337 =443 -288   +16 Elo +/- 16   3fold=333 (31%)   11433s      mean=0.523 LLR=+1.45 [CONTINUE]
1069 games  +338 =443 -288   +16 Elo +/- 16   3fold=333 (31%)   11446s      mean=0.523 LLR=+1.49 [CONTINUE]
1070 games  +338 =444 -288   +16 Elo +/- 16   3fold=333 (31%)   11459s      mean=0.523 LLR=+1.49 [CONTINUE]
1071 games  +338 =445 -288   +16 Elo +/- 16   3fold=334 (31%)   11464s      mean=0.523 LLR=+1.49 [CONTINUE]
1072 games  +339 =445 -288   +17 Elo +/- 16   3fold=334 (31%)   11476s      mean=0.524 LLR=+1.53 [CONTINUE]
1073 games  +339 =445 -289   +16 Elo +/- 16   3fold=334 (31%)   11491s      mean=0.523 LLR=+1.49 [CONTINUE]
1074 games  +340 =445 -289   +17 Elo +/- 16   3fold=334 (31%)   11491s      mean=0.524 LLR=+1.52 [CONTINUE]
1075 games  +340 =445 -290   +16 Elo +/- 16   3fold=334 (31%)   11512s      mean=0.523 LLR=+1.48 [CONTINUE]
1076 games  +340 =445 -291   +16 Elo +/- 16   3fold=334 (31%)   11524s      mean=0.523 LLR=+1.44 [CONTINUE]
1077 games  +340 =445 -292   +15 Elo +/- 16   3fold=334 (31%)   11525s      mean=0.522 LLR=+1.40 [CONTINUE]
1078 games  +340 =446 -292   +15 Elo +/- 16   3fold=334 (31%)   11544s      mean=0.522 LLR=+1.40 [CONTINUE]
1079 games  +340 =447 -292   +15 Elo +/- 16   3fold=335 (31%)   11546s      mean=0.522 LLR=+1.40 [CONTINUE]
1080 games  +340 =448 -292   +15 Elo +/- 16   3fold=336 (31%)   11557s      mean=0.522 LLR=+1.40 [CONTINUE]
1081 games  +340 =448 -293   +15 Elo +/- 16   3fold=336 (31%)   11576s      mean=0.522 LLR=+1.36 [CONTINUE]
1082 games  +340 =449 -293   +15 Elo +/- 16   3fold=337 (31%)   11582s      mean=0.522 LLR=+1.36 [CONTINUE]
1083 games  +340 =450 -293   +15 Elo +/- 16   3fold=337 (31%)   11585s      mean=0.522 LLR=+1.36 [CONTINUE]
1084 games  +340 =451 -293   +15 Elo +/- 16   3fold=338 (31%)   11614s      mean=0.522 LLR=+1.37 [CONTINUE]
1085 games  +340 =452 -293   +15 Elo +/- 16   3fold=339 (31%)   11616s      mean=0.522 LLR=+1.37 [CONTINUE]
1086 games  +341 =452 -293   +15 Elo +/- 16   3fold=339 (31%)   11618s      mean=0.522 LLR=+1.40 [CONTINUE]
1087 games  +341 =453 -293   +15 Elo +/- 16   3fold=340 (31%)   11643s      mean=0.522 LLR=+1.41 [CONTINUE]
1088 games  +341 =454 -293   +15 Elo +/- 16   3fold=341 (31%)   11645s      mean=0.522 LLR=+1.41 [CONTINUE]
1089 games  +342 =454 -293   +16 Elo +/- 16   3fold=341 (31%)   11647s      mean=0.522 LLR=+1.44 [CONTINUE]
1090 games  +343 =454 -293   +16 Elo +/- 16   3fold=341 (31%)   11671s      mean=0.523 LLR=+1.48 [CONTINUE]
1091 games  +343 =454 -294   +16 Elo +/- 16   3fold=341 (31%)   11676s      mean=0.522 LLR=+1.44 [CONTINUE]
1092 games  +343 =454 -295   +15 Elo +/- 16   3fold=341 (31%)   11683s      mean=0.522 LLR=+1.40 [CONTINUE]
1093 games  +343 =455 -295   +15 Elo +/- 16   3fold=342 (31%)   11697s      mean=0.522 LLR=+1.40 [CONTINUE]
1094 games  +344 =455 -295   +16 Elo +/- 16   3fold=342 (31%)   11707s      mean=0.522 LLR=+1.44 [CONTINUE]
1095 games  +344 =456 -295   +16 Elo +/- 16   3fold=342 (31%)   11713s      mean=0.522 LLR=+1.44 [CONTINUE]
1096 games  +344 =457 -295   +16 Elo +/- 16   3fold=343 (31%)   11720s      mean=0.522 LLR=+1.44 [CONTINUE]
1097 games  +345 =457 -295   +16 Elo +/- 16   3fold=343 (31%)   11740s      mean=0.523 LLR=+1.48 [CONTINUE]
1098 games  +345 =457 -296   +16 Elo +/- 16   3fold=343 (31%)   11747s      mean=0.522 LLR=+1.44 [CONTINUE]
1099 games  +346 =457 -296   +16 Elo +/- 16   3fold=343 (31%)   11752s      mean=0.523 LLR=+1.48 [CONTINUE]
1100 games  +347 =457 -296   +16 Elo +/- 16   3fold=343 (31%)   11766s      mean=0.523 LLR=+1.52 [CONTINUE]
1101 games  +347 =458 -296   +16 Elo +/- 16   3fold=344 (31%)   11779s      mean=0.523 LLR=+1.52 [CONTINUE]
1102 games  +347 =458 -297   +16 Elo +/- 16   3fold=344 (31%)   11782s      mean=0.523 LLR=+1.48 [CONTINUE]
1103 games  +347 =458 -298   +15 Elo +/- 16   3fold=344 (31%)   11795s      mean=0.522 LLR=+1.43 [CONTINUE]
1104 games  +348 =458 -298   +16 Elo +/- 16   3fold=344 (31%)   11809s      mean=0.523 LLR=+1.47 [CONTINUE]
1105 games  +348 =459 -298   +16 Elo +/- 16   3fold=345 (31%)   11821s      mean=0.523 LLR=+1.47 [CONTINUE]
1106 games  +349 =459 -298   +16 Elo +/- 16   3fold=345 (31%)   11826s      mean=0.523 LLR=+1.51 [CONTINUE]
1107 games  +349 =459 -299   +16 Elo +/- 16   3fold=345 (31%)   11843s      mean=0.523 LLR=+1.47 [CONTINUE]
1108 games  +350 =459 -299   +16 Elo +/- 16   3fold=345 (31%)   11852s      mean=0.523 LLR=+1.51 [CONTINUE]
1109 games  +350 =459 -300   +16 Elo +/- 16   3fold=345 (31%)   11857s      mean=0.523 LLR=+1.47 [CONTINUE]
1110 games  +351 =459 -300   +16 Elo +/- 16   3fold=345 (31%)   11877s      mean=0.523 LLR=+1.51 [CONTINUE]
1111 games  +352 =459 -300   +16 Elo +/- 16   3fold=345 (31%)   11883s      mean=0.523 LLR=+1.54 [CONTINUE]
1112 games  +352 =460 -300   +16 Elo +/- 16   3fold=346 (31%)   11889s      mean=0.523 LLR=+1.54 [CONTINUE]
1113 games  +353 =460 -300   +17 Elo +/- 16   3fold=346 (31%)   11908s      mean=0.524 LLR=+1.58 [CONTINUE]
1114 games  +353 =461 -300   +17 Elo +/- 16   3fold=347 (31%)   11909s      mean=0.524 LLR=+1.58 [CONTINUE]
1115 games  +353 =462 -300   +17 Elo +/- 16   3fold=348 (31%)   11922s      mean=0.524 LLR=+1.59 [CONTINUE]
1116 games  +353 =463 -300   +17 Elo +/- 16   3fold=349 (31%)   11940s      mean=0.524 LLR=+1.59 [CONTINUE]
1117 games  +354 =463 -300   +17 Elo +/- 16   3fold=349 (31%)   11944s      mean=0.524 LLR=+1.62 [CONTINUE]
1118 games  +354 =464 -300   +17 Elo +/- 16   3fold=350 (31%)   11950s      mean=0.524 LLR=+1.63 [CONTINUE]
1119 games  +354 =464 -301   +16 Elo +/- 16   3fold=350 (31%)   11969s      mean=0.524 LLR=+1.58 [CONTINUE]
1120 games  +354 =465 -301   +16 Elo +/- 16   3fold=351 (31%)   11975s      mean=0.524 LLR=+1.58 [CONTINUE]
1121 games  +354 =466 -301   +16 Elo +/- 16   3fold=352 (31%)   11979s      mean=0.524 LLR=+1.59 [CONTINUE]
1122 games  +355 =466 -301   +17 Elo +/- 16   3fold=352 (31%)   12000s      mean=0.524 LLR=+1.62 [CONTINUE]
1123 games  +355 =467 -301   +17 Elo +/- 16   3fold=353 (31%)   12009s      mean=0.524 LLR=+1.63 [CONTINUE]
1124 games  +355 =468 -301   +17 Elo +/- 16   3fold=354 (31%)   12013s      mean=0.524 LLR=+1.63 [CONTINUE]
1125 games  +355 =469 -301   +17 Elo +/- 16   3fold=355 (32%)   12039s      mean=0.524 LLR=+1.63 [CONTINUE]
1126 games  +355 =470 -301   +17 Elo +/- 16   3fold=356 (32%)   12041s      mean=0.524 LLR=+1.63 [CONTINUE]
1127 games  +356 =470 -301   +17 Elo +/- 16   3fold=356 (32%)   12041s      mean=0.524 LLR=+1.67 [CONTINUE]
1128 games  +356 =470 -302   +17 Elo +/- 16   3fold=356 (32%)   12066s      mean=0.524 LLR=+1.63 [CONTINUE]
1129 games  +356 =471 -302   +17 Elo +/- 15   3fold=357 (32%)   12074s      mean=0.524 LLR=+1.63 [CONTINUE]
1130 games  +356 =472 -302   +17 Elo +/- 15   3fold=358 (32%)   12075s      mean=0.524 LLR=+1.63 [CONTINUE]
1131 games  +356 =472 -303   +16 Elo +/- 15   3fold=358 (32%)   12097s      mean=0.523 LLR=+1.59 [CONTINUE]
1132 games  +357 =472 -303   +17 Elo +/- 15   3fold=358 (32%)   12101s      mean=0.524 LLR=+1.62 [CONTINUE]
1133 games  +358 =472 -303   +17 Elo +/- 15   3fold=358 (32%)   12104s      mean=0.524 LLR=+1.66 [CONTINUE]
1134 games  +359 =472 -303   +17 Elo +/- 15   3fold=358 (32%)   12128s      mean=0.525 LLR=+1.70 [CONTINUE]
1135 games  +359 =473 -303   +17 Elo +/- 15   3fold=359 (32%)   12131s      mean=0.525 LLR=+1.70 [CONTINUE]
1136 games  +360 =473 -303   +17 Elo +/- 15   3fold=359 (32%)   12132s      mean=0.525 LLR=+1.74 [CONTINUE]
1137 games  +361 =473 -303   +18 Elo +/- 15   3fold=359 (32%)   12160s      mean=0.526 LLR=+1.78 [CONTINUE]
1138 games  +362 =473 -303   +18 Elo +/- 15   3fold=359 (32%)   12160s      mean=0.526 LLR=+1.82 [CONTINUE]
1139 games  +363 =473 -303   +18 Elo +/- 15   3fold=359 (32%)   12165s      mean=0.526 LLR=+1.85 [CONTINUE]
1140 games  +363 =474 -303   +18 Elo +/- 15   3fold=360 (32%)   12183s      mean=0.526 LLR=+1.86 [CONTINUE]
1141 games  +364 =474 -303   +19 Elo +/- 15   3fold=360 (32%)   12191s      mean=0.527 LLR=+1.89 [CONTINUE]
1142 games  +364 =475 -303   +19 Elo +/- 15   3fold=361 (32%)   12194s      mean=0.527 LLR=+1.90 [CONTINUE]
1143 games  +364 =476 -303   +19 Elo +/- 15   3fold=361 (32%)   12217s      mean=0.527 LLR=+1.90 [CONTINUE]
1144 games  +364 =476 -304   +18 Elo +/- 15   3fold=361 (32%)   12221s      mean=0.526 LLR=+1.86 [CONTINUE]
1145 games  +365 =476 -304   +19 Elo +/- 15   3fold=361 (32%)   12223s      mean=0.527 LLR=+1.89 [CONTINUE]
1146 games  +366 =476 -304   +19 Elo +/- 15   3fold=361 (32%)   12250s      mean=0.527 LLR=+1.93 [CONTINUE]
1147 games  +366 =477 -304   +19 Elo +/- 15   3fold=362 (32%)   12255s      mean=0.527 LLR=+1.93 [CONTINUE]
1148 games  +366 =477 -305   +18 Elo +/- 15   3fold=362 (32%)   12256s      mean=0.527 LLR=+1.89 [CONTINUE]
1149 games  +366 =478 -305   +18 Elo +/- 15   3fold=363 (32%)   12285s      mean=0.527 LLR=+1.89 [CONTINUE]
1150 games  +366 =478 -306   +18 Elo +/- 15   3fold=363 (32%)   12288s      mean=0.526 LLR=+1.85 [CONTINUE]
1151 games  +366 =479 -306   +18 Elo +/- 15   3fold=364 (32%)   12291s      mean=0.526 LLR=+1.85 [CONTINUE]
1152 games  +367 =479 -306   +18 Elo +/- 15   3fold=364 (32%)   12317s      mean=0.526 LLR=+1.89 [CONTINUE]
1153 games  +367 =479 -307   +18 Elo +/- 15   3fold=364 (32%)   12324s      mean=0.526 LLR=+1.85 [CONTINUE]
1154 games  +367 =480 -307   +18 Elo +/- 15   3fold=365 (32%)   12325s      mean=0.526 LLR=+1.85 [CONTINUE]
1155 games  +368 =480 -307   +18 Elo +/- 15   3fold=365 (32%)   12348s      mean=0.526 LLR=+1.89 [CONTINUE]
1156 games  +368 =480 -308   +18 Elo +/- 15   3fold=365 (32%)   12354s      mean=0.526 LLR=+1.85 [CONTINUE]
1157 games  +369 =480 -308   +18 Elo +/- 15   3fold=365 (32%)   12361s      mean=0.526 LLR=+1.88 [CONTINUE]
1158 games  +369 =481 -308   +18 Elo +/- 15   3fold=366 (32%)   12379s      mean=0.526 LLR=+1.89 [CONTINUE]
1159 games  +370 =481 -308   +19 Elo +/- 15   3fold=366 (32%)   12382s      mean=0.527 LLR=+1.92 [CONTINUE]
1160 games  +370 =481 -309   +18 Elo +/- 15   3fold=366 (32%)   12393s      mean=0.526 LLR=+1.88 [CONTINUE]
1161 games  +370 =481 -310   +18 Elo +/- 15   3fold=366 (32%)   12413s      mean=0.526 LLR=+1.84 [CONTINUE]
1162 games  +370 =481 -311   +18 Elo +/- 15   3fold=366 (31%)   12413s      mean=0.525 LLR=+1.80 [CONTINUE]
1163 games  +370 =482 -311   +18 Elo +/- 15   3fold=367 (32%)   12426s      mean=0.525 LLR=+1.80 [CONTINUE]
1164 games  +370 =483 -311   +18 Elo +/- 15   3fold=368 (32%)   12441s      mean=0.525 LLR=+1.80 [CONTINUE]
1165 games  +371 =483 -311   +18 Elo +/- 15   3fold=368 (32%)   12442s      mean=0.526 LLR=+1.84 [CONTINUE]
1166 games  +372 =483 -311   +18 Elo +/- 15   3fold=368 (32%)   12458s      mean=0.526 LLR=+1.88 [CONTINUE]
1167 games  +372 =484 -311   +18 Elo +/- 15   3fold=369 (32%)   12463s      mean=0.526 LLR=+1.88 [CONTINUE]
1168 games  +372 =485 -311   +18 Elo +/- 15   3fold=370 (32%)   12479s      mean=0.526 LLR=+1.88 [CONTINUE]
1169 games  +372 =486 -311   +18 Elo +/- 15   3fold=371 (32%)   12488s      mean=0.526 LLR=+1.88 [CONTINUE]
1170 games  +372 =487 -311   +18 Elo +/- 15   3fold=372 (32%)   12493s      mean=0.526 LLR=+1.88 [CONTINUE]
1171 games  +372 =488 -311   +18 Elo +/- 15   3fold=373 (32%)   12511s      mean=0.526 LLR=+1.88 [CONTINUE]
1172 games  +372 =489 -311   +18 Elo +/- 15   3fold=374 (32%)   12512s      mean=0.526 LLR=+1.89 [CONTINUE]
1173 games  +372 =489 -312   +18 Elo +/- 15   3fold=374 (32%)   12525s      mean=0.526 LLR=+1.84 [CONTINUE]
1174 games  +372 =490 -312   +18 Elo +/- 15   3fold=375 (32%)   12541s      mean=0.526 LLR=+1.85 [CONTINUE]
1175 games  +372 =490 -313   +17 Elo +/- 15   3fold=375 (32%)   12550s      mean=0.525 LLR=+1.80 [CONTINUE]
1176 games  +372 =490 -314   +17 Elo +/- 15   3fold=375 (32%)   12560s      mean=0.525 LLR=+1.76 [CONTINUE]
1177 games  +373 =490 -314   +17 Elo +/- 15   3fold=375 (32%)   12576s      mean=0.525 LLR=+1.80 [CONTINUE]
1178 games  +374 =490 -314   +18 Elo +/- 15   3fold=375 (32%)   12590s      mean=0.525 LLR=+1.84 [CONTINUE]
1179 games  +374 =491 -314   +18 Elo +/- 15   3fold=375 (32%)   12590s      mean=0.525 LLR=+1.84 [CONTINUE]
1180 games  +374 =492 -314   +18 Elo +/- 15   3fold=376 (32%)   12601s      mean=0.525 LLR=+1.84 [CONTINUE]
1181 games  +374 =492 -315   +17 Elo +/- 15   3fold=376 (32%)   12617s      mean=0.525 LLR=+1.80 [CONTINUE]
1182 games  +374 =492 -316   +17 Elo +/- 15   3fold=376 (32%)   12625s      mean=0.525 LLR=+1.76 [CONTINUE]
1183 games  +375 =492 -316   +17 Elo +/- 15   3fold=376 (32%)   12631s      mean=0.525 LLR=+1.80 [CONTINUE]
1184 games  +375 =492 -317   +17 Elo +/- 15   3fold=376 (32%)   12647s      mean=0.524 LLR=+1.75 [CONTINUE]
1185 games  +375 =493 -317   +17 Elo +/- 15   3fold=377 (32%)   12654s      mean=0.524 LLR=+1.76 [CONTINUE]
1186 games  +375 =493 -318   +17 Elo +/- 15   3fold=377 (32%)   12662s      mean=0.524 LLR=+1.71 [CONTINUE]
1187 games  +375 =494 -318   +17 Elo +/- 15   3fold=377 (32%)   12681s      mean=0.524 LLR=+1.72 [CONTINUE]
1188 games  +376 =494 -318   +17 Elo +/- 15   3fold=377 (32%)   12687s      mean=0.524 LLR=+1.75 [CONTINUE]
1189 games  +377 =494 -318   +17 Elo +/- 15   3fold=377 (32%)   12692s      mean=0.525 LLR=+1.79 [CONTINUE]
1190 games  +377 =495 -318   +17 Elo +/- 15   3fold=378 (32%)   12706s      mean=0.525 LLR=+1.79 [CONTINUE]
1191 games  +378 =495 -318   +18 Elo +/- 15   3fold=378 (32%)   12727s      mean=0.525 LLR=+1.83 [CONTINUE]
1192 games  +378 =496 -318   +18 Elo +/- 15   3fold=379 (32%)   12730s      mean=0.525 LLR=+1.83 [CONTINUE]
1193 games  +378 =497 -318   +17 Elo +/- 15   3fold=380 (32%)   12730s      mean=0.525 LLR=+1.83 [CONTINUE]
1194 games  +379 =497 -318   +18 Elo +/- 15   3fold=380 (32%)   12762s      mean=0.526 LLR=+1.87 [CONTINUE]
1195 games  +380 =497 -318   +18 Elo +/- 15   3fold=380 (32%)   12767s      mean=0.526 LLR=+1.91 [CONTINUE]
1196 games  +380 =498 -318   +18 Elo +/- 15   3fold=381 (32%)   12767s      mean=0.526 LLR=+1.91 [CONTINUE]
1197 games  +380 =499 -318   +18 Elo +/- 15   3fold=381 (32%)   12797s      mean=0.526 LLR=+1.91 [CONTINUE]
1198 games  +380 =499 -319   +18 Elo +/- 15   3fold=381 (32%)   12798s      mean=0.525 LLR=+1.87 [CONTINUE]
1199 games  +380 =499 -320   +17 Elo +/- 15   3fold=381 (32%)   12806s      mean=0.525 LLR=+1.83 [CONTINUE]
1200 games  +380 =499 -321   +17 Elo +/- 15   3fold=381 (32%)   12832s      mean=0.525 LLR=+1.79 [CONTINUE]
1201 games  +381 =499 -321   +17 Elo +/- 15   3fold=381 (32%)   12832s      mean=0.525 LLR=+1.83 [CONTINUE]
1202 games  +381 =499 -322   +17 Elo +/- 15   3fold=381 (32%)   12835s      mean=0.525 LLR=+1.79 [CONTINUE]
1203 games  +382 =499 -322   +17 Elo +/- 15   3fold=381 (32%)   12859s      mean=0.525 LLR=+1.82 [CONTINUE]
1204 games  +382 =500 -322   +17 Elo +/- 15   3fold=382 (32%)   12860s      mean=0.525 LLR=+1.82 [CONTINUE]
1205 games  +382 =501 -322   +17 Elo +/- 15   3fold=383 (32%)   12863s      mean=0.525 LLR=+1.83 [CONTINUE]
1206 games  +383 =501 -322   +18 Elo +/- 15   3fold=383 (32%)   12894s      mean=0.525 LLR=+1.86 [CONTINUE]
1207 games  +383 =502 -322   +18 Elo +/- 15   3fold=383 (32%)   12898s      mean=0.525 LLR=+1.86 [CONTINUE]
1208 games  +383 =502 -323   +17 Elo +/- 15   3fold=383 (32%)   12899s      mean=0.525 LLR=+1.82 [CONTINUE]
1209 games  +383 =503 -323   +17 Elo +/- 15   3fold=383 (32%)   12923s      mean=0.525 LLR=+1.82 [CONTINUE]
1210 games  +384 =503 -323   +18 Elo +/- 15   3fold=383 (32%)   12928s      mean=0.525 LLR=+1.86 [CONTINUE]
1211 games  +385 =503 -323   +18 Elo +/- 15   3fold=383 (32%)   12930s      mean=0.526 LLR=+1.90 [CONTINUE]
1212 games  +385 =504 -323   +18 Elo +/- 15   3fold=384 (32%)   12949s      mean=0.526 LLR=+1.90 [CONTINUE]
1213 games  +386 =504 -323   +18 Elo +/- 15   3fold=384 (32%)   12967s      mean=0.526 LLR=+1.94 [CONTINUE]
1214 games  +386 =505 -323   +18 Elo +/- 15   3fold=384 (32%)   12968s      mean=0.526 LLR=+1.94 [CONTINUE]
1215 games  +386 =506 -323   +18 Elo +/- 15   3fold=385 (32%)   12980s      mean=0.526 LLR=+1.94 [CONTINUE]
1216 games  +386 =507 -323   +18 Elo +/- 15   3fold=385 (32%)   13002s      mean=0.526 LLR=+1.94 [CONTINUE]
1217 games  +386 =508 -323   +18 Elo +/- 15   3fold=385 (32%)   13004s      mean=0.526 LLR=+1.94 [CONTINUE]
1218 games  +386 =509 -323   +18 Elo +/- 15   3fold=386 (32%)   13007s      mean=0.526 LLR=+1.95 [CONTINUE]
1219 games  +386 =509 -324   +18 Elo +/- 15   3fold=386 (32%)   13034s      mean=0.525 LLR=+1.90 [CONTINUE]
1220 games  +387 =509 -324   +18 Elo +/- 15   3fold=386 (32%)   13037s      mean=0.526 LLR=+1.94 [CONTINUE]
1221 games  +387 =510 -324   +18 Elo +/- 15   3fold=386 (32%)   13050s      mean=0.526 LLR=+1.94 [CONTINUE]
1222 games  +387 =511 -324   +18 Elo +/- 15   3fold=387 (32%)   13062s      mean=0.526 LLR=+1.95 [CONTINUE]
1223 games  +387 =511 -325   +18 Elo +/- 15   3fold=387 (32%)   13071s      mean=0.525 LLR=+1.90 [CONTINUE]
1224 games  +387 =511 -326   +17 Elo +/- 15   3fold=387 (32%)   13084s      mean=0.525 LLR=+1.86 [CONTINUE]
1225 games  +387 =511 -327   +17 Elo +/- 15   3fold=387 (32%)   13102s      mean=0.524 LLR=+1.82 [CONTINUE]
1226 games  +387 =512 -327   +17 Elo +/- 15   3fold=388 (32%)   13105s      mean=0.524 LLR=+1.82 [CONTINUE]
1227 games  +387 =513 -327   +17 Elo +/- 15   3fold=389 (32%)   13116s      mean=0.524 LLR=+1.82 [CONTINUE]
1228 games  +387 =513 -328   +17 Elo +/- 15   3fold=389 (32%)   13127s      mean=0.524 LLR=+1.78 [CONTINUE]
1229 games  +388 =513 -328   +17 Elo +/- 15   3fold=389 (32%)   13134s      mean=0.524 LLR=+1.82 [CONTINUE]
1230 games  +388 =514 -328   +17 Elo +/- 15   3fold=389 (32%)   13157s      mean=0.524 LLR=+1.82 [CONTINUE]
1231 games  +388 =515 -328   +17 Elo +/- 15   3fold=390 (32%)   13157s      mean=0.524 LLR=+1.82 [CONTINUE]
1232 games  +389 =515 -328   +17 Elo +/- 15   3fold=390 (32%)   13168s      mean=0.525 LLR=+1.86 [CONTINUE]
1233 games  +389 =516 -328   +17 Elo +/- 15   3fold=391 (32%)   13180s      mean=0.525 LLR=+1.86 [CONTINUE]
1234 games  +390 =516 -328   +17 Elo +/- 15   3fold=391 (32%)   13188s      mean=0.525 LLR=+1.90 [CONTINUE]
1235 games  +390 =516 -329   +17 Elo +/- 15   3fold=391 (32%)   13204s      mean=0.525 LLR=+1.86 [CONTINUE]
1236 games  +390 =516 -330   +17 Elo +/- 15   3fold=391 (32%)   13215s      mean=0.524 LLR=+1.82 [CONTINUE]
1237 games  +390 =517 -330   +17 Elo +/- 15   3fold=392 (32%)   13215s      mean=0.524 LLR=+1.82 [CONTINUE]
1238 games  +391 =517 -330   +17 Elo +/- 15   3fold=392 (32%)   13240s      mean=0.525 LLR=+1.86 [CONTINUE]
1239 games  +392 =517 -330   +17 Elo +/- 15   3fold=392 (32%)   13247s      mean=0.525 LLR=+1.89 [CONTINUE]
1240 games  +392 =518 -330   +17 Elo +/- 15   3fold=393 (32%)   13249s      mean=0.525 LLR=+1.90 [CONTINUE]
1241 games  +393 =518 -330   +18 Elo +/- 15   3fold=393 (32%)   13271s      mean=0.525 LLR=+1.93 [CONTINUE]
1242 games  +394 =518 -330   +18 Elo +/- 15   3fold=393 (32%)   13276s      mean=0.526 LLR=+1.97 [CONTINUE]
1243 games  +394 =519 -330   +18 Elo +/- 15   3fold=394 (32%)   13281s      mean=0.526 LLR=+1.97 [CONTINUE]
1244 games  +395 =519 -330   +18 Elo +/- 15   3fold=394 (32%)   13304s      mean=0.526 LLR=+2.01 [CONTINUE]
1245 games  +395 =520 -330   +18 Elo +/- 15   3fold=394 (32%)   13305s      mean=0.526 LLR=+2.01 [CONTINUE]
1246 games  +395 =521 -330   +18 Elo +/- 15   3fold=395 (32%)   13318s      mean=0.526 LLR=+2.01 [CONTINUE]
1247 games  +396 =521 -330   +18 Elo +/- 15   3fold=395 (32%)   13331s      mean=0.526 LLR=+2.05 [CONTINUE]
1248 games  +396 =521 -331   +18 Elo +/- 15   3fold=395 (32%)   13335s      mean=0.526 LLR=+2.01 [CONTINUE]
1249 games  +396 =521 -332   +18 Elo +/- 15   3fold=395 (32%)   13352s      mean=0.526 LLR=+1.97 [CONTINUE]
1250 games  +397 =521 -332   +18 Elo +/- 15   3fold=395 (32%)   13370s      mean=0.526 LLR=+2.01 [CONTINUE]
1251 games  +397 =522 -332   +18 Elo +/- 15   3fold=395 (32%)   13373s      mean=0.526 LLR=+2.01 [CONTINUE]
1252 games  +397 =523 -332   +18 Elo +/- 15   3fold=396 (32%)   13381s      mean=0.526 LLR=+2.01 [CONTINUE]
1253 games  +397 =524 -332   +18 Elo +/- 15   3fold=396 (32%)   13403s      mean=0.526 LLR=+2.01 [CONTINUE]
1254 games  +397 =525 -332   +18 Elo +/- 15   3fold=397 (32%)   13409s      mean=0.526 LLR=+2.01 [CONTINUE]
1255 games  +397 =526 -332   +18 Elo +/- 15   3fold=398 (32%)   13428s      mean=0.526 LLR=+2.01 [CONTINUE]
1256 games  +398 =526 -332   +18 Elo +/- 15   3fold=398 (32%)   13433s      mean=0.526 LLR=+2.05 [CONTINUE]
1257 games  +398 =526 -333   +18 Elo +/- 15   3fold=398 (32%)   13442s      mean=0.526 LLR=+2.01 [CONTINUE]
1258 games  +399 =526 -333   +18 Elo +/- 15   3fold=398 (32%)   13461s      mean=0.526 LLR=+2.05 [CONTINUE]
1259 games  +399 =527 -333   +18 Elo +/- 15   3fold=398 (32%)   13467s      mean=0.526 LLR=+2.05 [CONTINUE]
1260 games  +399 =528 -333   +18 Elo +/- 15   3fold=399 (32%)   13471s      mean=0.526 LLR=+2.05 [CONTINUE]
1261 games  +399 =528 -334   +18 Elo +/- 15   3fold=399 (32%)   13491s      mean=0.526 LLR=+2.01 [CONTINUE]
1262 games  +400 =528 -334   +18 Elo +/- 15   3fold=399 (32%)   13496s      mean=0.526 LLR=+2.05 [CONTINUE]
1263 games  +400 =529 -334   +18 Elo +/- 15   3fold=400 (32%)   13512s      mean=0.526 LLR=+2.05 [CONTINUE]
1264 games  +400 =530 -334   +18 Elo +/- 15   3fold=400 (32%)   13515s      mean=0.526 LLR=+2.05 [CONTINUE]
1265 games  +400 =530 -335   +18 Elo +/- 15   3fold=400 (32%)   13532s      mean=0.526 LLR=+2.01 [CONTINUE]
1266 games  +400 =530 -336   +18 Elo +/- 15   3fold=400 (32%)   13545s      mean=0.525 LLR=+1.97 [CONTINUE]
1267 games  +400 =531 -336   +18 Elo +/- 15   3fold=400 (32%)   13554s      mean=0.525 LLR=+1.97 [CONTINUE]
1268 games  +401 =531 -336   +18 Elo +/- 15   3fold=400 (32%)   13566s      mean=0.526 LLR=+2.01 [CONTINUE]
1269 games  +402 =531 -336   +18 Elo +/- 15   3fold=400 (32%)   13576s      mean=0.526 LLR=+2.04 [CONTINUE]
1270 games  +402 =531 -337   +18 Elo +/- 15   3fold=400 (31%)   13584s      mean=0.526 LLR=+2.00 [CONTINUE]
1271 games  +402 =531 -338   +18 Elo +/- 15   3fold=400 (31%)   13593s      mean=0.525 LLR=+1.96 [CONTINUE]
1272 games  +402 =531 -339   +17 Elo +/- 15   3fold=400 (31%)   13610s      mean=0.525 LLR=+1.92 [CONTINUE]
1273 games  +402 =532 -339   +17 Elo +/- 15   3fold=401 (32%)   13618s      mean=0.525 LLR=+1.92 [CONTINUE]
1274 games  +402 =532 -340   +17 Elo +/- 15   3fold=401 (31%)   13628s      mean=0.524 LLR=+1.88 [CONTINUE]
1275 games  +402 =532 -341   +17 Elo +/- 15   3fold=401 (31%)   13643s      mean=0.524 LLR=+1.84 [CONTINUE]
1276 games  +402 =533 -341   +17 Elo +/- 15   3fold=402 (32%)   13647s      mean=0.524 LLR=+1.84 [CONTINUE]
1277 games  +402 =534 -341   +17 Elo +/- 15   3fold=403 (32%)   13655s      mean=0.524 LLR=+1.84 [CONTINUE]
1278 games  +402 =535 -341   +17 Elo +/- 15   3fold=404 (32%)   13671s      mean=0.524 LLR=+1.84 [CONTINUE]
1279 games  +402 =536 -341   +17 Elo +/- 15   3fold=405 (32%)   13676s      mean=0.524 LLR=+1.84 [CONTINUE]
1280 games  +403 =536 -341   +17 Elo +/- 15   3fold=405 (32%)   13686s      mean=0.524 LLR=+1.88 [CONTINUE]
1281 games  +404 =536 -341   +17 Elo +/- 15   3fold=405 (32%)   13701s      mean=0.525 LLR=+1.92 [CONTINUE]
1282 games  +404 =537 -341   +17 Elo +/- 15   3fold=406 (32%)   13709s      mean=0.525 LLR=+1.92 [CONTINUE]
1283 games  +404 =538 -341   +17 Elo +/- 15   3fold=406 (32%)   13719s      mean=0.525 LLR=+1.92 [CONTINUE]
1284 games  +404 =539 -341   +17 Elo +/- 14   3fold=407 (32%)   13729s      mean=0.525 LLR=+1.92 [CONTINUE]
1285 games  +404 =540 -341   +17 Elo +/- 14   3fold=408 (32%)   13740s      mean=0.525 LLR=+1.92 [CONTINUE]
1286 games  +405 =540 -341   +17 Elo +/- 14   3fold=408 (32%)   13750s      mean=0.525 LLR=+1.96 [CONTINUE]
1287 games  +405 =541 -341   +17 Elo +/- 14   3fold=409 (32%)   13768s      mean=0.525 LLR=+1.96 [CONTINUE]
1288 games  +405 =541 -342   +17 Elo +/- 14   3fold=409 (32%)   13772s      mean=0.524 LLR=+1.92 [CONTINUE]
1289 games  +405 =542 -342   +17 Elo +/- 14   3fold=410 (32%)   13784s      mean=0.524 LLR=+1.92 [CONTINUE]
1290 games  +406 =542 -342   +17 Elo +/- 14   3fold=410 (32%)   13800s      mean=0.525 LLR=+1.96 [CONTINUE]
1291 games  +406 =542 -343   +17 Elo +/- 14   3fold=410 (32%)   13803s      mean=0.524 LLR=+1.92 [CONTINUE]
1292 games  +406 =543 -343   +17 Elo +/- 14   3fold=411 (32%)   13821s      mean=0.524 LLR=+1.92 [CONTINUE]
1293 games  +406 =544 -343   +17 Elo +/- 14   3fold=412 (32%)   13832s      mean=0.524 LLR=+1.92 [CONTINUE]
1294 games  +406 =545 -343   +17 Elo +/- 14   3fold=412 (32%)   13842s      mean=0.524 LLR=+1.92 [CONTINUE]
1295 games  +406 =545 -344   +17 Elo +/- 14   3fold=412 (32%)   13855s      mean=0.524 LLR=+1.88 [CONTINUE]
1296 games  +407 =545 -344   +17 Elo +/- 14   3fold=412 (32%)   13862s      mean=0.524 LLR=+1.92 [CONTINUE]
1297 games  +407 =546 -344   +17 Elo +/- 14   3fold=413 (32%)   13879s      mean=0.524 LLR=+1.92 [CONTINUE]
1298 games  +408 =546 -344   +17 Elo +/- 14   3fold=413 (32%)   13894s      mean=0.525 LLR=+1.96 [CONTINUE]
1299 games  +408 =547 -344   +17 Elo +/- 14   3fold=413 (32%)   13895s      mean=0.525 LLR=+1.96 [CONTINUE]
1300 games  +408 =548 -344   +17 Elo +/- 14   3fold=414 (32%)   13904s      mean=0.525 LLR=+1.96 [CONTINUE]
1301 games  +408 =549 -344   +17 Elo +/- 14   3fold=415 (32%)   13930s      mean=0.525 LLR=+1.96 [CONTINUE]
1302 games  +408 =550 -344   +17 Elo +/- 14   3fold=416 (32%)   13932s      mean=0.525 LLR=+1.96 [CONTINUE]
1303 games  +408 =551 -344   +17 Elo +/- 14   3fold=416 (32%)   13939s      mean=0.525 LLR=+1.96 [CONTINUE]
1304 games  +408 =552 -344   +17 Elo +/- 14   3fold=417 (32%)   13952s      mean=0.525 LLR=+1.96 [CONTINUE]
1305 games  +409 =552 -344   +17 Elo +/- 14   3fold=417 (32%)   13970s      mean=0.525 LLR=+2.00 [CONTINUE]
1306 games  +409 =552 -345   +17 Elo +/- 14   3fold=417 (32%)   13971s      mean=0.525 LLR=+1.96 [CONTINUE]
1307 games  +409 =553 -345   +17 Elo +/- 14   3fold=418 (32%)   13989s      mean=0.524 LLR=+1.96 [CONTINUE]
1308 games  +410 =553 -345   +17 Elo +/- 14   3fold=418 (32%)   13999s      mean=0.525 LLR=+2.00 [CONTINUE]
1309 games  +410 =554 -345   +17 Elo +/- 14   3fold=418 (32%)   14013s      mean=0.525 LLR=+2.00 [CONTINUE]
1310 games  +410 =555 -345   +17 Elo +/- 14   3fold=419 (32%)   14015s      mean=0.525 LLR=+2.00 [CONTINUE]
1311 games  +410 =556 -345   +17 Elo +/- 14   3fold=420 (32%)   14031s      mean=0.525 LLR=+2.00 [CONTINUE]
1312 games  +410 =556 -346   +17 Elo +/- 14   3fold=420 (32%)   14043s      mean=0.524 LLR=+1.96 [CONTINUE]
1313 games  +411 =556 -346   +17 Elo +/- 14   3fold=420 (32%)   14044s      mean=0.525 LLR=+2.00 [CONTINUE]
1314 games  +412 =556 -346   +17 Elo +/- 14   3fold=420 (32%)   14059s      mean=0.525 LLR=+2.04 [CONTINUE]
1315 games  +412 =556 -347   +17 Elo +/- 14   3fold=420 (32%)   14073s      mean=0.525 LLR=+2.00 [CONTINUE]
1316 games  +412 =557 -347   +17 Elo +/- 14   3fold=420 (32%)   14087s      mean=0.525 LLR=+2.00 [CONTINUE]
1317 games  +412 =557 -348   +17 Elo +/- 14   3fold=420 (32%)   14091s      mean=0.524 LLR=+1.96 [CONTINUE]
1318 games  +412 =558 -348   +17 Elo +/- 14   3fold=421 (32%)   14098s      mean=0.524 LLR=+1.96 [CONTINUE]
1319 games  +413 =558 -348   +17 Elo +/- 14   3fold=421 (32%)   14119s      mean=0.525 LLR=+2.00 [CONTINUE]
1320 games  +413 =558 -349   +17 Elo +/- 14   3fold=421 (32%)   14121s      mean=0.524 LLR=+1.95 [CONTINUE]
1321 games  +413 =559 -349   +17 Elo +/- 14   3fold=422 (32%)   14127s      mean=0.524 LLR=+1.96 [CONTINUE]
1322 games  +413 =560 -349   +17 Elo +/- 14   3fold=423 (32%)   14144s      mean=0.524 LLR=+1.96 [CONTINUE]
1323 games  +413 =561 -349   +17 Elo +/- 14   3fold=424 (32%)   14149s      mean=0.524 LLR=+1.96 [CONTINUE]
1324 games  +413 =562 -349   +17 Elo +/- 14   3fold=425 (32%)   14164s      mean=0.524 LLR=+1.96 [CONTINUE]
1325 games  +413 =563 -349   +17 Elo +/- 14   3fold=425 (32%)   14173s      mean=0.524 LLR=+1.96 [CONTINUE]
1326 games  +414 =563 -349   +17 Elo +/- 14   3fold=425 (32%)   14184s      mean=0.525 LLR=+2.00 [CONTINUE]
1327 games  +414 =564 -349   +17 Elo +/- 14   3fold=425 (32%)   14193s      mean=0.524 LLR=+2.00 [CONTINUE]
1328 games  +414 =565 -349   +17 Elo +/- 14   3fold=426 (32%)   14195s      mean=0.524 LLR=+2.00 [CONTINUE]
1329 games  +415 =565 -349   +17 Elo +/- 14   3fold=426 (32%)   14219s      mean=0.525 LLR=+2.04 [CONTINUE]
1330 games  +415 =566 -349   +17 Elo +/- 14   3fold=426 (32%)   14229s      mean=0.525 LLR=+2.04 [CONTINUE]
1331 games  +415 =566 -350   +17 Elo +/- 14   3fold=426 (32%)   14231s      mean=0.524 LLR=+2.00 [CONTINUE]
1332 games  +416 =566 -350   +17 Elo +/- 14   3fold=426 (32%)   14252s      mean=0.525 LLR=+2.04 [CONTINUE]
1333 games  +417 =566 -350   +17 Elo +/- 14   3fold=426 (32%)   14260s      mean=0.525 LLR=+2.08 [CONTINUE]
1334 games  +417 =567 -350   +17 Elo +/- 14   3fold=427 (32%)   14261s      mean=0.525 LLR=+2.08 [CONTINUE]
1335 games  +417 =567 -351   +17 Elo +/- 14   3fold=427 (32%)   14282s      mean=0.525 LLR=+2.03 [CONTINUE]
1336 games  +417 =568 -351   +17 Elo +/- 14   3fold=428 (32%)   14283s      mean=0.525 LLR=+2.04 [CONTINUE]
1337 games  +417 =569 -351   +17 Elo +/- 14   3fold=429 (32%)   14288s      mean=0.525 LLR=+2.04 [CONTINUE]
1338 games  +418 =569 -351   +17 Elo +/- 14   3fold=429 (32%)   14313s      mean=0.525 LLR=+2.08 [CONTINUE]
1339 games  +418 =569 -352   +17 Elo +/- 14   3fold=429 (32%)   14316s      mean=0.525 LLR=+2.03 [CONTINUE]
1340 games  +418 =570 -352   +17 Elo +/- 14   3fold=430 (32%)   14319s      mean=0.525 LLR=+2.03 [CONTINUE]
1341 games  +418 =571 -352   +17 Elo +/- 14   3fold=431 (32%)   14344s      mean=0.525 LLR=+2.04 [CONTINUE]
1342 games  +419 =571 -352   +17 Elo +/- 14   3fold=431 (32%)   14346s      mean=0.525 LLR=+2.07 [CONTINUE]
1343 games  +419 =572 -352   +17 Elo +/- 14   3fold=432 (32%)   14351s      mean=0.525 LLR=+2.08 [CONTINUE]
1344 games  +419 =573 -352   +17 Elo +/- 14   3fold=433 (32%)   14373s      mean=0.525 LLR=+2.08 [CONTINUE]
1345 games  +419 =574 -352   +17 Elo +/- 14   3fold=434 (32%)   14376s      mean=0.525 LLR=+2.08 [CONTINUE]
1346 games  +420 =574 -352   +18 Elo +/- 14   3fold=434 (32%)   14376s      mean=0.525 LLR=+2.12 [CONTINUE]
1347 games  +420 =575 -352   +18 Elo +/- 14   3fold=435 (32%)   14402s      mean=0.525 LLR=+2.12 [CONTINUE]
1348 games  +420 =576 -352   +18 Elo +/- 14   3fold=435 (32%)   14408s      mean=0.525 LLR=+2.12 [CONTINUE]
1349 games  +420 =577 -352   +18 Elo +/- 14   3fold=435 (32%)   14426s      mean=0.525 LLR=+2.12 [CONTINUE]
1350 games  +420 =578 -352   +18 Elo +/- 14   3fold=436 (32%)   14428s      mean=0.525 LLR=+2.12 [CONTINUE]
1351 games  +420 =579 -352   +18 Elo +/- 14   3fold=437 (32%)   14433s      mean=0.525 LLR=+2.12 [CONTINUE]
1352 games  +420 =579 -353   +17 Elo +/- 14   3fold=437 (32%)   14454s      mean=0.525 LLR=+2.08 [CONTINUE]
1353 games  +420 =579 -354   +17 Elo +/- 14   3fold=437 (32%)   14458s      mean=0.524 LLR=+2.04 [CONTINUE]
1354 games  +421 =579 -354   +17 Elo +/- 14   3fold=437 (32%)   14466s      mean=0.525 LLR=+2.08 [CONTINUE]
1355 games  +422 =579 -354   +17 Elo +/- 14   3fold=437 (32%)   14493s      mean=0.525 LLR=+2.12 [CONTINUE]
1356 games  +422 =580 -354   +17 Elo +/- 14   3fold=437 (32%)   14493s      mean=0.525 LLR=+2.12 [CONTINUE]
1357 games  +422 =580 -355   +17 Elo +/- 14   3fold=437 (32%)   14500s      mean=0.525 LLR=+2.07 [CONTINUE]
1358 games  +422 =581 -355   +17 Elo +/- 14   3fold=438 (32%)   14521s      mean=0.525 LLR=+2.08 [CONTINUE]
1359 games  +422 =582 -355   +17 Elo +/- 14   3fold=438 (32%)   14523s      mean=0.525 LLR=+2.08 [CONTINUE]
1360 games  +422 =582 -356   +17 Elo +/- 14   3fold=438 (32%)   14537s      mean=0.524 LLR=+2.03 [CONTINUE]
1361 games  +422 =583 -356   +17 Elo +/- 14   3fold=439 (32%)   14542s      mean=0.524 LLR=+2.04 [CONTINUE]
1362 games  +422 =584 -356   +17 Elo +/- 14   3fold=440 (32%)   14553s      mean=0.524 LLR=+2.04 [CONTINUE]
1363 games  +422 =585 -356   +17 Elo +/- 14   3fold=441 (32%)   14562s      mean=0.524 LLR=+2.04 [CONTINUE]
1364 games  +422 =585 -357   +17 Elo +/- 14   3fold=441 (32%)   14575s      mean=0.524 LLR=+2.00 [CONTINUE]
1365 games  +422 =585 -358   +16 Elo +/- 14   3fold=441 (32%)   14580s      mean=0.523 LLR=+1.95 [CONTINUE]
1366 games  +423 =585 -358   +17 Elo +/- 14   3fold=441 (32%)   14596s      mean=0.524 LLR=+1.99 [CONTINUE]
1367 games  +423 =586 -358   +17 Elo +/- 14   3fold=442 (32%)   14603s      mean=0.524 LLR=+1.99 [CONTINUE]
1368 games  +423 =587 -358   +17 Elo +/- 14   3fold=443 (32%)   14604s      mean=0.524 LLR=+1.99 [CONTINUE]
1369 games  +423 =588 -358   +17 Elo +/- 14   3fold=444 (32%)   14622s      mean=0.524 LLR=+2.00 [CONTINUE]
1370 games  +423 =589 -358   +16 Elo +/- 14   3fold=444 (32%)   14633s      mean=0.524 LLR=+2.00 [CONTINUE]
1371 games  +424 =589 -358   +17 Elo +/- 14   3fold=444 (32%)   14637s      mean=0.524 LLR=+2.04 [CONTINUE]
1372 games  +424 =589 -359   +16 Elo +/- 14   3fold=444 (32%)   14664s      mean=0.524 LLR=+1.99 [CONTINUE]
1373 games  +424 =589 -360   +16 Elo +/- 14   3fold=444 (32%)   14670s      mean=0.523 LLR=+1.95 [CONTINUE]
1374 games  +424 =590 -360   +16 Elo +/- 14   3fold=445 (32%)   14674s      mean=0.523 LLR=+1.95 [CONTINUE]
1375 games  +424 =591 -360   +16 Elo +/- 14   3fold=445 (32%)   14694s      mean=0.523 LLR=+1.95 [CONTINUE]
1376 games  +424 =592 -360   +16 Elo +/- 14   3fold=446 (32%)   14708s      mean=0.523 LLR=+1.95 [CONTINUE]
1377 games  +424 =593 -360   +16 Elo +/- 14   3fold=447 (32%)   14708s      mean=0.523 LLR=+1.95 [CONTINUE]
1378 games  +424 =594 -360   +16 Elo +/- 14   3fold=448 (33%)   14725s      mean=0.523 LLR=+1.96 [CONTINUE]
1379 games  +425 =594 -360   +16 Elo +/- 14   3fold=448 (32%)   14738s      mean=0.524 LLR=+1.99 [CONTINUE]
1380 games  +426 =594 -360   +17 Elo +/- 14   3fold=448 (32%)   14751s      mean=0.524 LLR=+2.03 [CONTINUE]
1381 games  +426 =594 -361   +16 Elo +/- 14   3fold=448 (32%)   14759s      mean=0.524 LLR=+1.99 [CONTINUE]
1382 games  +426 =595 -361   +16 Elo +/- 14   3fold=448 (32%)   14779s      mean=0.524 LLR=+1.99 [CONTINUE]
1383 games  +427 =595 -361   +17 Elo +/- 14   3fold=448 (32%)   14781s      mean=0.524 LLR=+2.03 [CONTINUE]
1384 games  +427 =595 -362   +16 Elo +/- 14   3fold=448 (32%)   14787s      mean=0.523 LLR=+1.99 [CONTINUE]
1385 games  +428 =595 -362   +17 Elo +/- 14   3fold=448 (32%)   14807s      mean=0.524 LLR=+2.03 [CONTINUE]
1386 games  +428 =596 -362   +17 Elo +/- 14   3fold=449 (32%)   14809s      mean=0.524 LLR=+2.03 [CONTINUE]
1387 games  +428 =597 -362   +17 Elo +/- 14   3fold=449 (32%)   14823s      mean=0.524 LLR=+2.03 [CONTINUE]
1388 games  +428 =597 -363   +16 Elo +/- 14   3fold=449 (32%)   14839s      mean=0.523 LLR=+1.99 [CONTINUE]
1389 games  +429 =597 -363   +17 Elo +/- 14   3fold=449 (32%)   14844s      mean=0.524 LLR=+2.03 [CONTINUE]
1390 games  +430 =597 -363   +17 Elo +/- 14   3fold=449 (32%)   14865s      mean=0.524 LLR=+2.07 [CONTINUE]
1391 games  +430 =598 -363   +17 Elo +/- 14   3fold=450 (32%)   14865s      mean=0.524 LLR=+2.07 [CONTINUE]
1392 games  +430 =598 -364   +16 Elo +/- 14   3fold=450 (32%)   14880s      mean=0.524 LLR=+2.03 [CONTINUE]
1393 games  +430 =599 -364   +16 Elo +/- 14   3fold=451 (32%)   14893s      mean=0.524 LLR=+2.03 [CONTINUE]
1394 games  +430 =600 -364   +16 Elo +/- 14   3fold=451 (32%)   14895s      mean=0.524 LLR=+2.03 [CONTINUE]
1395 games  +430 =601 -364   +16 Elo +/- 14   3fold=452 (32%)   14908s      mean=0.524 LLR=+2.03 [CONTINUE]
1396 games  +430 =601 -365   +16 Elo +/- 14   3fold=452 (32%)   14935s      mean=0.523 LLR=+1.99 [CONTINUE]
1397 games  +431 =601 -365   +16 Elo +/- 14   3fold=452 (32%)   14938s      mean=0.524 LLR=+2.02 [CONTINUE]
1398 games  +431 =602 -365   +16 Elo +/- 14   3fold=453 (32%)   14942s      mean=0.524 LLR=+2.03 [CONTINUE]
1399 games  +431 =603 -365   +16 Elo +/- 14   3fold=454 (32%)   14967s      mean=0.524 LLR=+2.03 [CONTINUE]
1400 games  +431 =604 -365   +16 Elo +/- 14   3fold=455 (32%)   14969s      mean=0.524 LLR=+2.03 [CONTINUE]
1401 games  +432 =604 -365   +17 Elo +/- 14   3fold=455 (32%)   14969s      mean=0.524 LLR=+2.07 [CONTINUE]
1402 games  +432 =605 -365   +17 Elo +/- 14   3fold=456 (33%)   14994s      mean=0.524 LLR=+2.07 [CONTINUE]
1403 games  +432 =606 -365   +17 Elo +/- 14   3fold=457 (33%)   14998s      mean=0.524 LLR=+2.07 [CONTINUE]
1404 games  +433 =606 -365   +17 Elo +/- 14   3fold=457 (33%)   15005s      mean=0.524 LLR=+2.11 [CONTINUE]
1405 games  +433 =607 -365   +17 Elo +/- 14   3fold=457 (33%)   15023s      mean=0.524 LLR=+2.11 [CONTINUE]
1406 games  +433 =608 -365   +17 Elo +/- 14   3fold=458 (33%)   15033s      mean=0.524 LLR=+2.11 [CONTINUE]
1407 games  +433 =609 -365   +17 Elo +/- 14   3fold=459 (33%)   15035s      mean=0.524 LLR=+2.11 [CONTINUE]
1408 games  +434 =609 -365   +17 Elo +/- 14   3fold=459 (33%)   15056s      mean=0.525 LLR=+2.15 [CONTINUE]
1409 games  +434 =610 -365   +17 Elo +/- 14   3fold=460 (33%)   15056s      mean=0.524 LLR=+2.15 [CONTINUE]
1410 games  +435 =610 -365   +17 Elo +/- 14   3fold=460 (33%)   15065s      mean=0.525 LLR=+2.19 [CONTINUE]
1411 games  +435 =611 -365   +17 Elo +/- 14   3fold=461 (33%)   15078s      mean=0.525 LLR=+2.19 [CONTINUE]
1412 games  +436 =611 -365   +17 Elo +/- 14   3fold=461 (33%)   15088s      mean=0.525 LLR=+2.23 [CONTINUE]
1413 games  +436 =611 -366   +17 Elo +/- 14   3fold=461 (33%)   15096s      mean=0.525 LLR=+2.19 [CONTINUE]
1414 games  +436 =611 -367   +17 Elo +/- 14   3fold=461 (33%)   15115s      mean=0.524 LLR=+2.15 [CONTINUE]
1415 games  +436 =612 -367   +17 Elo +/- 14   3fold=462 (33%)   15117s      mean=0.524 LLR=+2.15 [CONTINUE]
1416 games  +437 =612 -367   +17 Elo +/- 14   3fold=462 (33%)   15128s      mean=0.525 LLR=+2.19 [CONTINUE]
1417 games  +437 =613 -367   +17 Elo +/- 14   3fold=463 (33%)   15142s      mean=0.525 LLR=+2.19 [CONTINUE]
1418 games  +437 =613 -368   +17 Elo +/- 14   3fold=463 (33%)   15150s      mean=0.524 LLR=+2.15 [CONTINUE]
1419 games  +437 =614 -368   +17 Elo +/- 14   3fold=464 (33%)   15155s      mean=0.524 LLR=+2.15 [CONTINUE]
1420 games  +437 =615 -368   +17 Elo +/- 14   3fold=465 (33%)   15174s      mean=0.524 LLR=+2.15 [CONTINUE]
1421 games  +438 =615 -368   +17 Elo +/- 14   3fold=465 (33%)   15177s      mean=0.525 LLR=+2.19 [CONTINUE]
1422 games  +439 =615 -368   +17 Elo +/- 14   3fold=465 (33%)   15188s      mean=0.525 LLR=+2.23 [CONTINUE]
1423 games  +439 =616 -368   +17 Elo +/- 14   3fold=466 (33%)   15205s      mean=0.525 LLR=+2.23 [CONTINUE]
1424 games  +439 =617 -368   +17 Elo +/- 14   3fold=467 (33%)   15209s      mean=0.525 LLR=+2.23 [CONTINUE]
1425 games  +439 =618 -368   +17 Elo +/- 14   3fold=468 (33%)   15226s      mean=0.525 LLR=+2.23 [CONTINUE]
1426 games  +440 =618 -368   +18 Elo +/- 14   3fold=468 (33%)   15243s      mean=0.525 LLR=+2.27 [CONTINUE]
1427 games  +441 =618 -368   +18 Elo +/- 14   3fold=468 (33%)   15256s      mean=0.526 LLR=+2.31 [CONTINUE]
1428 games  +441 =619 -368   +18 Elo +/- 14   3fold=468 (33%)   15263s      mean=0.526 LLR=+2.31 [CONTINUE]
1429 games  +441 =619 -369   +18 Elo +/- 14   3fold=468 (33%)   15274s      mean=0.525 LLR=+2.27 [CONTINUE]
1430 games  +442 =619 -369   +18 Elo +/- 14   3fold=468 (33%)   15288s      mean=0.526 LLR=+2.31 [CONTINUE]
1431 games  +443 =619 -369   +18 Elo +/- 14   3fold=468 (33%)   15292s      mean=0.526 LLR=+2.35 [CONTINUE]
1432 games  +444 =619 -369   +18 Elo +/- 14   3fold=468 (33%)   15298s      mean=0.526 LLR=+2.38 [CONTINUE]
1433 games  +445 =619 -369   +18 Elo +/- 14   3fold=468 (33%)   15318s      mean=0.527 LLR=+2.42 [CONTINUE]
1434 games  +445 =619 -370   +18 Elo +/- 14   3fold=468 (33%)   15331s      mean=0.526 LLR=+2.38 [CONTINUE]
1435 games  +446 =619 -370   +18 Elo +/- 14   3fold=468 (33%)   15334s      mean=0.526 LLR=+2.42 [CONTINUE]
1436 games  +447 =619 -370   +19 Elo +/- 14   3fold=468 (33%)   15350s      mean=0.527 LLR=+2.46 [CONTINUE]
1437 games  +447 =620 -370   +19 Elo +/- 14   3fold=469 (33%)   15357s      mean=0.527 LLR=+2.46 [CONTINUE]
1438 games  +447 =621 -370   +19 Elo +/- 14   3fold=470 (33%)   15360s      mean=0.527 LLR=+2.46 [CONTINUE]
1439 games  +447 =622 -370   +19 Elo +/- 14   3fold=471 (33%)   15378s      mean=0.527 LLR=+2.46 [CONTINUE]
1440 games  +447 =622 -371   +18 Elo +/- 14   3fold=471 (33%)   15387s      mean=0.526 LLR=+2.42 [CONTINUE]
1441 games  +448 =622 -371   +19 Elo +/- 14   3fold=471 (33%)   15394s      mean=0.527 LLR=+2.46 [CONTINUE]
1442 games  +448 =622 -372   +18 Elo +/- 14   3fold=471 (33%)   15408s      mean=0.526 LLR=+2.42 [CONTINUE]
1443 games  +449 =622 -372   +19 Elo +/- 14   3fold=471 (33%)   15421s      mean=0.527 LLR=+2.46 [CONTINUE]
1444 games  +449 =623 -372   +19 Elo +/- 14   3fold=472 (33%)   15427s      mean=0.527 LLR=+2.46 [CONTINUE]
1445 games  +449 =624 -372   +19 Elo +/- 14   3fold=473 (33%)   15435s      mean=0.527 LLR=+2.46 [CONTINUE]
1446 games  +449 =624 -373   +18 Elo +/- 14   3fold=473 (33%)   15455s      mean=0.526 LLR=+2.42 [CONTINUE]
1447 games  +449 =625 -373   +18 Elo +/- 14   3fold=474 (33%)   15461s      mean=0.526 LLR=+2.42 [CONTINUE]
1448 games  +450 =625 -373   +18 Elo +/- 14   3fold=474 (33%)   15470s      mean=0.527 LLR=+2.46 [CONTINUE]
1449 games  +450 =625 -374   +18 Elo +/- 14   3fold=474 (33%)   15483s      mean=0.526 LLR=+2.41 [CONTINUE]
1450 games  +450 =625 -375   +18 Elo +/- 14   3fold=474 (33%)   15491s      mean=0.526 LLR=+2.37 [CONTINUE]
1451 games  +450 =625 -376   +18 Elo +/- 13   3fold=474 (33%)   15504s      mean=0.525 LLR=+2.33 [CONTINUE]
1452 games  +451 =625 -376   +18 Elo +/- 13   3fold=474 (33%)   15518s      mean=0.526 LLR=+2.37 [CONTINUE]
1453 games  +451 =625 -377   +18 Elo +/- 13   3fold=474 (33%)   15524s      mean=0.525 LLR=+2.32 [CONTINUE]
1454 games  +451 =626 -377   +18 Elo +/- 13   3fold=475 (33%)   15546s      mean=0.525 LLR=+2.33 [CONTINUE]
1455 games  +451 =627 -377   +18 Elo +/- 13   3fold=476 (33%)   15547s      mean=0.525 LLR=+2.33 [CONTINUE]
1456 games  +452 =627 -377   +18 Elo +/- 13   3fold=476 (33%)   15553s      mean=0.526 LLR=+2.37 [CONTINUE]
1457 games  +453 =627 -377   +18 Elo +/- 13   3fold=476 (33%)   15576s      mean=0.526 LLR=+2.41 [CONTINUE]
1458 games  +453 =628 -377   +18 Elo +/- 13   3fold=477 (33%)   15577s      mean=0.526 LLR=+2.41 [CONTINUE]
1459 games  +453 =629 -377   +18 Elo +/- 13   3fold=478 (33%)   15578s      mean=0.526 LLR=+2.41 [CONTINUE]
1460 games  +453 =630 -377   +18 Elo +/- 13   3fold=479 (33%)   15600s      mean=0.526 LLR=+2.41 [CONTINUE]
1461 games  +453 =631 -377   +18 Elo +/- 13   3fold=480 (33%)   15603s      mean=0.526 LLR=+2.41 [CONTINUE]
1462 games  +454 =631 -377   +18 Elo +/- 13   3fold=480 (33%)   15615s      mean=0.526 LLR=+2.45 [CONTINUE]
1463 games  +455 =631 -377   +19 Elo +/- 13   3fold=480 (33%)   15632s      mean=0.527 LLR=+2.49 [CONTINUE]
1464 games  +455 =632 -377   +19 Elo +/- 13   3fold=480 (33%)   15638s      mean=0.527 LLR=+2.49 [CONTINUE]
1465 games  +456 =632 -377   +19 Elo +/- 13   3fold=480 (33%)   15644s      mean=0.527 LLR=+2.53 [CONTINUE]
1466 games  +456 =633 -377   +19 Elo +/- 13   3fold=481 (33%)   15657s      mean=0.527 LLR=+2.53 [CONTINUE]
1467 games  +456 =633 -378   +18 Elo +/- 13   3fold=481 (33%)   15670s      mean=0.527 LLR=+2.49 [CONTINUE]
1468 games  +456 =634 -378   +18 Elo +/- 13   3fold=481 (33%)   15676s      mean=0.527 LLR=+2.49 [CONTINUE]
1469 games  +456 =635 -378   +18 Elo +/- 13   3fold=481 (33%)   15702s      mean=0.527 LLR=+2.49 [CONTINUE]
1470 games  +456 =636 -378   +18 Elo +/- 13   3fold=482 (33%)   15704s      mean=0.527 LLR=+2.49 [CONTINUE]
1471 games  +456 =637 -378   +18 Elo +/- 13   3fold=483 (33%)   15706s      mean=0.527 LLR=+2.49 [CONTINUE]
1472 games  +456 =638 -378   +18 Elo +/- 13   3fold=484 (33%)   15730s      mean=0.526 LLR=+2.49 [CONTINUE]
1473 games  +456 =639 -378   +18 Elo +/- 13   3fold=484 (33%)   15736s      mean=0.526 LLR=+2.49 [CONTINUE]
1474 games  +456 =640 -378   +18 Elo +/- 13   3fold=485 (33%)   15736s      mean=0.526 LLR=+2.50 [CONTINUE]
1475 games  +457 =640 -378   +19 Elo +/- 13   3fold=485 (33%)   15768s      mean=0.527 LLR=+2.54 [CONTINUE]
1476 games  +458 =640 -378   +19 Elo +/- 13   3fold=485 (33%)   15769s      mean=0.527 LLR=+2.57 [CONTINUE]
1477 games  +458 =640 -379   +19 Elo +/- 13   3fold=485 (33%)   15770s      mean=0.527 LLR=+2.53 [CONTINUE]
1478 games  +458 =641 -379   +19 Elo +/- 13   3fold=485 (33%)   15800s      mean=0.527 LLR=+2.53 [CONTINUE]
1479 games  +459 =641 -379   +19 Elo +/- 13   3fold=485 (33%)   15801s      mean=0.527 LLR=+2.57 [CONTINUE]
1480 games  +459 =642 -379   +19 Elo +/- 13   3fold=485 (33%)   15804s      mean=0.527 LLR=+2.57 [CONTINUE]
1481 games  +459 =642 -380   +19 Elo +/- 13   3fold=485 (33%)   15832s      mean=0.527 LLR=+2.53 [CONTINUE]
1482 games  +459 =643 -380   +19 Elo +/- 13   3fold=486 (33%)   15837s      mean=0.527 LLR=+2.53 [CONTINUE]
1483 games  +459 =644 -380   +19 Elo +/- 13   3fold=486 (33%)   15843s      mean=0.527 LLR=+2.53 [CONTINUE]
1484 games  +459 =644 -381   +18 Elo +/- 13   3fold=486 (33%)   15868s      mean=0.526 LLR=+2.49 [CONTINUE]
1485 games  +459 =644 -382   +18 Elo +/- 13   3fold=486 (33%)   15869s      mean=0.526 LLR=+2.45 [CONTINUE]
1486 games  +459 =644 -383   +18 Elo +/- 13   3fold=486 (33%)   15873s      mean=0.526 LLR=+2.40 [CONTINUE]
1487 games  +459 =644 -384   +18 Elo +/- 13   3fold=486 (33%)   15900s      mean=0.525 LLR=+2.36 [CONTINUE]
1488 games  +459 =645 -384   +18 Elo +/- 13   3fold=486 (33%)   15901s      mean=0.525 LLR=+2.36 [CONTINUE]
1489 games  +459 =646 -384   +18 Elo +/- 13   3fold=486 (33%)   15913s      mean=0.525 LLR=+2.36 [CONTINUE]
1490 games  +459 =646 -385   +17 Elo +/- 13   3fold=486 (33%)   15937s      mean=0.525 LLR=+2.32 [CONTINUE]
1491 games  +460 =646 -385   +17 Elo +/- 13   3fold=486 (33%)   15938s      mean=0.525 LLR=+2.36 [CONTINUE]
1492 games  +460 =647 -385   +17 Elo +/- 13   3fold=487 (33%)   15939s      mean=0.525 LLR=+2.36 [CONTINUE]
1493 games  +460 =647 -386   +17 Elo +/- 13   3fold=487 (33%)   15965s      mean=0.525 LLR=+2.32 [CONTINUE]
1494 games  +460 =648 -386   +17 Elo +/- 13   3fold=488 (33%)   15966s      mean=0.525 LLR=+2.32 [CONTINUE]
1495 games  +461 =648 -386   +17 Elo +/- 13   3fold=488 (33%)   15970s      mean=0.525 LLR=+2.36 [CONTINUE]
1496 games  +461 =649 -386   +17 Elo +/- 13   3fold=489 (33%)   15992s      mean=0.525 LLR=+2.36 [CONTINUE]
1497 games  +461 =650 -386   +17 Elo +/- 13   3fold=490 (33%)   15993s      mean=0.525 LLR=+2.36 [CONTINUE]
1498 games  +462 =650 -386   +18 Elo +/- 13   3fold=490 (33%)   15999s      mean=0.525 LLR=+2.40 [CONTINUE]
1499 games  +462 =650 -387   +17 Elo +/- 13   3fold=490 (33%)   16024s      mean=0.525 LLR=+2.36 [CONTINUE]
1500 games  +462 =650 -388   +17 Elo +/- 13   3fold=490 (33%)   16030s      mean=0.525 LLR=+2.31 [CONTINUE]
1501 games  +462 =651 -388   +17 Elo +/- 13   3fold=491 (33%)   16031s      mean=0.525 LLR=+2.32 [CONTINUE]
1502 games  +462 =652 -388   +17 Elo +/- 13   3fold=492 (33%)   16063s      mean=0.525 LLR=+2.32 [CONTINUE]
1503 games  +463 =652 -388   +17 Elo +/- 13   3fold=492 (33%)   16065s      mean=0.525 LLR=+2.36 [CONTINUE]
1504 games  +463 =653 -388   +17 Elo +/- 13   3fold=492 (33%)   16067s      mean=0.525 LLR=+2.36 [CONTINUE]
1505 games  +464 =653 -388   +18 Elo +/- 13   3fold=492 (33%)   16095s      mean=0.525 LLR=+2.40 [CONTINUE]
1506 games  +464 =654 -388   +18 Elo +/- 13   3fold=493 (33%)   16097s      mean=0.525 LLR=+2.40 [CONTINUE]
1507 games  +464 =655 -388   +18 Elo +/- 13   3fold=494 (33%)   16097s      mean=0.525 LLR=+2.40 [CONTINUE]
1508 games  +465 =655 -388   +18 Elo +/- 13   3fold=494 (33%)   16126s      mean=0.526 LLR=+2.44 [CONTINUE]
1509 games  +465 =655 -389   +18 Elo +/- 13   3fold=494 (33%)   16127s      mean=0.525 LLR=+2.40 [CONTINUE]
1510 games  +465 =656 -389   +18 Elo +/- 13   3fold=495 (33%)   16128s      mean=0.525 LLR=+2.40 [CONTINUE]
1511 games  +465 =657 -389   +17 Elo +/- 13   3fold=495 (33%)   16157s      mean=0.525 LLR=+2.40 [CONTINUE]
1512 games  +466 =657 -389   +18 Elo +/- 13   3fold=495 (33%)   16157s      mean=0.525 LLR=+2.44 [CONTINUE]
1513 games  +466 =658 -389   +18 Elo +/- 13   3fold=496 (33%)   16158s      mean=0.525 LLR=+2.44 [CONTINUE]
1514 games  +467 =658 -389   +18 Elo +/- 13   3fold=496 (33%)   16186s      mean=0.526 LLR=+2.48 [CONTINUE]
1515 games  +467 =658 -390   +18 Elo +/- 13   3fold=496 (33%)   16188s      mean=0.525 LLR=+2.44 [CONTINUE]
1516 games  +468 =658 -390   +18 Elo +/- 13   3fold=496 (33%)   16188s      mean=0.526 LLR=+2.47 [CONTINUE]
1517 games  +468 =658 -391   +18 Elo +/- 13   3fold=496 (33%)   16218s      mean=0.525 LLR=+2.43 [CONTINUE]
1518 games  +468 =659 -391   +18 Elo +/- 13   3fold=497 (33%)   16220s      mean=0.525 LLR=+2.43 [CONTINUE]
1519 games  +468 =660 -391   +18 Elo +/- 13   3fold=498 (33%)   16221s      mean=0.525 LLR=+2.43 [CONTINUE]
1520 games  +468 =661 -391   +18 Elo +/- 13   3fold=498 (33%)   16248s      mean=0.525 LLR=+2.44 [CONTINUE]
1521 games  +469 =661 -391   +18 Elo +/- 13   3fold=498 (33%)   16252s      mean=0.526 LLR=+2.47 [CONTINUE]
1522 games  +469 =662 -391   +18 Elo +/- 13   3fold=499 (33%)   16256s      mean=0.526 LLR=+2.48 [CONTINUE]
1523 games  +469 =663 -391   +18 Elo +/- 13   3fold=500 (33%)   16278s      mean=0.526 LLR=+2.48 [CONTINUE]
1524 games  +470 =663 -391   +18 Elo +/- 13   3fold=500 (33%)   16280s      mean=0.526 LLR=+2.52 [CONTINUE]
1525 games  +470 =664 -391   +18 Elo +/- 13   3fold=500 (33%)   16288s      mean=0.526 LLR=+2.52 [CONTINUE]
1526 games  +471 =664 -391   +18 Elo +/- 13   3fold=500 (33%)   16306s      mean=0.526 LLR=+2.56 [CONTINUE]
1527 games  +472 =664 -391   +18 Elo +/- 13   3fold=500 (33%)   16313s      mean=0.527 LLR=+2.60 [CONTINUE]
1528 games  +473 =664 -391   +19 Elo +/- 13   3fold=500 (33%)   16317s      mean=0.527 LLR=+2.64 [CONTINUE]
1529 games  +473 =665 -391   +19 Elo +/- 13   3fold=500 (33%)   16336s      mean=0.527 LLR=+2.64 [CONTINUE]
1530 games  +474 =665 -391   +19 Elo +/- 13   3fold=500 (33%)   16339s      mean=0.527 LLR=+2.68 [CONTINUE]
1531 games  +474 =665 -392   +19 Elo +/- 13   3fold=500 (33%)   16350s      mean=0.527 LLR=+2.63 [CONTINUE]
1532 games  +475 =665 -392   +19 Elo +/- 13   3fold=500 (33%)   16367s      mean=0.527 LLR=+2.67 [CONTINUE]
1533 games  +475 =666 -392   +19 Elo +/- 13   3fold=501 (33%)   16368s      mean=0.527 LLR=+2.67 [CONTINUE]
1534 games  +475 =667 -392   +19 Elo +/- 13   3fold=502 (33%)   16380s      mean=0.527 LLR=+2.68 [CONTINUE]
1535 games  +475 =667 -393   +19 Elo +/- 13   3fold=502 (33%)   16395s      mean=0.527 LLR=+2.63 [CONTINUE]
1536 games  +476 =667 -393   +19 Elo +/- 13   3fold=502 (33%)   16400s      mean=0.527 LLR=+2.67 [CONTINUE]
1537 games  +476 =668 -393   +19 Elo +/- 13   3fold=503 (33%)   16405s      mean=0.527 LLR=+2.67 [CONTINUE]
1538 games  +477 =668 -393   +19 Elo +/- 13   3fold=503 (33%)   16427s      mean=0.527 LLR=+2.71 [CONTINUE]
1539 games  +477 =668 -394   +19 Elo +/- 13   3fold=503 (33%)   16429s      mean=0.527 LLR=+2.67 [CONTINUE]
1540 games  +477 =669 -394   +19 Elo +/- 13   3fold=503 (33%)   16440s      mean=0.527 LLR=+2.67 [CONTINUE]
1541 games  +478 =669 -394   +19 Elo +/- 13   3fold=503 (33%)   16459s      mean=0.527 LLR=+2.71 [CONTINUE]
1542 games  +478 =669 -395   +19 Elo +/- 13   3fold=503 (33%)   16460s      mean=0.527 LLR=+2.67 [CONTINUE]
1543 games  +478 =670 -395   +19 Elo +/- 13   3fold=504 (33%)   16468s      mean=0.527 LLR=+2.67 [CONTINUE]
1544 games  +479 =670 -395   +19 Elo +/- 13   3fold=504 (33%)   16489s      mean=0.527 LLR=+2.71 [CONTINUE]
1545 games  +479 =671 -395   +19 Elo +/- 13   3fold=505 (33%)   16496s      mean=0.527 LLR=+2.71 [CONTINUE]
1546 games  +479 =671 -396   +19 Elo +/- 13   3fold=505 (33%)   16497s      mean=0.527 LLR=+2.67 [CONTINUE]
1547 games  +479 =672 -396   +19 Elo +/- 13   3fold=506 (33%)   16516s      mean=0.527 LLR=+2.67 [CONTINUE]
1548 games  +479 =672 -397   +18 Elo +/- 13   3fold=506 (33%)   16528s      mean=0.526 LLR=+2.62 [CONTINUE]
1549 games  +479 =673 -397   +18 Elo +/- 13   3fold=507 (33%)   16529s      mean=0.526 LLR=+2.63 [CONTINUE]
1550 games  +479 =674 -397   +18 Elo +/- 13   3fold=508 (33%)   16545s      mean=0.526 LLR=+2.63 [CONTINUE]
1551 games  +479 =675 -397   +18 Elo +/- 13   3fold=509 (33%)   16557s      mean=0.526 LLR=+2.63 [CONTINUE]
1552 games  +479 =675 -398   +18 Elo +/- 13   3fold=509 (33%)   16562s      mean=0.526 LLR=+2.58 [CONTINUE]
1553 games  +479 =676 -398   +18 Elo +/- 13   3fold=510 (33%)   16570s      mean=0.526 LLR=+2.59 [CONTINUE]
1554 games  +479 =676 -399   +18 Elo +/- 13   3fold=510 (33%)   16590s      mean=0.526 LLR=+2.54 [CONTINUE]
1555 games  +479 =677 -399   +18 Elo +/- 13   3fold=511 (33%)   16594s      mean=0.526 LLR=+2.54 [CONTINUE]
1556 games  +479 =678 -399   +18 Elo +/- 13   3fold=512 (33%)   16600s      mean=0.526 LLR=+2.55 [CONTINUE]
1557 games  +480 =678 -399   +18 Elo +/- 13   3fold=512 (33%)   16620s      mean=0.526 LLR=+2.58 [CONTINUE]
1558 games  +481 =678 -399   +18 Elo +/- 13   3fold=512 (33%)   16621s      mean=0.526 LLR=+2.62 [CONTINUE]
1559 games  +481 =678 -400   +18 Elo +/- 13   3fold=512 (33%)   16631s      mean=0.526 LLR=+2.58 [CONTINUE]
1560 games  +481 =679 -400   +18 Elo +/- 13   3fold=513 (33%)   16652s      mean=0.526 LLR=+2.58 [CONTINUE]
1561 games  +481 =679 -401   +18 Elo +/- 13   3fold=513 (33%)   16652s      mean=0.526 LLR=+2.54 [CONTINUE]
1562 games  +481 =680 -401   +18 Elo +/- 13   3fold=514 (33%)   16663s      mean=0.526 LLR=+2.54 [CONTINUE]
1563 games  +481 =681 -401   +18 Elo +/- 13   3fold=515 (33%)   16682s      mean=0.526 LLR=+2.54 [CONTINUE]
1564 games  +481 =682 -401   +18 Elo +/- 13   3fold=516 (33%)   16683s      mean=0.526 LLR=+2.54 [CONTINUE]
1565 games  +481 =682 -402   +18 Elo +/- 13   3fold=516 (33%)   16687s      mean=0.525 LLR=+2.50 [CONTINUE]
1566 games  +482 =682 -402   +18 Elo +/- 13   3fold=516 (33%)   16715s      mean=0.526 LLR=+2.54 [CONTINUE]
1567 games  +482 =682 -403   +18 Elo +/- 13   3fold=516 (33%)   16715s      mean=0.525 LLR=+2.50 [CONTINUE]
1568 games  +482 =682 -404   +17 Elo +/- 13   3fold=516 (33%)   16722s      mean=0.525 LLR=+2.45 [CONTINUE]
1569 games  +483 =682 -404   +18 Elo +/- 13   3fold=516 (33%)   16739s      mean=0.525 LLR=+2.49 [CONTINUE]
1570 games  +484 =682 -404   +18 Elo +/- 13   3fold=516 (33%)   16750s      mean=0.525 LLR=+2.53 [CONTINUE]
1571 games  +485 =682 -404   +18 Elo +/- 13   3fold=516 (33%)   16757s      mean=0.526 LLR=+2.57 [CONTINUE]
1572 games  +485 =682 -405   +18 Elo +/- 13   3fold=516 (33%)   16774s      mean=0.525 LLR=+2.53 [CONTINUE]
1573 games  +485 =683 -405   +18 Elo +/- 13   3fold=517 (33%)   16782s      mean=0.525 LLR=+2.53 [CONTINUE]
1574 games  +486 =683 -405   +18 Elo +/- 13   3fold=517 (33%)   16786s      mean=0.526 LLR=+2.57 [CONTINUE]
1575 games  +486 =684 -405   +18 Elo +/- 13   3fold=518 (33%)   16800s      mean=0.526 LLR=+2.57 [CONTINUE]
1576 games  +486 =685 -405   +18 Elo +/- 13   3fold=519 (33%)   16811s      mean=0.526 LLR=+2.57 [CONTINUE]
1577 games  +486 =685 -406   +18 Elo +/- 13   3fold=519 (33%)   16811s      mean=0.525 LLR=+2.53 [CONTINUE]
1578 games  +486 =686 -406   +18 Elo +/- 13   3fold=519 (33%)   16833s      mean=0.525 LLR=+2.53 [CONTINUE]
1579 games  +487 =686 -406   +18 Elo +/- 13   3fold=519 (33%)   16844s      mean=0.526 LLR=+2.57 [CONTINUE]
1580 games  +487 =687 -406   +18 Elo +/- 13   3fold=519 (33%)   16847s      mean=0.526 LLR=+2.57 [CONTINUE]
1581 games  +487 =687 -407   +18 Elo +/- 13   3fold=519 (33%)   16863s      mean=0.525 LLR=+2.53 [CONTINUE]
1582 games  +488 =687 -407   +18 Elo +/- 13   3fold=519 (33%)   16874s      mean=0.526 LLR=+2.57 [CONTINUE]
1583 games  +488 =687 -408   +18 Elo +/- 13   3fold=519 (33%)   16881s      mean=0.525 LLR=+2.52 [CONTINUE]
