openings: 400 positions from tests/openings_gen.fen
gauntlet: agent@engine vs agent@checkpoints/syzygy | SPRT elo0=0.0 elo1=8.0 alpha=0.025 beta=0.025 max_games=1500 | 10000ms+100ms | 6 workers
   1 games  +0 =1 -0   -0 Elo +/- 0   3fold=1 (100%)   147s      mean=0.500 LLR=+0.00 (game LLR=+0.00) [CONTINUE]
   2 games  +0 =1 -1   -191 Elo +/- 834   3fold=1 (50%)   148s      mean=0.250 LLR=+0.00 (game LLR=-0.09) [CONTINUE]
   3 games  +0 =2 -1   -120 Elo +/- 265   3fold=2 (67%)   149s      mean=0.333 LLR=+0.00 (game LLR=-0.11) [CONTINUE]
   4 games  +0 =2 -2   -191 Elo +/- 458   3fold=2 (50%)   150s      mean=0.250 LLR=+0.00 (game LLR=-0.19) [CONTINUE]
   5 games  +1 =2 -2   -70 Elo +/- 308   3fold=2 (40%)   151s      mean=0.400 LLR=+0.00 (game LLR=-0.04) [CONTINUE]
   6 games  +1 =3 -2   -58 Elo +/- 227   3fold=2 (33%)   163s      mean=0.417 LLR=+0.00 (game LLR=-0.05) [CONTINUE]
   7 games  +1 =4 -2   -50 Elo +/- 185   3fold=3 (43%)   174s      mean=0.429 LLR=+0.00 (game LLR=-0.06) [CONTINUE]
   8 games  +1 =5 -2   -44 Elo +/- 157   3fold=4 (50%)   176s      mean=0.438 LLR=+0.00 (game LLR=-0.07) [CONTINUE]
   9 games  +2 =5 -2   -0 Elo +/- 162   3fold=4 (44%)   179s      mean=0.500 LLR=-0.19 (game LLR=-0.01) [CONTINUE]
  10 games  +2 =6 -2   -0 Elo +/- 144   3fold=5 (50%)   181s      mean=0.500 LLR=+0.03 (game LLR=-0.01) [CONTINUE]
  11 games  +2 =7 -2   -0 Elo +/- 129   3fold=6 (55%)   182s      mean=0.500 LLR=+0.04 (game LLR=-0.01) [CONTINUE]
  12 games  +2 =8 -2   -0 Elo +/- 118   3fold=7 (58%)   192s      mean=0.500 LLR=-0.00 (game LLR=-0.01) [CONTINUE]
  13 games  +2 =9 -2   -0 Elo +/- 108   3fold=8 (62%)   205s      mean=0.500 LLR=-0.01 (game LLR=-0.01) [CONTINUE]
  14 games  +3 =9 -2   +25 Elo +/- 112   3fold=8 (57%)   205s      mean=0.536 LLR=-0.01 (game LLR=+0.05) [CONTINUE]
  15 games  +3 =10 -2   +23 Elo +/- 104   3fold=9 (60%)   210s      mean=0.533 LLR=-0.01 (game LLR=+0.06) [CONTINUE]
  16 games  +4 =10 -2   +44 Elo +/- 107   3fold=9 (56%)   212s      mean=0.562 LLR=-0.01 (game LLR=+0.12) [CONTINUE]
  17 games  +4 =11 -2   +41 Elo +/- 100   3fold=10 (59%)   213s      mean=0.559 LLR=-0.01 (game LLR=+0.12) [CONTINUE]
  18 games  +5 =11 -2   +58 Elo +/- 102   3fold=10 (56%)   224s      mean=0.583 LLR=-0.01 (game LLR=+0.18) [CONTINUE]
  19 games  +5 =12 -2   +55 Elo +/- 96   3fold=11 (58%)   233s      mean=0.579 LLR=-0.01 (game LLR=+0.19) [CONTINUE]
  20 games  +6 =12 -2   +70 Elo +/- 98   3fold=11 (55%)   236s      mean=0.600 LLR=+0.04 (game LLR=+0.24) [CONTINUE]
  21 games  +6 =13 -2   +67 Elo +/- 93   3fold=12 (57%)   239s      mean=0.595 LLR=+0.09 (game LLR=+0.25) [CONTINUE]
  22 games  +6 =14 -2   +64 Elo +/- 88   3fold=13 (59%)   241s      mean=0.591 LLR=+0.10 (game LLR=+0.26) [CONTINUE]
  23 games  +6 =14 -3   +46 Elo +/- 90   3fold=13 (57%)   243s      mean=0.565 LLR=+0.16 (game LLR=+0.17) [CONTINUE]
  24 games  +6 =15 -3   +44 Elo +/- 86   3fold=14 (58%)   249s      mean=0.562 LLR=+0.09 (game LLR=+0.17) [CONTINUE]
  25 games  +6 =16 -3   +42 Elo +/- 83   3fold=15 (60%)   255s      mean=0.560 LLR=+0.15 (game LLR=+0.18) [CONTINUE]
  26 games  +7 =16 -3   +54 Elo +/- 84   3fold=15 (58%)   265s      mean=0.577 LLR=+0.15 (game LLR=+0.24) [CONTINUE]
  27 games  +7 =17 -3   +52 Elo +/- 81   3fold=16 (59%)   267s      mean=0.574 LLR=+0.15 (game LLR=+0.24) [CONTINUE]
  28 games  +7 =18 -3   +50 Elo +/- 78   3fold=17 (61%)   269s      mean=0.571 LLR=+0.15 (game LLR=+0.25) [CONTINUE]
  29 games  +7 =19 -3   +48 Elo +/- 75   3fold=18 (62%)   272s      mean=0.569 LLR=+0.15 (game LLR=+0.26) [CONTINUE]
  30 games  +8 =19 -3   +58 Elo +/- 76   3fold=18 (60%)   277s      mean=0.583 LLR=+0.15 (game LLR=+0.32) [CONTINUE]
  31 games  +8 =19 -4   +45 Elo +/- 77   3fold=18 (58%)   281s      mean=0.565 LLR=+0.15 (game LLR=+0.23) [CONTINUE]
  32 games  +9 =19 -4   +55 Elo +/- 78   3fold=18 (56%)   295s      mean=0.578 LLR=+0.09 (game LLR=+0.28) [CONTINUE]
  33 games  +9 =19 -5   +42 Elo +/- 78   3fold=18 (55%)   297s      mean=0.561 LLR=+0.16 (game LLR=+0.20) [CONTINUE]
  34 games  +9 =20 -5   +41 Elo +/- 76   3fold=19 (56%)   301s      mean=0.559 LLR=+0.11 (game LLR=+0.21) [CONTINUE]
  35 games  +9 =21 -5   +40 Elo +/- 74   3fold=20 (57%)   304s      mean=0.557 LLR=+0.12 (game LLR=+0.21) [CONTINUE]
  36 games  +9 =22 -5   +39 Elo +/- 72   3fold=21 (58%)   305s      mean=0.556 LLR=+0.12 (game LLR=+0.22) [CONTINUE]
  37 games  +9 =22 -6   +28 Elo +/- 72   3fold=21 (57%)   312s      mean=0.541 LLR=+0.17 (game LLR=+0.15) [CONTINUE]
  38 games  +9 =23 -6   +27 Elo +/- 70   3fold=22 (58%)   325s      mean=0.539 LLR=+0.17 (game LLR=+0.15) [CONTINUE]
  39 games  +9 =24 -6   +27 Elo +/- 68   3fold=23 (59%)   329s      mean=0.538 LLR=+0.17 (game LLR=+0.16) [CONTINUE]
  40 games  +9 =25 -6   +26 Elo +/- 67   3fold=24 (60%)   330s      mean=0.537 LLR=+0.17 (game LLR=+0.16) [CONTINUE]
  41 games  +9 =26 -6   +25 Elo +/- 65   3fold=25 (61%)   335s      mean=0.537 LLR=+0.17 (game LLR=+0.16) [CONTINUE]
  42 games  +9 =27 -6   +25 Elo +/- 63   3fold=25 (60%)   337s      mean=0.536 LLR=+0.17 (game LLR=+0.16) [CONTINUE]
  43 games  +9 =27 -7   +16 Elo +/- 64   3fold=25 (58%)   343s      mean=0.523 LLR=+0.17 (game LLR=+0.09) [CONTINUE]
  44 games  +9 =27 -8   +8 Elo +/- 65   3fold=25 (57%)   358s      mean=0.511 LLR=+0.06 (game LLR=+0.03) [CONTINUE]
  45 games  +9 =28 -8   +8 Elo +/- 63   3fold=26 (58%)   362s      mean=0.511 LLR=+0.02 (game LLR=+0.03) [CONTINUE]
  46 games  +9 =29 -8   +8 Elo +/- 62   3fold=27 (59%)   363s      mean=0.511 LLR=+0.02 (game LLR=+0.03) [CONTINUE]
  47 games  +10 =29 -8   +15 Elo +/- 62   3fold=27 (57%)   366s      mean=0.521 LLR=+0.02 (game LLR=+0.09) [CONTINUE]
  48 games  +10 =30 -8   +14 Elo +/- 61   3fold=28 (58%)   366s      mean=0.521 LLR=+0.07 (game LLR=+0.09) [CONTINUE]
  49 games  +10 =31 -8   +14 Elo +/- 60   3fold=29 (59%)   368s      mean=0.520 LLR=+0.07 (game LLR=+0.09) [CONTINUE]
  50 games  +10 =32 -8   +14 Elo +/- 58   3fold=30 (60%)   389s      mean=0.520 LLR=+0.07 (game LLR=+0.09) [CONTINUE]
  51 games  +10 =33 -8   +14 Elo +/- 57   3fold=31 (61%)   390s      mean=0.520 LLR=+0.07 (game LLR=+0.09) [CONTINUE]
  52 games  +10 =34 -8   +13 Elo +/- 56   3fold=32 (62%)   392s      mean=0.519 LLR=+0.07 (game LLR=+0.09) [CONTINUE]
  53 games  +10 =35 -8   +13 Elo +/- 55   3fold=33 (62%)   393s      mean=0.519 LLR=+0.07 (game LLR=+0.09) [CONTINUE]
  54 games  +10 =36 -8   +13 Elo +/- 54   3fold=34 (63%)   395s      mean=0.519 LLR=+0.07 (game LLR=+0.10) [CONTINUE]
  55 games  +10 =37 -8   +13 Elo +/- 53   3fold=35 (64%)   396s      mean=0.518 LLR=+0.07 (game LLR=+0.10) [CONTINUE]
  56 games  +10 =38 -8   +12 Elo +/- 52   3fold=36 (64%)   416s      mean=0.518 LLR=+0.07 (game LLR=+0.10) [CONTINUE]
  57 games  +10 =39 -8   +12 Elo +/- 51   3fold=37 (65%)   421s      mean=0.518 LLR=+0.07 (game LLR=+0.10) [CONTINUE]
  58 games  +10 =40 -8   +12 Elo +/- 50   3fold=38 (66%)   421s      mean=0.517 LLR=+0.07 (game LLR=+0.10) [CONTINUE]
  59 games  +10 =41 -8   +12 Elo +/- 49   3fold=39 (66%)   422s      mean=0.517 LLR=+0.07 (game LLR=+0.10) [CONTINUE]
  60 games  +10 =41 -9   +6 Elo +/- 50   3fold=39 (65%)   424s      mean=0.508 LLR=+0.07 (game LLR=+0.02) [CONTINUE]
  61 games  +10 =42 -9   +6 Elo +/- 49   3fold=40 (66%)   427s      mean=0.508 LLR=+0.07 (game LLR=+0.02) [CONTINUE]
  62 games  +10 =42 -10   -0 Elo +/- 49   3fold=40 (65%)   443s      mean=0.500 LLR=+0.08 (game LLR=-0.05) [CONTINUE]
  63 games  +10 =43 -10   -0 Elo +/- 49   3fold=41 (65%)   450s      mean=0.500 LLR=+0.08 (game LLR=-0.05) [CONTINUE]
  64 games  +11 =43 -10   +5 Elo +/- 49   3fold=41 (64%)   450s      mean=0.508 LLR=+0.08 (game LLR=+0.02) [CONTINUE]
  65 games  +12 =43 -10   +11 Elo +/- 49   3fold=41 (63%)   452s      mean=0.515 LLR=+0.08 (game LLR=+0.09) [CONTINUE]
  66 games  +13 =43 -10   +16 Elo +/- 50   3fold=41 (62%)   455s      mean=0.523 LLR=+0.08 (game LLR=+0.15) [CONTINUE]
  67 games  +13 =44 -10   +16 Elo +/- 49   3fold=42 (63%)   469s      mean=0.522 LLR=+0.08 (game LLR=+0.15) [CONTINUE]
  68 games  +13 =45 -10   +15 Elo +/- 48   3fold=43 (63%)   474s      mean=0.522 LLR=+0.08 (game LLR=+0.15) [CONTINUE]
  69 games  +13 =46 -10   +15 Elo +/- 48   3fold=44 (64%)   480s      mean=0.522 LLR=+0.02 (game LLR=+0.15) [CONTINUE]
  70 games  +13 =47 -10   +15 Elo +/- 47   3fold=45 (64%)   481s      mean=0.521 LLR=+0.07 (game LLR=+0.15) [CONTINUE]
  71 games  +14 =47 -10   +20 Elo +/- 47   3fold=45 (63%)   482s      mean=0.528 LLR=+0.07 (game LLR=+0.22) [CONTINUE]
  72 games  +14 =47 -11   +14 Elo +/- 48   3fold=45 (62%)   486s      mean=0.521 LLR=+0.17 (game LLR=+0.14) [CONTINUE]
  73 games  +14 =48 -11   +14 Elo +/- 47   3fold=46 (63%)   492s      mean=0.521 LLR=+0.17 (game LLR=+0.15) [CONTINUE]
  74 games  +14 =48 -12   +9 Elo +/- 47   3fold=46 (62%)   503s      mean=0.514 LLR=+0.18 (game LLR=+0.08) [CONTINUE]
  75 games  +14 =48 -13   +5 Elo +/- 47   3fold=46 (61%)   508s      mean=0.507 LLR=+0.18 (game LLR=+0.01) [CONTINUE]
  76 games  +14 =48 -14   -0 Elo +/- 48   3fold=46 (61%)   511s      mean=0.500 LLR=+0.18 (game LLR=-0.05) [CONTINUE]
  77 games  +15 =48 -14   +5 Elo +/- 48   3fold=46 (60%)   512s      mean=0.506 LLR=+0.18 (game LLR=+0.01) [CONTINUE]
  78 games  +15 =49 -14   +4 Elo +/- 47   3fold=47 (60%)   515s      mean=0.506 LLR=+0.18 (game LLR=+0.01) [CONTINUE]
  79 games  +15 =49 -15   -0 Elo +/- 48   3fold=47 (59%)   521s      mean=0.500 LLR=+0.12 (game LLR=-0.06) [CONTINUE]
  80 games  +15 =50 -15   -0 Elo +/- 47   3fold=48 (60%)   526s      mean=0.500 LLR=+0.12 (game LLR=-0.06) [CONTINUE]
  81 games  +15 =51 -15   -0 Elo +/- 46   3fold=49 (60%)   527s      mean=0.500 LLR=+0.06 (game LLR=-0.06) [CONTINUE]
  82 games  +15 =52 -15   -0 Elo +/- 46   3fold=50 (61%)   537s      mean=0.500 LLR=+0.01 (game LLR=-0.06) [CONTINUE]
  83 games  +15 =53 -15   -0 Elo +/- 45   3fold=51 (61%)   544s      mean=0.500 LLR=+0.01 (game LLR=-0.06) [CONTINUE]
  84 games  +16 =53 -15   +4 Elo +/- 45   3fold=51 (61%)   549s      mean=0.506 LLR=+0.06 (game LLR=+0.00) [CONTINUE]
  85 games  +16 =54 -15   +4 Elo +/- 45   3fold=52 (61%)   549s      mean=0.506 LLR=+0.06 (game LLR=+0.00) [CONTINUE]
  86 games  +16 =55 -15   +4 Elo +/- 44   3fold=52 (60%)   552s      mean=0.506 LLR=+0.06 (game LLR=+0.00) [CONTINUE]
  87 games  +16 =56 -15   +4 Elo +/- 44   3fold=53 (61%)   558s      mean=0.506 LLR=+0.00 (game LLR=-0.00) [CONTINUE]
  88 games  +16 =57 -15   +4 Elo +/- 43   3fold=54 (61%)   565s      mean=0.506 LLR=+0.00 (game LLR=-0.00) [CONTINUE]
  89 games  +17 =57 -15   +8 Elo +/- 44   3fold=54 (61%)   571s      mean=0.511 LLR=+0.00 (game LLR=+0.06) [CONTINUE]
  90 games  +17 =58 -15   +8 Elo +/- 43   3fold=55 (61%)   579s      mean=0.511 LLR=+0.00 (game LLR=+0.06) [CONTINUE]
  91 games  +17 =59 -15   +8 Elo +/- 43   3fold=56 (62%)   583s      mean=0.511 LLR=+0.00 (game LLR=+0.06) [CONTINUE]
  92 games  +17 =60 -15   +8 Elo +/- 42   3fold=57 (62%)   587s      mean=0.511 LLR=-0.00 (game LLR=+0.06) [CONTINUE]
  93 games  +18 =60 -15   +11 Elo +/- 42   3fold=57 (61%)   589s      mean=0.516 LLR=-0.00 (game LLR=+0.13) [CONTINUE]
  94 games  +18 =60 -16   +7 Elo +/- 42   3fold=57 (61%)   595s      mean=0.511 LLR=-0.00 (game LLR=+0.06) [CONTINUE]
  95 games  +18 =60 -17   +4 Elo +/- 43   3fold=57 (60%)   596s      mean=0.505 LLR=-0.00 (game LLR=-0.01) [CONTINUE]
  96 games  +18 =61 -17   +4 Elo +/- 42   3fold=58 (60%)   609s      mean=0.505 LLR=-0.00 (game LLR=-0.01) [CONTINUE]
  97 games  +19 =61 -17   +7 Elo +/- 42   3fold=58 (60%)   611s      mean=0.510 LLR=-0.00 (game LLR=+0.05) [CONTINUE]
  98 games  +19 =62 -17   +7 Elo +/- 42   3fold=59 (60%)   611s      mean=0.510 LLR=-0.00 (game LLR=+0.05) [CONTINUE]
  99 games  +20 =62 -17   +11 Elo +/- 42   3fold=59 (60%)   620s      mean=0.515 LLR=-0.01 (game LLR=+0.11) [CONTINUE]
 100 games  +20 =63 -17   +10 Elo +/- 42   3fold=60 (60%)   625s      mean=0.515 LLR=+0.11 (game LLR=+0.12) [CONTINUE]
 101 games  +21 =63 -17   +14 Elo +/- 42   3fold=60 (59%)   627s      mean=0.520 LLR=+0.11 (game LLR=+0.17) [CONTINUE]
 102 games  +21 =64 -17   +14 Elo +/- 41   3fold=61 (60%)   633s      mean=0.520 LLR=+0.11 (game LLR=+0.18) [CONTINUE]
 103 games  +21 =64 -18   +10 Elo +/- 41   3fold=61 (59%)   640s      mean=0.515 LLR=+0.11 (game LLR=+0.11) [CONTINUE]
 104 games  +21 =65 -18   +10 Elo +/- 41   3fold=62 (60%)   641s      mean=0.514 LLR=+0.11 (game LLR=+0.11) [CONTINUE]
 105 games  +21 =66 -18   +10 Elo +/- 41   3fold=63 (60%)   649s      mean=0.514 LLR=+0.17 (game LLR=+0.11) [CONTINUE]
 106 games  +22 =66 -18   +13 Elo +/- 41   3fold=63 (59%)   655s      mean=0.519 LLR=+0.17 (game LLR=+0.17) [CONTINUE]
 107 games  +23 =66 -18   +16 Elo +/- 41   3fold=63 (59%)   660s      mean=0.523 LLR=+0.22 (game LLR=+0.23) [CONTINUE]
 108 games  +23 =67 -18   +16 Elo +/- 41   3fold=64 (59%)   662s      mean=0.523 LLR=+0.22 (game LLR=+0.23) [CONTINUE]
 109 games  +23 =68 -18   +16 Elo +/- 40   3fold=65 (60%)   668s      mean=0.523 LLR=+0.22 (game LLR=+0.23) [CONTINUE]
 110 games  +23 =69 -18   +16 Elo +/- 40   3fold=66 (60%)   670s      mean=0.523 LLR=+0.16 (game LLR=+0.23) [CONTINUE]
 111 games  +24 =69 -18   +19 Elo +/- 40   3fold=66 (59%)   676s      mean=0.527 LLR=+0.16 (game LLR=+0.29) [CONTINUE]
 112 games  +24 =70 -18   +19 Elo +/- 40   3fold=67 (60%)   680s      mean=0.527 LLR=+0.22 (game LLR=+0.29) [CONTINUE]
 113 games  +24 =71 -18   +18 Elo +/- 39   3fold=68 (60%)   689s      mean=0.527 LLR=+0.22 (game LLR=+0.29) [CONTINUE]
 114 games  +24 =71 -19   +15 Elo +/- 39   3fold=68 (60%)   693s      mean=0.522 LLR=+0.22 (game LLR=+0.23) [CONTINUE]
 115 games  +24 =72 -19   +15 Elo +/- 39   3fold=69 (60%)   696s      mean=0.522 LLR=+0.22 (game LLR=+0.23) [CONTINUE]
 116 games  +24 =73 -19   +15 Elo +/- 39   3fold=70 (60%)   698s      mean=0.522 LLR=+0.23 (game LLR=+0.23) [CONTINUE]
 117 games  +24 =74 -19   +15 Elo +/- 38   3fold=71 (61%)   709s      mean=0.521 LLR=+0.23 (game LLR=+0.23) [CONTINUE]
 118 games  +24 =75 -19   +15 Elo +/- 38   3fold=71 (60%)   710s      mean=0.521 LLR=+0.23 (game LLR=+0.23) [CONTINUE]
 119 games  +24 =76 -19   +15 Elo +/- 38   3fold=72 (61%)   717s      mean=0.521 LLR=+0.23 (game LLR=+0.23) [CONTINUE]
 120 games  +24 =76 -20   +12 Elo +/- 38   3fold=72 (60%)   717s      mean=0.517 LLR=+0.23 (game LLR=+0.16) [CONTINUE]
 121 games  +24 =77 -20   +11 Elo +/- 37   3fold=72 (60%)   728s      mean=0.517 LLR=+0.23 (game LLR=+0.17) [CONTINUE]
 122 games  +24 =78 -20   +11 Elo +/- 37   3fold=73 (60%)   729s      mean=0.516 LLR=+0.23 (game LLR=+0.17) [CONTINUE]
 123 games  +24 =79 -20   +11 Elo +/- 37   3fold=74 (60%)   734s      mean=0.516 LLR=+0.23 (game LLR=+0.17) [CONTINUE]
 124 games  +24 =80 -20   +11 Elo +/- 37   3fold=75 (60%)   739s      mean=0.516 LLR=+0.23 (game LLR=+0.17) [CONTINUE]
 125 games  +24 =80 -21   +8 Elo +/- 37   3fold=75 (60%)   744s      mean=0.512 LLR=+0.23 (game LLR=+0.10) [CONTINUE]
 126 games  +24 =80 -22   +6 Elo +/- 37   3fold=75 (60%)   751s      mean=0.508 LLR=+0.17 (game LLR=+0.03) [CONTINUE]
 127 games  +24 =81 -22   +5 Elo +/- 36   3fold=76 (60%)   758s      mean=0.508 LLR=+0.03 (game LLR=+0.03) [CONTINUE]
 128 games  +24 =82 -22   +5 Elo +/- 36   3fold=77 (60%)   758s      mean=0.508 LLR=+0.03 (game LLR=+0.03) [CONTINUE]
 129 games  +24 =82 -23   +3 Elo +/- 36   3fold=77 (60%)   760s      mean=0.504 LLR=+0.03 (game LLR=-0.03) [CONTINUE]
 130 games  +24 =82 -24   -0 Elo +/- 36   3fold=77 (59%)   770s      mean=0.500 LLR=+0.03 (game LLR=-0.09) [CONTINUE]
 131 games  +24 =83 -24   -0 Elo +/- 36   3fold=78 (60%)   774s      mean=0.500 LLR=-0.03 (game LLR=-0.09) [CONTINUE]
 132 games  +24 =84 -24   -0 Elo +/- 36   3fold=79 (60%)   784s      mean=0.500 LLR=-0.03 (game LLR=-0.10) [CONTINUE]
 133 games  +24 =85 -24   -0 Elo +/- 36   3fold=80 (60%)   784s      mean=0.500 LLR=-0.03 (game LLR=-0.10) [CONTINUE]
 134 games  +25 =85 -24   +3 Elo +/- 36   3fold=80 (60%)   786s      mean=0.504 LLR=-0.03 (game LLR=-0.03) [CONTINUE]
 135 games  +25 =86 -24   +3 Elo +/- 35   3fold=81 (60%)   797s      mean=0.504 LLR=-0.03 (game LLR=-0.04) [CONTINUE]
 136 games  +25 =87 -24   +3 Elo +/- 35   3fold=81 (60%)   801s      mean=0.504 LLR=-0.03 (game LLR=-0.04) [CONTINUE]
 137 games  +25 =88 -24   +3 Elo +/- 35   3fold=82 (60%)   803s      mean=0.504 LLR=-0.09 (game LLR=-0.04) [CONTINUE]
 138 games  +26 =88 -24   +5 Elo +/- 35   3fold=82 (59%)   812s      mean=0.507 LLR=-0.10 (game LLR=+0.03) [CONTINUE]
 139 games  +26 =89 -24   +5 Elo +/- 35   3fold=83 (60%)   814s      mean=0.507 LLR=-0.10 (game LLR=+0.03) [CONTINUE]
 140 games  +26 =89 -25   +2 Elo +/- 35   3fold=83 (59%)   821s      mean=0.504 LLR=-0.10 (game LLR=-0.04) [CONTINUE]
 141 games  +26 =90 -25   +2 Elo +/- 35   3fold=84 (60%)   824s      mean=0.504 LLR=-0.10 (game LLR=-0.04) [CONTINUE]
 142 games  +27 =90 -25   +5 Elo +/- 35   3fold=84 (59%)   831s      mean=0.507 LLR=-0.10 (game LLR=+0.02) [CONTINUE]
 143 games  +27 =91 -25   +5 Elo +/- 34   3fold=85 (59%)   832s      mean=0.507 LLR=-0.10 (game LLR=+0.02) [CONTINUE]
 144 games  +27 =92 -25   +5 Elo +/- 34   3fold=86 (60%)   836s      mean=0.507 LLR=-0.10 (game LLR=+0.02) [CONTINUE]
 145 games  +27 =93 -25   +5 Elo +/- 34   3fold=87 (60%)   843s      mean=0.507 LLR=-0.10 (game LLR=+0.02) [CONTINUE]
 146 games  +27 =93 -26   +2 Elo +/- 34   3fold=87 (60%)   845s      mean=0.503 LLR=-0.04 (game LLR=-0.04) [CONTINUE]
 147 games  +27 =94 -26   +2 Elo +/- 34   3fold=88 (60%)   853s      mean=0.503 LLR=-0.04 (game LLR=-0.04) [CONTINUE]
 148 games  +28 =94 -26   +5 Elo +/- 34   3fold=88 (59%)   854s      mean=0.507 LLR=+0.02 (game LLR=+0.02) [CONTINUE]
 149 games  +28 =95 -26   +5 Elo +/- 34   3fold=89 (60%)   864s      mean=0.507 LLR=+0.02 (game LLR=+0.02) [CONTINUE]
 150 games  +28 =96 -26   +5 Elo +/- 33   3fold=90 (60%)   870s      mean=0.507 LLR=+0.02 (game LLR=+0.02) [CONTINUE]
 151 games  +29 =96 -26   +7 Elo +/- 34   3fold=90 (60%)   872s      mean=0.510 LLR=+0.02 (game LLR=+0.08) [CONTINUE]
 152 games  +29 =97 -26   +7 Elo +/- 33   3fold=90 (59%)   876s      mean=0.510 LLR=+0.02 (game LLR=+0.08) [CONTINUE]
 153 games  +30 =97 -26   +9 Elo +/- 33   3fold=90 (59%)   882s      mean=0.513 LLR=+0.02 (game LLR=+0.14) [CONTINUE]
 154 games  +30 =97 -27   +7 Elo +/- 33   3fold=90 (58%)   888s      mean=0.510 LLR=+0.02 (game LLR=+0.08) [CONTINUE]
 155 games  +30 =98 -27   +7 Elo +/- 33   3fold=91 (59%)   893s      mean=0.510 LLR=+0.02 (game LLR=+0.08) [CONTINUE]
 156 games  +31 =98 -27   +9 Elo +/- 33   3fold=91 (58%)   903s      mean=0.513 LLR=+0.02 (game LLR=+0.14) [CONTINUE]
 157 games  +32 =98 -27   +11 Elo +/- 33   3fold=91 (58%)   906s      mean=0.516 LLR=+0.02 (game LLR=+0.20) [CONTINUE]
 158 games  +33 =98 -27   +13 Elo +/- 33   3fold=91 (58%)   909s      mean=0.519 LLR=+0.08 (game LLR=+0.25) [CONTINUE]
 159 games  +33 =99 -27   +13 Elo +/- 33   3fold=92 (58%)   910s      mean=0.519 LLR=+0.08 (game LLR=+0.26) [CONTINUE]
 160 games  +33 =100 -27   +13 Elo +/- 33   3fold=93 (58%)   914s      mean=0.519 LLR=+0.15 (game LLR=+0.26) [CONTINUE]
 161 games  +33 =101 -27   +13 Elo +/- 33   3fold=94 (58%)   918s      mean=0.519 LLR=+0.15 (game LLR=+0.26) [CONTINUE]
 162 games  +33 =102 -27   +13 Elo +/- 33   3fold=95 (59%)   931s      mean=0.519 LLR=+0.15 (game LLR=+0.26) [CONTINUE]
 163 games  +33 =103 -27   +13 Elo +/- 32   3fold=96 (59%)   934s      mean=0.518 LLR=+0.21 (game LLR=+0.26) [CONTINUE]
 164 games  +33 =104 -27   +13 Elo +/- 32   3fold=97 (59%)   937s      mean=0.518 LLR=+0.21 (game LLR=+0.26) [CONTINUE]
 165 games  +33 =105 -27   +13 Elo +/- 32   3fold=98 (59%)   942s      mean=0.518 LLR=+0.28 (game LLR=+0.26) [CONTINUE]
 166 games  +34 =105 -27   +15 Elo +/- 32   3fold=98 (59%)   945s      mean=0.521 LLR=+0.28 (game LLR=+0.32) [CONTINUE]
 167 games  +35 =105 -27   +17 Elo +/- 32   3fold=98 (59%)   947s      mean=0.524 LLR=+0.28 (game LLR=+0.38) [CONTINUE]
 168 games  +35 =106 -27   +17 Elo +/- 32   3fold=99 (59%)   961s      mean=0.524 LLR=+0.34 (game LLR=+0.38) [CONTINUE]
 169 games  +35 =107 -27   +16 Elo +/- 32   3fold=100 (59%)   965s      mean=0.524 LLR=+0.34 (game LLR=+0.38) [CONTINUE]
 170 games  +35 =108 -27   +16 Elo +/- 32   3fold=101 (59%)   968s      mean=0.524 LLR=+0.34 (game LLR=+0.38) [CONTINUE]
 171 games  +35 =109 -27   +16 Elo +/- 31   3fold=102 (60%)   972s      mean=0.523 LLR=+0.35 (game LLR=+0.39) [CONTINUE]
 172 games  +36 =109 -27   +18 Elo +/- 31   3fold=102 (59%)   975s      mean=0.526 LLR=+0.35 (game LLR=+0.44) [CONTINUE]
 173 games  +36 =110 -27   +18 Elo +/- 31   3fold=103 (60%)   980s      mean=0.526 LLR=+0.46 (game LLR=+0.45) [CONTINUE]
 174 games  +36 =111 -27   +18 Elo +/- 31   3fold=104 (60%)   991s      mean=0.526 LLR=+0.46 (game LLR=+0.45) [CONTINUE]
 175 games  +36 =112 -27   +18 Elo +/- 31   3fold=105 (60%)   991s      mean=0.526 LLR=+0.46 (game LLR=+0.45) [CONTINUE]
 176 games  +36 =112 -28   +16 Elo +/- 31   3fold=105 (60%)   999s      mean=0.523 LLR=+0.46 (game LLR=+0.38) [CONTINUE]
 177 games  +36 =113 -28   +16 Elo +/- 31   3fold=106 (60%)   1002s      mean=0.523 LLR=+0.46 (game LLR=+0.38) [CONTINUE]
 178 games  +36 =114 -28   +16 Elo +/- 31   3fold=107 (60%)   1004s      mean=0.522 LLR=+0.46 (game LLR=+0.38) [CONTINUE]
 179 games  +36 =114 -29   +14 Elo +/- 31   3fold=107 (60%)   1016s      mean=0.520 LLR=+0.47 (game LLR=+0.31) [CONTINUE]
 180 games  +36 =115 -29   +14 Elo +/- 31   3fold=108 (60%)   1017s      mean=0.519 LLR=+0.40 (game LLR=+0.32) [CONTINUE]
 181 games  +36 =115 -30   +12 Elo +/- 31   3fold=108 (60%)   1023s      mean=0.517 LLR=+0.40 (game LLR=+0.25) [CONTINUE]
 182 games  +37 =115 -30   +13 Elo +/- 31   3fold=108 (59%)   1026s      mean=0.519 LLR=+0.40 (game LLR=+0.31) [CONTINUE]
 183 games  +37 =115 -31   +11 Elo +/- 31   3fold=108 (59%)   1027s      mean=0.516 LLR=+0.46 (game LLR=+0.24) [CONTINUE]
 184 games  +37 =116 -31   +11 Elo +/- 31   3fold=109 (59%)   1034s      mean=0.516 LLR=+0.31 (game LLR=+0.24) [CONTINUE]
 185 games  +37 =116 -32   +9 Elo +/- 31   3fold=109 (59%)   1046s      mean=0.514 LLR=+0.31 (game LLR=+0.18) [CONTINUE]
 186 games  +37 =117 -32   +9 Elo +/- 30   3fold=110 (59%)   1048s      mean=0.513 LLR=+0.31 (game LLR=+0.18) [CONTINUE]
 187 games  +38 =117 -32   +11 Elo +/- 31   3fold=110 (59%)   1050s      mean=0.516 LLR=+0.31 (game LLR=+0.24) [CONTINUE]
 188 games  +38 =117 -33   +9 Elo +/- 31   3fold=110 (59%)   1058s      mean=0.513 LLR=+0.31 (game LLR=+0.17) [CONTINUE]
 189 games  +38 =117 -34   +7 Elo +/- 31   3fold=110 (58%)   1058s      mean=0.511 LLR=+0.31 (game LLR=+0.11) [CONTINUE]
 190 games  +38 =117 -35   +5 Elo +/- 31   3fold=110 (58%)   1063s      mean=0.508 LLR=+0.31 (game LLR=+0.05) [CONTINUE]
 191 games  +39 =117 -35   +7 Elo +/- 31   3fold=110 (58%)   1075s      mean=0.510 LLR=+0.24 (game LLR=+0.11) [CONTINUE]
 192 games  +39 =118 -35   +7 Elo +/- 31   3fold=111 (58%)   1076s      mean=0.510 LLR=+0.25 (game LLR=+0.11) [CONTINUE]
 193 games  +40 =118 -35   +9 Elo +/- 31   3fold=111 (58%)   1078s      mean=0.513 LLR=+0.25 (game LLR=+0.16) [CONTINUE]
 194 games  +41 =118 -35   +11 Elo +/- 31   3fold=111 (57%)   1091s      mean=0.515 LLR=+0.25 (game LLR=+0.22) [CONTINUE]
 195 games  +41 =119 -35   +11 Elo +/- 31   3fold=112 (57%)   1095s      mean=0.515 LLR=+0.25 (game LLR=+0.22) [CONTINUE]
 196 games  +42 =119 -35   +12 Elo +/- 31   3fold=112 (57%)   1096s      mean=0.518 LLR=+0.25 (game LLR=+0.28) [CONTINUE]
 197 games  +42 =120 -35   +12 Elo +/- 30   3fold=113 (57%)   1105s      mean=0.518 LLR=+0.25 (game LLR=+0.28) [CONTINUE]
 198 games  +42 =121 -35   +12 Elo +/- 30   3fold=114 (58%)   1108s      mean=0.518 LLR=+0.25 (game LLR=+0.28) [CONTINUE]
 199 games  +42 =122 -35   +12 Elo +/- 30   3fold=115 (58%)   1112s      mean=0.518 LLR=+0.25 (game LLR=+0.28) [CONTINUE]
 200 games  +42 =123 -35   +12 Elo +/- 30   3fold=116 (58%)   1118s      mean=0.517 LLR=+0.31 (game LLR=+0.28) [CONTINUE]
 201 games  +42 =123 -36   +10 Elo +/- 30   3fold=116 (58%)   1122s      mean=0.515 LLR=+0.31 (game LLR=+0.22) [CONTINUE]
 202 games  +43 =123 -36   +12 Elo +/- 30   3fold=116 (57%)   1128s      mean=0.517 LLR=+0.24 (game LLR=+0.28) [CONTINUE]
 203 games  +43 =124 -36   +12 Elo +/- 30   3fold=117 (58%)   1135s      mean=0.517 LLR=+0.24 (game LLR=+0.28) [CONTINUE]
 204 games  +44 =124 -36   +14 Elo +/- 30   3fold=117 (57%)   1136s      mean=0.520 LLR=+0.24 (game LLR=+0.33) [CONTINUE]
 205 games  +44 =125 -36   +14 Elo +/- 30   3fold=118 (58%)   1143s      mean=0.520 LLR=+0.31 (game LLR=+0.33) [CONTINUE]
 206 games  +44 =126 -36   +13 Elo +/- 30   3fold=119 (58%)   1150s      mean=0.519 LLR=+0.31 (game LLR=+0.33) [CONTINUE]
 207 games  +44 =127 -36   +13 Elo +/- 29   3fold=120 (58%)   1151s      mean=0.519 LLR=+0.37 (game LLR=+0.34) [CONTINUE]
 208 games  +44 =128 -36   +13 Elo +/- 29   3fold=120 (58%)   1151s      mean=0.519 LLR=+0.37 (game LLR=+0.34) [CONTINUE]
 209 games  +45 =128 -36   +15 Elo +/- 29   3fold=120 (57%)   1166s      mean=0.522 LLR=+0.37 (game LLR=+0.39) [CONTINUE]
 210 games  +45 =129 -36   +15 Elo +/- 29   3fold=121 (58%)   1167s      mean=0.521 LLR=+0.37 (game LLR=+0.39) [CONTINUE]
 211 games  +46 =129 -36   +16 Elo +/- 29   3fold=121 (57%)   1172s      mean=0.524 LLR=+0.37 (game LLR=+0.45) [CONTINUE]
 212 games  +46 =130 -36   +16 Elo +/- 29   3fold=122 (58%)   1177s      mean=0.524 LLR=+0.44 (game LLR=+0.45) [CONTINUE]
 213 games  +46 =130 -37   +15 Elo +/- 29   3fold=122 (57%)   1178s      mean=0.521 LLR=+0.44 (game LLR=+0.39) [CONTINUE]
 214 games  +46 =131 -37   +15 Elo +/- 29   3fold=123 (57%)   1179s      mean=0.521 LLR=+0.44 (game LLR=+0.39) [CONTINUE]
 215 games  +46 =132 -37   +15 Elo +/- 29   3fold=124 (58%)   1195s      mean=0.521 LLR=+0.44 (game LLR=+0.39) [CONTINUE]
 216 games  +46 =132 -38   +13 Elo +/- 29   3fold=124 (57%)   1197s      mean=0.519 LLR=+0.51 (game LLR=+0.33) [CONTINUE]
 217 games  +46 =133 -38   +13 Elo +/- 29   3fold=125 (58%)   1200s      mean=0.518 LLR=+0.43 (game LLR=+0.33) [CONTINUE]
 218 games  +46 =133 -39   +11 Elo +/- 29   3fold=125 (57%)   1208s      mean=0.516 LLR=+0.43 (game LLR=+0.27) [CONTINUE]
 219 games  +47 =133 -39   +13 Elo +/- 29   3fold=125 (57%)   1211s      mean=0.518 LLR=+0.29 (game LLR=+0.32) [CONTINUE]
 220 games  +48 =133 -39   +14 Elo +/- 29   3fold=125 (57%)   1211s      mean=0.520 LLR=+0.29 (game LLR=+0.38) [CONTINUE]
 221 games  +49 =133 -39   +16 Elo +/- 29   3fold=125 (57%)   1226s      mean=0.523 LLR=+0.35 (game LLR=+0.43) [CONTINUE]
 222 games  +50 =133 -39   +17 Elo +/- 29   3fold=125 (56%)   1226s      mean=0.525 LLR=+0.35 (game LLR=+0.49) [CONTINUE]
 223 games  +51 =133 -39   +19 Elo +/- 29   3fold=125 (56%)   1229s      mean=0.527 LLR=+0.41 (game LLR=+0.54) [CONTINUE]
 224 games  +51 =134 -39   +19 Elo +/- 29   3fold=126 (56%)   1236s      mean=0.527 LLR=+0.41 (game LLR=+0.54) [CONTINUE]
 225 games  +51 =135 -39   +19 Elo +/- 29   3fold=127 (56%)   1238s      mean=0.527 LLR=+0.41 (game LLR=+0.55) [CONTINUE]
 226 games  +52 =135 -39   +20 Elo +/- 29   3fold=127 (56%)   1243s      mean=0.529 LLR=+0.47 (game LLR=+0.60) [CONTINUE]
 227 games  +52 =136 -39   +20 Elo +/- 29   3fold=128 (56%)   1251s      mean=0.529 LLR=+0.47 (game LLR=+0.60) [CONTINUE]
 228 games  +53 =136 -39   +21 Elo +/- 29   3fold=128 (56%)   1256s      mean=0.531 LLR=+0.53 (game LLR=+0.66) [CONTINUE]
 229 games  +53 =137 -39   +21 Elo +/- 29   3fold=129 (56%)   1258s      mean=0.531 LLR=+0.53 (game LLR=+0.66) [CONTINUE]
 230 games  +54 =137 -39   +23 Elo +/- 29   3fold=129 (56%)   1261s      mean=0.533 LLR=+0.53 (game LLR=+0.71) [CONTINUE]
 231 games  +54 =138 -39   +23 Elo +/- 28   3fold=130 (56%)   1270s      mean=0.532 LLR=+0.63 (game LLR=+0.71) [CONTINUE]
 232 games  +54 =139 -39   +22 Elo +/- 28   3fold=131 (56%)   1272s      mean=0.532 LLR=+0.64 (game LLR=+0.72) [CONTINUE]
 233 games  +54 =140 -39   +22 Elo +/- 28   3fold=132 (57%)   1280s      mean=0.532 LLR=+0.70 (game LLR=+0.72) [CONTINUE]
 234 games  +54 =140 -40   +21 Elo +/- 28   3fold=132 (56%)   1283s      mean=0.530 LLR=+0.70 (game LLR=+0.65) [CONTINUE]
 235 games  +54 =141 -40   +21 Elo +/- 28   3fold=133 (57%)   1286s      mean=0.530 LLR=+0.70 (game LLR=+0.66) [CONTINUE]
 236 games  +55 =141 -40   +22 Elo +/- 28   3fold=133 (56%)   1291s      mean=0.532 LLR=+0.71 (game LLR=+0.71) [CONTINUE]
 237 games  +56 =141 -40   +23 Elo +/- 28   3fold=133 (56%)   1305s      mean=0.534 LLR=+0.71 (game LLR=+0.76) [CONTINUE]
 238 games  +57 =141 -40   +25 Elo +/- 28   3fold=133 (56%)   1310s      mean=0.536 LLR=+0.71 (game LLR=+0.82) [CONTINUE]
 239 games  +57 =142 -40   +25 Elo +/- 28   3fold=134 (56%)   1311s      mean=0.536 LLR=+0.77 (game LLR=+0.82) [CONTINUE]
 240 games  +57 =143 -40   +25 Elo +/- 28   3fold=135 (56%)   1312s      mean=0.535 LLR=+0.77 (game LLR=+0.82) [CONTINUE]
 241 games  +57 =144 -40   +25 Elo +/- 28   3fold=136 (56%)   1312s      mean=0.535 LLR=+0.77 (game LLR=+0.82) [CONTINUE]
 242 games  +57 =145 -40   +24 Elo +/- 28   3fold=137 (57%)   1317s      mean=0.535 LLR=+0.77 (game LLR=+0.83) [CONTINUE]
 243 games  +57 =145 -41   +23 Elo +/- 28   3fold=137 (56%)   1328s      mean=0.533 LLR=+0.83 (game LLR=+0.76) [CONTINUE]
 244 games  +57 =145 -42   +21 Elo +/- 28   3fold=137 (56%)   1336s      mean=0.531 LLR=+0.83 (game LLR=+0.70) [CONTINUE]
 245 games  +58 =145 -42   +23 Elo +/- 28   3fold=137 (56%)   1342s      mean=0.533 LLR=+0.83 (game LLR=+0.75) [CONTINUE]
 246 games  +58 =146 -42   +23 Elo +/- 28   3fold=138 (56%)   1343s      mean=0.533 LLR=+0.89 (game LLR=+0.75) [CONTINUE]
 247 games  +58 =147 -42   +23 Elo +/- 28   3fold=139 (56%)   1345s      mean=0.532 LLR=+0.90 (game LLR=+0.76) [CONTINUE]
 248 games  +58 =148 -42   +22 Elo +/- 27   3fold=139 (56%)   1353s      mean=0.532 LLR=+0.90 (game LLR=+0.76) [CONTINUE]
 249 games  +58 =148 -43   +21 Elo +/- 28   3fold=139 (56%)   1358s      mean=0.530 LLR=+0.91 (game LLR=+0.69) [CONTINUE]
 250 games  +58 =149 -43   +21 Elo +/- 27   3fold=140 (56%)   1364s      mean=0.530 LLR=+0.91 (game LLR=+0.70) [CONTINUE]
 251 games  +58 =150 -43   +21 Elo +/- 27   3fold=141 (56%)   1375s      mean=0.530 LLR=+0.83 (game LLR=+0.70) [CONTINUE]
 252 games  +58 =151 -43   +21 Elo +/- 27   3fold=142 (56%)   1375s      mean=0.530 LLR=+0.83 (game LLR=+0.70) [CONTINUE]
 253 games  +58 =151 -44   +19 Elo +/- 27   3fold=142 (56%)   1377s      mean=0.528 LLR=+0.84 (game LLR=+0.64) [CONTINUE]
 254 games  +58 =152 -44   +19 Elo +/- 27   3fold=143 (56%)   1380s      mean=0.528 LLR=+0.84 (game LLR=+0.64) [CONTINUE]
 255 games  +58 =152 -45   +18 Elo +/- 27   3fold=143 (56%)   1391s      mean=0.525 LLR=+0.84 (game LLR=+0.58) [CONTINUE]
 256 games  +58 =153 -45   +18 Elo +/- 27   3fold=144 (56%)   1393s      mean=0.525 LLR=+0.68 (game LLR=+0.58) [CONTINUE]
 257 games  +59 =153 -45   +19 Elo +/- 27   3fold=144 (56%)   1403s      mean=0.527 LLR=+0.68 (game LLR=+0.63) [CONTINUE]
 258 games  +60 =153 -45   +20 Elo +/- 27   3fold=144 (56%)   1405s      mean=0.529 LLR=+0.74 (game LLR=+0.69) [CONTINUE]
 259 games  +60 =154 -45   +20 Elo +/- 27   3fold=145 (56%)   1408s      mean=0.529 LLR=+0.75 (game LLR=+0.69) [CONTINUE]
 260 games  +60 =154 -46   +19 Elo +/- 27   3fold=145 (56%)   1409s      mean=0.527 LLR=+0.75 (game LLR=+0.63) [CONTINUE]
 261 games  +61 =154 -46   +20 Elo +/- 27   3fold=145 (56%)   1420s      mean=0.529 LLR=+0.75 (game LLR=+0.68) [CONTINUE]
 262 games  +61 =155 -46   +20 Elo +/- 27   3fold=146 (56%)   1422s      mean=0.529 LLR=+0.75 (game LLR=+0.68) [CONTINUE]
 263 games  +61 =156 -46   +20 Elo +/- 27   3fold=147 (56%)   1433s      mean=0.529 LLR=+0.75 (game LLR=+0.68) [CONTINUE]
 264 games  +61 =157 -46   +20 Elo +/- 27   3fold=148 (56%)   1433s      mean=0.528 LLR=+0.75 (game LLR=+0.68) [CONTINUE]
 265 games  +62 =157 -46   +21 Elo +/- 27   3fold=148 (56%)   1436s      mean=0.530 LLR=+0.75 (game LLR=+0.74) [CONTINUE]
 266 games  +62 =158 -46   +21 Elo +/- 27   3fold=149 (56%)   1436s      mean=0.530 LLR=+0.75 (game LLR=+0.74) [CONTINUE]
 267 games  +62 =158 -47   +20 Elo +/- 27   3fold=149 (56%)   1448s      mean=0.528 LLR=+0.69 (game LLR=+0.68) [CONTINUE]
 268 games  +62 =159 -47   +19 Elo +/- 27   3fold=150 (56%)   1451s      mean=0.528 LLR=+0.69 (game LLR=+0.68) [CONTINUE]
 269 games  +62 =159 -48   +18 Elo +/- 27   3fold=150 (56%)   1461s      mean=0.526 LLR=+0.75 (game LLR=+0.62) [CONTINUE]
 270 games  +62 =160 -48   +18 Elo +/- 26   3fold=151 (56%)   1465s      mean=0.526 LLR=+0.68 (game LLR=+0.62) [CONTINUE]
 271 games  +62 =161 -48   +18 Elo +/- 26   3fold=152 (56%)   1467s      mean=0.526 LLR=+0.68 (game LLR=+0.62) [CONTINUE]
 272 games  +62 =162 -48   +18 Elo +/- 26   3fold=153 (56%)   1469s      mean=0.526 LLR=+0.74 (game LLR=+0.62) [CONTINUE]
 273 games  +62 =163 -48   +18 Elo +/- 26   3fold=154 (56%)   1474s      mean=0.526 LLR=+0.74 (game LLR=+0.62) [CONTINUE]
 274 games  +62 =164 -48   +18 Elo +/- 26   3fold=155 (57%)   1483s      mean=0.526 LLR=+0.68 (game LLR=+0.63) [CONTINUE]
 275 games  +62 =165 -48   +18 Elo +/- 26   3fold=155 (56%)   1493s      mean=0.525 LLR=+0.68 (game LLR=+0.63) [CONTINUE]
 276 games  +62 =165 -49   +16 Elo +/- 26   3fold=155 (56%)   1494s      mean=0.524 LLR=+0.68 (game LLR=+0.57) [CONTINUE]
 277 games  +62 =165 -50   +15 Elo +/- 26   3fold=155 (56%)   1498s      mean=0.522 LLR=+0.68 (game LLR=+0.50) [CONTINUE]
 278 games  +62 =166 -50   +15 Elo +/- 26   3fold=156 (56%)   1503s      mean=0.522 LLR=+0.61 (game LLR=+0.51) [CONTINUE]
 279 games  +62 =166 -51   +14 Elo +/- 26   3fold=156 (56%)   1504s      mean=0.520 LLR=+0.61 (game LLR=+0.44) [CONTINUE]
 280 games  +62 =167 -51   +14 Elo +/- 26   3fold=157 (56%)   1512s      mean=0.520 LLR=+0.61 (game LLR=+0.45) [CONTINUE]
 281 games  +63 =167 -51   +15 Elo +/- 26   3fold=157 (56%)   1522s      mean=0.521 LLR=+0.61 (game LLR=+0.50) [CONTINUE]
 282 games  +63 =168 -51   +15 Elo +/- 26   3fold=158 (56%)   1524s      mean=0.521 LLR=+0.62 (game LLR=+0.50) [CONTINUE]
 283 games  +63 =168 -52   +14 Elo +/- 26   3fold=158 (56%)   1530s      mean=0.519 LLR=+0.62 (game LLR=+0.44) [CONTINUE]
 284 games  +63 =168 -53   +12 Elo +/- 26   3fold=158 (56%)   1530s      mean=0.518 LLR=+0.62 (game LLR=+0.38) [CONTINUE]
 285 games  +64 =168 -53   +13 Elo +/- 26   3fold=158 (55%)   1538s      mean=0.519 LLR=+0.55 (game LLR=+0.43) [CONTINUE]
 286 games  +65 =168 -53   +15 Elo +/- 26   3fold=158 (55%)   1541s      mean=0.521 LLR=+0.55 (game LLR=+0.49) [CONTINUE]
 287 games  +65 =169 -53   +15 Elo +/- 26   3fold=159 (55%)   1547s      mean=0.521 LLR=+0.55 (game LLR=+0.49) [CONTINUE]
 288 games  +65 =170 -53   +14 Elo +/- 26   3fold=160 (56%)   1547s      mean=0.521 LLR=+0.55 (game LLR=+0.49) [CONTINUE]
 289 games  +65 =171 -53   +14 Elo +/- 26   3fold=161 (56%)   1560s      mean=0.521 LLR=+0.55 (game LLR=+0.49) [CONTINUE]
 290 games  +65 =172 -53   +14 Elo +/- 26   3fold=162 (56%)   1564s      mean=0.521 LLR=+0.55 (game LLR=+0.49) [CONTINUE]
 291 games  +65 =173 -53   +14 Elo +/- 25   3fold=163 (56%)   1570s      mean=0.521 LLR=+0.49 (game LLR=+0.49) [CONTINUE]
 292 games  +66 =173 -53   +15 Elo +/- 25   3fold=163 (56%)   1570s      mean=0.522 LLR=+0.49 (game LLR=+0.55) [CONTINUE]
 293 games  +66 =174 -53   +15 Elo +/- 25   3fold=164 (56%)   1572s      mean=0.522 LLR=+0.60 (game LLR=+0.55) [CONTINUE]
 294 games  +66 =175 -53   +15 Elo +/- 25   3fold=165 (56%)   1579s      mean=0.522 LLR=+0.60 (game LLR=+0.55) [CONTINUE]
 295 games  +66 =175 -54   +14 Elo +/- 25   3fold=165 (56%)   1593s      mean=0.520 LLR=+0.60 (game LLR=+0.49) [CONTINUE]
 296 games  +66 =175 -55   +13 Elo +/- 25   3fold=165 (56%)   1595s      mean=0.519 LLR=+0.53 (game LLR=+0.43) [CONTINUE]
 297 games  +67 =175 -55   +14 Elo +/- 25   3fold=165 (56%)   1595s      mean=0.520 LLR=+0.53 (game LLR=+0.48) [CONTINUE]
 298 games  +67 =176 -55   +14 Elo +/- 25   3fold=166 (56%)   1596s      mean=0.520 LLR=+0.53 (game LLR=+0.48) [CONTINUE]
 299 games  +67 =177 -55   +14 Elo +/- 25   3fold=167 (56%)   1606s      mean=0.520 LLR=+0.54 (game LLR=+0.48) [CONTINUE]
 300 games  +67 =178 -55   +14 Elo +/- 25   3fold=168 (56%)   1609s      mean=0.520 LLR=+0.54 (game LLR=+0.49) [CONTINUE]
 301 games  +67 =179 -55   +14 Elo +/- 25   3fold=169 (56%)   1621s      mean=0.520 LLR=+0.54 (game LLR=+0.49) [CONTINUE]
 302 games  +67 =180 -55   +14 Elo +/- 25   3fold=170 (56%)   1622s      mean=0.520 LLR=+0.54 (game LLR=+0.49) [CONTINUE]
 303 games  +67 =181 -55   +14 Elo +/- 25   3fold=171 (56%)   1627s      mean=0.520 LLR=+0.54 (game LLR=+0.49) [CONTINUE]
 304 games  +68 =181 -55   +15 Elo +/- 25   3fold=171 (56%)   1632s      mean=0.521 LLR=+0.60 (game LLR=+0.54) [CONTINUE]
 305 games  +68 =182 -55   +15 Elo +/- 25   3fold=172 (56%)   1637s      mean=0.521 LLR=+0.60 (game LLR=+0.54) [CONTINUE]
 306 games  +69 =182 -55   +16 Elo +/- 25   3fold=172 (56%)   1640s      mean=0.523 LLR=+0.60 (game LLR=+0.60) [CONTINUE]
 307 games  +69 =183 -55   +16 Elo +/- 25   3fold=173 (56%)   1649s      mean=0.523 LLR=+0.66 (game LLR=+0.60) [CONTINUE]
 308 games  +69 =183 -56   +15 Elo +/- 25   3fold=173 (56%)   1650s      mean=0.521 LLR=+0.67 (game LLR=+0.54) [CONTINUE]
 309 games  +69 =184 -56   +15 Elo +/- 25   3fold=174 (56%)   1659s      mean=0.521 LLR=+0.60 (game LLR=+0.54) [CONTINUE]
 310 games  +69 =185 -56   +15 Elo +/- 25   3fold=175 (56%)   1661s      mean=0.521 LLR=+0.60 (game LLR=+0.54) [CONTINUE]
 311 games  +69 =186 -56   +15 Elo +/- 25   3fold=176 (57%)   1668s      mean=0.521 LLR=+0.60 (game LLR=+0.54) [CONTINUE]
 312 games  +70 =186 -56   +16 Elo +/- 25   3fold=176 (56%)   1673s      mean=0.522 LLR=+0.60 (game LLR=+0.60) [CONTINUE]
 313 games  +70 =186 -57   +14 Elo +/- 25   3fold=176 (56%)   1680s      mean=0.521 LLR=+0.60 (game LLR=+0.54) [CONTINUE]
 314 games  +71 =186 -57   +16 Elo +/- 25   3fold=176 (56%)   1683s      mean=0.522 LLR=+0.60 (game LLR=+0.59) [CONTINUE]
 315 games  +71 =187 -57   +15 Elo +/- 24   3fold=177 (56%)   1689s      mean=0.522 LLR=+0.60 (game LLR=+0.59) [CONTINUE]
 316 games  +71 =187 -58   +14 Elo +/- 25   3fold=177 (56%)   1689s      mean=0.521 LLR=+0.60 (game LLR=+0.53) [CONTINUE]
 317 games  +71 =188 -58   +14 Elo +/- 24   3fold=178 (56%)   1690s      mean=0.521 LLR=+0.53 (game LLR=+0.53) [CONTINUE]
 318 games  +71 =189 -58   +14 Elo +/- 24   3fold=179 (56%)   1709s      mean=0.520 LLR=+0.54 (game LLR=+0.53) [CONTINUE]
 319 games  +71 =190 -58   +14 Elo +/- 24   3fold=180 (56%)   1714s      mean=0.520 LLR=+0.47 (game LLR=+0.53) [CONTINUE]
 320 games  +71 =190 -59   +13 Elo +/- 24   3fold=180 (56%)   1716s      mean=0.519 LLR=+0.53 (game LLR=+0.47) [CONTINUE]
 321 games  +71 =191 -59   +13 Elo +/- 24   3fold=181 (56%)   1719s      mean=0.519 LLR=+0.53 (game LLR=+0.47) [CONTINUE]
 322 games  +71 =191 -60   +12 Elo +/- 24   3fold=181 (56%)   1720s      mean=0.517 LLR=+0.53 (game LLR=+0.41) [CONTINUE]
 323 games  +72 =191 -60   +13 Elo +/- 24   3fold=181 (56%)   1723s      mean=0.519 LLR=+0.53 (game LLR=+0.47) [CONTINUE]
 324 games  +73 =191 -60   +14 Elo +/- 24   3fold=181 (56%)   1739s      mean=0.520 LLR=+0.53 (game LLR=+0.52) [CONTINUE]
 325 games  +74 =191 -60   +15 Elo +/- 24   3fold=181 (56%)   1743s      mean=0.522 LLR=+0.53 (game LLR=+0.58) [CONTINUE]
 326 games  +74 =192 -60   +15 Elo +/- 24   3fold=182 (56%)   1747s      mean=0.521 LLR=+0.53 (game LLR=+0.58) [CONTINUE]
 327 games  +75 =192 -60   +16 Elo +/- 24   3fold=182 (56%)   1748s      mean=0.523 LLR=+0.53 (game LLR=+0.63) [CONTINUE]
 328 games  +75 =192 -61   +15 Elo +/- 24   3fold=182 (55%)   1752s      mean=0.521 LLR=+0.53 (game LLR=+0.57) [CONTINUE]
 329 games  +75 =193 -61   +15 Elo +/- 24   3fold=183 (56%)   1761s      mean=0.521 LLR=+0.47 (game LLR=+0.57) [CONTINUE]
 330 games  +75 =193 -62   +14 Elo +/- 24   3fold=183 (55%)   1766s      mean=0.520 LLR=+0.53 (game LLR=+0.51) [CONTINUE]
 331 games  +75 =194 -62   +14 Elo +/- 24   3fold=184 (56%)   1771s      mean=0.520 LLR=+0.53 (game LLR=+0.51) [CONTINUE]
 332 games  +75 =194 -63   +13 Elo +/- 24   3fold=184 (55%)   1776s      mean=0.518 LLR=+0.59 (game LLR=+0.45) [CONTINUE]
 333 games  +75 =194 -64   +11 Elo +/- 24   3fold=184 (55%)   1778s      mean=0.517 LLR=+0.59 (game LLR=+0.40) [CONTINUE]
 334 games  +76 =194 -64   +12 Elo +/- 24   3fold=184 (55%)   1781s      mean=0.518 LLR=+0.52 (game LLR=+0.45) [CONTINUE]
 335 games  +76 =195 -64   +12 Elo +/- 24   3fold=185 (55%)   1784s      mean=0.518 LLR=+0.52 (game LLR=+0.45) [CONTINUE]
 336 games  +76 =196 -64   +12 Elo +/- 24   3fold=186 (55%)   1798s      mean=0.518 LLR=+0.52 (game LLR=+0.45) [CONTINUE]
 337 games  +76 =196 -65   +11 Elo +/- 24   3fold=186 (55%)   1801s      mean=0.516 LLR=+0.52 (game LLR=+0.39) [CONTINUE]
 338 games  +76 =197 -65   +11 Elo +/- 24   3fold=187 (55%)   1806s      mean=0.516 LLR=+0.52 (game LLR=+0.39) [CONTINUE]
 339 games  +76 =198 -65   +11 Elo +/- 24   3fold=188 (55%)   1812s      mean=0.516 LLR=+0.52 (game LLR=+0.39) [CONTINUE]
 340 games  +76 =198 -66   +10 Elo +/- 24   3fold=188 (55%)   1818s      mean=0.515 LLR=+0.46 (game LLR=+0.34) [CONTINUE]
 341 games  +77 =198 -66   +11 Elo +/- 24   3fold=188 (55%)   1820s      mean=0.516 LLR=+0.39 (game LLR=+0.39) [CONTINUE]
 342 games  +77 =199 -66   +11 Elo +/- 24   3fold=189 (55%)   1828s      mean=0.516 LLR=+0.50 (game LLR=+0.39) [CONTINUE]
 343 games  +78 =199 -66   +12 Elo +/- 24   3fold=189 (55%)   1829s      mean=0.517 LLR=+0.44 (game LLR=+0.44) [CONTINUE]
 344 games  +79 =199 -66   +13 Elo +/- 24   3fold=189 (55%)   1839s      mean=0.519 LLR=+0.50 (game LLR=+0.50) [CONTINUE]
 345 games  +80 =199 -66   +14 Elo +/- 24   3fold=189 (55%)   1844s      mean=0.520 LLR=+0.56 (game LLR=+0.55) [CONTINUE]
 346 games  +80 =200 -66   +14 Elo +/- 24   3fold=190 (55%)   1847s      mean=0.520 LLR=+0.56 (game LLR=+0.55) [CONTINUE]
 347 games  +80 =201 -66   +14 Elo +/- 24   3fold=191 (55%)   1851s      mean=0.520 LLR=+0.56 (game LLR=+0.55) [CONTINUE]
 348 games  +80 =202 -66   +14 Elo +/- 24   3fold=192 (55%)   1854s      mean=0.520 LLR=+0.56 (game LLR=+0.55) [CONTINUE]
 349 games  +80 =202 -67   +13 Elo +/- 24   3fold=192 (55%)   1858s      mean=0.519 LLR=+0.56 (game LLR=+0.49) [CONTINUE]
 350 games  +80 =203 -67   +13 Elo +/- 24   3fold=193 (55%)   1868s      mean=0.519 LLR=+0.56 (game LLR=+0.49) [CONTINUE]
 351 games  +81 =203 -67   +14 Elo +/- 24   3fold=193 (55%)   1874s      mean=0.520 LLR=+0.56 (game LLR=+0.55) [CONTINUE]
 352 games  +82 =203 -67   +15 Elo +/- 24   3fold=193 (55%)   1874s      mean=0.521 LLR=+0.62 (game LLR=+0.60) [CONTINUE]
 353 games  +82 =203 -68   +14 Elo +/- 24   3fold=193 (55%)   1877s      mean=0.520 LLR=+0.73 (game LLR=+0.54) [CONTINUE]
 354 games  +82 =204 -68   +14 Elo +/- 24   3fold=194 (55%)   1883s      mean=0.520 LLR=+0.66 (game LLR=+0.54) [CONTINUE]
 355 games  +82 =205 -68   +14 Elo +/- 24   3fold=195 (55%)   1885s      mean=0.520 LLR=+0.60 (game LLR=+0.54) [CONTINUE]
 356 games  +82 =206 -68   +14 Elo +/- 23   3fold=196 (55%)   1898s      mean=0.520 LLR=+0.60 (game LLR=+0.54) [CONTINUE]
 357 games  +83 =206 -68   +15 Elo +/- 23   3fold=196 (55%)   1903s      mean=0.521 LLR=+0.60 (game LLR=+0.60) [CONTINUE]
 358 games  +83 =206 -69   +14 Elo +/- 23   3fold=196 (55%)   1904s      mean=0.520 LLR=+0.60 (game LLR=+0.54) [CONTINUE]
 359 games  +83 =206 -70   +13 Elo +/- 23   3fold=196 (55%)   1913s      mean=0.518 LLR=+0.60 (game LLR=+0.48) [CONTINUE]
 360 games  +83 =207 -70   +13 Elo +/- 23   3fold=197 (55%)   1916s      mean=0.518 LLR=+0.60 (game LLR=+0.48) [CONTINUE]
 361 games  +84 =207 -70   +13 Elo +/- 23   3fold=197 (55%)   1916s      mean=0.519 LLR=+0.60 (game LLR=+0.53) [CONTINUE]
 362 games  +85 =207 -70   +14 Elo +/- 23   3fold=197 (54%)   1932s      mean=0.521 LLR=+0.60 (game LLR=+0.58) [CONTINUE]
 363 games  +86 =207 -70   +15 Elo +/- 23   3fold=197 (54%)   1934s      mean=0.522 LLR=+0.71 (game LLR=+0.64) [CONTINUE]
 364 games  +86 =208 -70   +15 Elo +/- 23   3fold=198 (54%)   1940s      mean=0.522 LLR=+0.71 (game LLR=+0.64) [CONTINUE]
 365 games  +86 =208 -71   +14 Elo +/- 23   3fold=198 (54%)   1944s      mean=0.521 LLR=+0.71 (game LLR=+0.58) [CONTINUE]
 366 games  +86 =209 -71   +14 Elo +/- 23   3fold=199 (54%)   1950s      mean=0.520 LLR=+0.57 (game LLR=+0.58) [CONTINUE]
 367 games  +86 =210 -71   +14 Elo +/- 23   3fold=200 (54%)   1951s      mean=0.520 LLR=+0.63 (game LLR=+0.58) [CONTINUE]
 368 games  +87 =210 -71   +15 Elo +/- 23   3fold=200 (54%)   1959s      mean=0.522 LLR=+0.63 (game LLR=+0.63) [CONTINUE]
 369 games  +88 =210 -71   +16 Elo +/- 23   3fold=200 (54%)   1961s      mean=0.523 LLR=+0.63 (game LLR=+0.68) [CONTINUE]
 370 games  +88 =211 -71   +16 Elo +/- 23   3fold=201 (54%)   1970s      mean=0.523 LLR=+0.63 (game LLR=+0.69) [CONTINUE]
 371 games  +88 =212 -71   +16 Elo +/- 23   3fold=202 (54%)   1977s      mean=0.523 LLR=+0.63 (game LLR=+0.69) [CONTINUE]
 372 games  +88 =212 -72   +15 Elo +/- 23   3fold=202 (54%)   1979s      mean=0.522 LLR=+0.63 (game LLR=+0.63) [CONTINUE]
 373 games  +88 =212 -73   +14 Elo +/- 23   3fold=202 (54%)   1980s      mean=0.520 LLR=+0.63 (game LLR=+0.57) [CONTINUE]
 374 games  +88 =212 -74   +13 Elo +/- 23   3fold=202 (54%)   1988s      mean=0.519 LLR=+0.63 (game LLR=+0.52) [CONTINUE]
 375 games  +89 =212 -74   +14 Elo +/- 23   3fold=202 (54%)   1991s      mean=0.520 LLR=+0.64 (game LLR=+0.57) [CONTINUE]
 376 games  +89 =213 -74   +14 Elo +/- 23   3fold=203 (54%)   2000s      mean=0.520 LLR=+0.74 (game LLR=+0.57) [CONTINUE]
 377 games  +89 =214 -74   +14 Elo +/- 23   3fold=204 (54%)   2005s      mean=0.520 LLR=+0.74 (game LLR=+0.57) [CONTINUE]
 378 games  +89 =215 -74   +14 Elo +/- 23   3fold=205 (54%)   2005s      mean=0.520 LLR=+0.68 (game LLR=+0.57) [CONTINUE]
 379 games  +89 =216 -74   +14 Elo +/- 23   3fold=205 (54%)   2013s      mean=0.520 LLR=+0.68 (game LLR=+0.57) [CONTINUE]
 380 games  +90 =216 -74   +15 Elo +/- 23   3fold=205 (54%)   2019s      mean=0.521 LLR=+0.62 (game LLR=+0.62) [CONTINUE]
 381 games  +90 =217 -74   +15 Elo +/- 23   3fold=206 (54%)   2024s      mean=0.521 LLR=+0.62 (game LLR=+0.62) [CONTINUE]
 382 games  +90 =218 -74   +15 Elo +/- 23   3fold=207 (54%)   2031s      mean=0.521 LLR=+0.62 (game LLR=+0.62) [CONTINUE]
 383 games  +90 =219 -74   +15 Elo +/- 23   3fold=208 (54%)   2036s      mean=0.521 LLR=+0.62 (game LLR=+0.63) [CONTINUE]
 384 games  +90 =219 -75   +14 Elo +/- 23   3fold=208 (54%)   2041s      mean=0.520 LLR=+0.62 (game LLR=+0.57) [CONTINUE]
 385 games  +90 =219 -76   +13 Elo +/- 23   3fold=208 (54%)   2047s      mean=0.518 LLR=+0.62 (game LLR=+0.51) [CONTINUE]
 386 games  +91 =219 -76   +14 Elo +/- 23   3fold=208 (54%)   2055s      mean=0.519 LLR=+0.62 (game LLR=+0.56) [CONTINUE]
 387 games  +91 =220 -76   +13 Elo +/- 23   3fold=209 (54%)   2058s      mean=0.519 LLR=+0.68 (game LLR=+0.56) [CONTINUE]
 388 games  +91 =220 -77   +13 Elo +/- 23   3fold=209 (54%)   2058s      mean=0.518 LLR=+0.68 (game LLR=+0.51) [CONTINUE]
 389 games  +91 =221 -77   +13 Elo +/- 23   3fold=210 (54%)   2067s      mean=0.518 LLR=+0.68 (game LLR=+0.51) [CONTINUE]
 390 games  +92 =221 -77   +13 Elo +/- 23   3fold=210 (54%)   2067s      mean=0.519 LLR=+0.68 (game LLR=+0.56) [CONTINUE]
 391 games  +93 =221 -77   +14 Elo +/- 23   3fold=210 (54%)   2076s      mean=0.520 LLR=+0.68 (game LLR=+0.61) [CONTINUE]
 392 games  +93 =222 -77   +14 Elo +/- 23   3fold=211 (54%)   2083s      mean=0.520 LLR=+0.68 (game LLR=+0.61) [CONTINUE]
 393 games  +94 =222 -77   +15 Elo +/- 23   3fold=211 (54%)   2087s      mean=0.522 LLR=+0.68 (game LLR=+0.66) [CONTINUE]
 394 games  +94 =223 -77   +15 Elo +/- 23   3fold=212 (54%)   2088s      mean=0.522 LLR=+0.69 (game LLR=+0.66) [CONTINUE]
 395 games  +95 =223 -77   +16 Elo +/- 23   3fold=212 (54%)   2095s      mean=0.523 LLR=+0.69 (game LLR=+0.71) [CONTINUE]
 396 games  +95 =223 -78   +15 Elo +/- 23   3fold=212 (54%)   2097s      mean=0.521 LLR=+0.69 (game LLR=+0.66) [CONTINUE]
 397 games  +95 =223 -79   +14 Elo +/- 23   3fold=212 (53%)   2103s      mean=0.520 LLR=+0.69 (game LLR=+0.60) [CONTINUE]
 398 games  +95 =224 -79   +14 Elo +/- 23   3fold=213 (54%)   2109s      mean=0.520 LLR=+0.69 (game LLR=+0.60) [CONTINUE]
 399 games  +95 =225 -79   +14 Elo +/- 23   3fold=214 (54%)   2118s      mean=0.520 LLR=+0.69 (game LLR=+0.60) [CONTINUE]
 400 games  +95 =226 -79   +14 Elo +/- 22   3fold=215 (54%)   2119s      mean=0.520 LLR=+0.69 (game LLR=+0.61) [CONTINUE]
 401 games  +95 =227 -79   +14 Elo +/- 22   3fold=216 (54%)   2122s      mean=0.520 LLR=+0.69 (game LLR=+0.61) [CONTINUE]
 402 games  +95 =228 -79   +14 Elo +/- 22   3fold=217 (54%)   2130s      mean=0.520 LLR=+0.75 (game LLR=+0.61) [CONTINUE]
 403 games  +95 =228 -80   +13 Elo +/- 22   3fold=217 (54%)   2137s      mean=0.519 LLR=+0.75 (game LLR=+0.55) [CONTINUE]
 404 games  +95 =229 -80   +13 Elo +/- 22   3fold=217 (54%)   2139s      mean=0.519 LLR=+0.75 (game LLR=+0.55) [CONTINUE]
 405 games  +95 =229 -81   +12 Elo +/- 22   3fold=217 (54%)   2148s      mean=0.517 LLR=+0.69 (game LLR=+0.50) [CONTINUE]
 406 games  +95 =230 -81   +12 Elo +/- 22   3fold=218 (54%)   2149s      mean=0.517 LLR=+0.62 (game LLR=+0.50) [CONTINUE]
 407 games  +95 =231 -81   +12 Elo +/- 22   3fold=219 (54%)   2152s      mean=0.517 LLR=+0.63 (game LLR=+0.50) [CONTINUE]
 408 games  +95 =232 -81   +12 Elo +/- 22   3fold=220 (54%)   2161s      mean=0.517 LLR=+0.63 (game LLR=+0.50) [CONTINUE]
 409 games  +95 =233 -81   +12 Elo +/- 22   3fold=221 (54%)   2165s      mean=0.517 LLR=+0.63 (game LLR=+0.50) [CONTINUE]
 410 games  +95 =234 -81   +12 Elo +/- 22   3fold=222 (54%)   2168s      mean=0.517 LLR=+0.56 (game LLR=+0.50) [CONTINUE]
 411 games  +95 =235 -81   +12 Elo +/- 22   3fold=223 (54%)   2178s      mean=0.517 LLR=+0.56 (game LLR=+0.50) [CONTINUE]
 412 games  +95 =236 -81   +12 Elo +/- 22   3fold=224 (54%)   2180s      mean=0.517 LLR=+0.56 (game LLR=+0.50) [CONTINUE]
 413 games  +95 =237 -81   +12 Elo +/- 22   3fold=225 (54%)   2184s      mean=0.517 LLR=+0.56 (game LLR=+0.50) [CONTINUE]
 414 games  +95 =237 -82   +11 Elo +/- 22   3fold=225 (54%)   2190s      mean=0.516 LLR=+0.56 (game LLR=+0.44) [CONTINUE]
 415 games  +95 =238 -82   +11 Elo +/- 22   3fold=226 (54%)   2198s      mean=0.516 LLR=+0.56 (game LLR=+0.44) [CONTINUE]
 416 games  +95 =239 -82   +11 Elo +/- 22   3fold=226 (54%)   2204s      mean=0.516 LLR=+0.57 (game LLR=+0.45) [CONTINUE]
 417 games  +95 =239 -83   +10 Elo +/- 22   3fold=226 (54%)   2206s      mean=0.514 LLR=+0.57 (game LLR=+0.39) [CONTINUE]
 418 games  +95 =240 -83   +10 Elo +/- 22   3fold=226 (54%)   2215s      mean=0.514 LLR=+0.50 (game LLR=+0.39) [CONTINUE]
 419 games  +95 =240 -84   +9 Elo +/- 22   3fold=226 (54%)   2218s      mean=0.513 LLR=+0.50 (game LLR=+0.33) [CONTINUE]
 420 games  +95 =241 -84   +9 Elo +/- 22   3fold=227 (54%)   2221s      mean=0.513 LLR=+0.50 (game LLR=+0.33) [CONTINUE]
 421 games  +95 =242 -84   +9 Elo +/- 22   3fold=228 (54%)   2229s      mean=0.513 LLR=+0.44 (game LLR=+0.33) [CONTINUE]
 422 games  +96 =242 -84   +10 Elo +/- 22   3fold=228 (54%)   2229s      mean=0.514 LLR=+0.44 (game LLR=+0.39) [CONTINUE]
 423 games  +97 =242 -84   +11 Elo +/- 22   3fold=228 (54%)   2238s      mean=0.515 LLR=+0.44 (game LLR=+0.44) [CONTINUE]
 424 games  +97 =243 -84   +11 Elo +/- 22   3fold=229 (54%)   2249s      mean=0.515 LLR=+0.44 (game LLR=+0.44) [CONTINUE]
 425 games  +97 =244 -84   +11 Elo +/- 22   3fold=230 (54%)   2252s      mean=0.515 LLR=+0.44 (game LLR=+0.44) [CONTINUE]
 426 games  +97 =245 -84   +11 Elo +/- 22   3fold=231 (54%)   2262s      mean=0.515 LLR=+0.44 (game LLR=+0.44) [CONTINUE]
 427 games  +97 =246 -84   +11 Elo +/- 21   3fold=231 (54%)   2262s      mean=0.515 LLR=+0.44 (game LLR=+0.44) [CONTINUE]
 428 games  +98 =246 -84   +11 Elo +/- 21   3fold=231 (54%)   2266s      mean=0.516 LLR=+0.38 (game LLR=+0.49) [CONTINUE]
 429 games  +98 =247 -84   +11 Elo +/- 21   3fold=232 (54%)   2273s      mean=0.516 LLR=+0.49 (game LLR=+0.49) [CONTINUE]
 430 games  +98 =248 -84   +11 Elo +/- 21   3fold=233 (54%)   2278s      mean=0.516 LLR=+0.55 (game LLR=+0.49) [CONTINUE]
 431 games  +98 =249 -84   +11 Elo +/- 21   3fold=234 (54%)   2282s      mean=0.516 LLR=+0.55 (game LLR=+0.49) [CONTINUE]
 432 games  +98 =250 -84   +11 Elo +/- 21   3fold=235 (54%)   2290s      mean=0.516 LLR=+0.55 (game LLR=+0.49) [CONTINUE]
 433 games  +99 =250 -84   +12 Elo +/- 21   3fold=235 (54%)   2293s      mean=0.517 LLR=+0.55 (game LLR=+0.55) [CONTINUE]
 434 games  +100 =250 -84   +13 Elo +/- 21   3fold=235 (54%)   2298s      mean=0.518 LLR=+0.55 (game LLR=+0.60) [CONTINUE]
 435 games  +100 =251 -84   +13 Elo +/- 21   3fold=236 (54%)   2300s      mean=0.518 LLR=+0.61 (game LLR=+0.60) [CONTINUE]
 436 games  +100 =252 -84   +13 Elo +/- 21   3fold=237 (54%)   2309s      mean=0.518 LLR=+0.61 (game LLR=+0.60) [CONTINUE]
 437 games  +100 =253 -84   +13 Elo +/- 21   3fold=238 (54%)   2314s      mean=0.518 LLR=+0.61 (game LLR=+0.60) [CONTINUE]
 438 games  +100 =254 -84   +13 Elo +/- 21   3fold=239 (55%)   2322s      mean=0.518 LLR=+0.61 (game LLR=+0.60) [CONTINUE]
 439 games  +100 =255 -84   +13 Elo +/- 21   3fold=240 (55%)   2324s      mean=0.518 LLR=+0.61 (game LLR=+0.60) [CONTINUE]
 440 games  +100 =255 -85   +12 Elo +/- 21   3fold=240 (55%)   2328s      mean=0.517 LLR=+0.61 (game LLR=+0.55) [CONTINUE]
 441 games  +100 =256 -85   +12 Elo +/- 21   3fold=241 (55%)   2331s      mean=0.517 LLR=+0.61 (game LLR=+0.55) [CONTINUE]
 442 games  +100 =257 -85   +12 Elo +/- 21   3fold=242 (55%)   2341s      mean=0.517 LLR=+0.67 (game LLR=+0.55) [CONTINUE]
 443 games  +100 =258 -85   +12 Elo +/- 21   3fold=243 (55%)   2345s      mean=0.517 LLR=+0.67 (game LLR=+0.55) [CONTINUE]
 444 games  +100 =258 -86   +11 Elo +/- 21   3fold=243 (55%)   2348s      mean=0.516 LLR=+0.67 (game LLR=+0.49) [CONTINUE]
 445 games  +101 =258 -86   +12 Elo +/- 21   3fold=243 (55%)   2358s      mean=0.517 LLR=+0.67 (game LLR=+0.54) [CONTINUE]
 446 games  +101 =258 -87   +11 Elo +/- 21   3fold=243 (54%)   2358s      mean=0.516 LLR=+0.67 (game LLR=+0.49) [CONTINUE]
 447 games  +101 =259 -87   +11 Elo +/- 21   3fold=244 (55%)   2369s      mean=0.516 LLR=+0.67 (game LLR=+0.49) [CONTINUE]
 448 games  +101 =260 -87   +11 Elo +/- 21   3fold=245 (55%)   2371s      mean=0.516 LLR=+0.67 (game LLR=+0.49) [CONTINUE]
 449 games  +102 =260 -87   +12 Elo +/- 21   3fold=245 (55%)   2378s      mean=0.517 LLR=+0.61 (game LLR=+0.54) [CONTINUE]
 450 games  +102 =261 -87   +12 Elo +/- 21   3fold=246 (55%)   2378s      mean=0.517 LLR=+0.61 (game LLR=+0.54) [CONTINUE]
 451 games  +102 =262 -87   +12 Elo +/- 21   3fold=247 (55%)   2387s      mean=0.517 LLR=+0.61 (game LLR=+0.54) [CONTINUE]
 452 games  +103 =262 -87   +12 Elo +/- 21   3fold=247 (55%)   2391s      mean=0.518 LLR=+0.67 (game LLR=+0.59) [CONTINUE]
 453 games  +104 =262 -87   +13 Elo +/- 21   3fold=247 (55%)   2399s      mean=0.519 LLR=+0.67 (game LLR=+0.65) [CONTINUE]
 454 games  +104 =263 -87   +13 Elo +/- 21   3fold=248 (55%)   2408s      mean=0.519 LLR=+0.67 (game LLR=+0.65) [CONTINUE]
 455 games  +105 =263 -87   +14 Elo +/- 21   3fold=248 (55%)   2419s      mean=0.520 LLR=+0.67 (game LLR=+0.70) [CONTINUE]
 456 games  +105 =264 -87   +14 Elo +/- 21   3fold=248 (54%)   2420s      mean=0.520 LLR=+0.67 (game LLR=+0.70) [CONTINUE]
 457 games  +105 =265 -87   +14 Elo +/- 21   3fold=249 (54%)   2421s      mean=0.520 LLR=+0.67 (game LLR=+0.70) [CONTINUE]
 458 games  +106 =265 -87   +14 Elo +/- 21   3fold=249 (54%)   2422s      mean=0.521 LLR=+0.67 (game LLR=+0.75) [CONTINUE]
 459 games  +106 =266 -87   +14 Elo +/- 21   3fold=250 (54%)   2426s      mean=0.521 LLR=+0.67 (game LLR=+0.75) [CONTINUE]
 460 games  +106 =267 -87   +14 Elo +/- 21   3fold=251 (55%)   2440s      mean=0.521 LLR=+0.74 (game LLR=+0.76) [CONTINUE]
 461 games  +106 =268 -87   +14 Elo +/- 21   3fold=252 (55%)   2447s      mean=0.521 LLR=+0.74 (game LLR=+0.76) [CONTINUE]
 462 games  +107 =268 -87   +15 Elo +/- 21   3fold=252 (55%)   2452s      mean=0.522 LLR=+0.80 (game LLR=+0.81) [CONTINUE]
 463 games  +107 =269 -87   +15 Elo +/- 21   3fold=253 (55%)   2452s      mean=0.522 LLR=+0.90 (game LLR=+0.81) [CONTINUE]
 464 games  +108 =269 -87   +16 Elo +/- 21   3fold=253 (55%)   2452s      mean=0.523 LLR=+0.91 (game LLR=+0.86) [CONTINUE]
 465 games  +108 =269 -88   +15 Elo +/- 21   3fold=253 (54%)   2456s      mean=0.522 LLR=+0.91 (game LLR=+0.80) [CONTINUE]
 466 games  +109 =269 -88   +16 Elo +/- 21   3fold=253 (54%)   2471s      mean=0.523 LLR=+0.91 (game LLR=+0.86) [CONTINUE]
 467 games  +109 =270 -88   +16 Elo +/- 20   3fold=254 (54%)   2477s      mean=0.522 LLR=+0.97 (game LLR=+0.86) [CONTINUE]
 468 games  +109 =270 -89   +15 Elo +/- 20   3fold=254 (54%)   2480s      mean=0.521 LLR=+1.03 (game LLR=+0.80) [CONTINUE]
 469 games  +109 =271 -89   +15 Elo +/- 20   3fold=255 (54%)   2484s      mean=0.521 LLR=+1.03 (game LLR=+0.80) [CONTINUE]
 470 games  +109 =272 -89   +15 Elo +/- 20   3fold=256 (54%)   2484s      mean=0.521 LLR=+1.03 (game LLR=+0.80) [CONTINUE]
 471 games  +109 =273 -89   +15 Elo +/- 20   3fold=256 (54%)   2497s      mean=0.521 LLR=+1.03 (game LLR=+0.80) [CONTINUE]
 472 games  +110 =273 -89   +15 Elo +/- 20   3fold=256 (54%)   2501s      mean=0.522 LLR=+0.96 (game LLR=+0.85) [CONTINUE]
 473 games  +110 =274 -89   +15 Elo +/- 20   3fold=257 (54%)   2507s      mean=0.522 LLR=+0.96 (game LLR=+0.86) [CONTINUE]
 474 games  +111 =274 -89   +16 Elo +/- 20   3fold=257 (54%)   2512s      mean=0.523 LLR=+0.96 (game LLR=+0.91) [CONTINUE]
 475 games  +111 =275 -89   +16 Elo +/- 20   3fold=258 (54%)   2512s      mean=0.523 LLR=+0.96 (game LLR=+0.91) [CONTINUE]
 476 games  +111 =275 -90   +15 Elo +/- 20   3fold=258 (54%)   2516s      mean=0.522 LLR=+0.97 (game LLR=+0.85) [CONTINUE]
 477 games  +111 =276 -90   +15 Elo +/- 20   3fold=259 (54%)   2528s      mean=0.522 LLR=+0.90 (game LLR=+0.85) [CONTINUE]
 478 games  +112 =276 -90   +16 Elo +/- 20   3fold=259 (54%)   2533s      mean=0.523 LLR=+0.90 (game LLR=+0.90) [CONTINUE]
 479 games  +112 =277 -90   +16 Elo +/- 20   3fold=260 (54%)   2538s      mean=0.523 LLR=+1.01 (game LLR=+0.90) [CONTINUE]
 480 games  +112 =278 -90   +16 Elo +/- 20   3fold=261 (54%)   2539s      mean=0.523 LLR=+1.01 (game LLR=+0.91) [CONTINUE]
 481 games  +112 =279 -90   +16 Elo +/- 20   3fold=262 (54%)   2539s      mean=0.523 LLR=+1.01 (game LLR=+0.91) [CONTINUE]
 482 games  +112 =279 -91   +15 Elo +/- 20   3fold=262 (54%)   2545s      mean=0.522 LLR=+1.01 (game LLR=+0.85) [CONTINUE]
 483 games  +112 =280 -91   +15 Elo +/- 20   3fold=263 (54%)   2557s      mean=0.522 LLR=+1.01 (game LLR=+0.85) [CONTINUE]
 484 games  +112 =281 -91   +15 Elo +/- 20   3fold=264 (55%)   2561s      mean=0.522 LLR=+1.01 (game LLR=+0.85) [CONTINUE]
 485 games  +112 =282 -91   +15 Elo +/- 20   3fold=265 (55%)   2566s      mean=0.522 LLR=+1.01 (game LLR=+0.85) [CONTINUE]
 486 games  +112 =283 -91   +15 Elo +/- 20   3fold=266 (55%)   2569s      mean=0.522 LLR=+1.01 (game LLR=+0.85) [CONTINUE]
 487 games  +112 =283 -92   +14 Elo +/- 20   3fold=266 (55%)   2570s      mean=0.521 LLR=+1.01 (game LLR=+0.79) [CONTINUE]
 488 games  +112 =284 -92   +14 Elo +/- 20   3fold=267 (55%)   2575s      mean=0.520 LLR=+0.95 (game LLR=+0.80) [CONTINUE]
 489 games  +112 =285 -92   +14 Elo +/- 20   3fold=268 (55%)   2583s      mean=0.520 LLR=+0.88 (game LLR=+0.80) [CONTINUE]
 490 games  +112 =286 -92   +14 Elo +/- 20   3fold=269 (55%)   2597s      mean=0.520 LLR=+0.88 (game LLR=+0.80) [CONTINUE]
 491 games  +112 =287 -92   +14 Elo +/- 20   3fold=270 (55%)   2599s      mean=0.520 LLR=+0.88 (game LLR=+0.80) [CONTINUE]
 492 games  +112 =288 -92   +14 Elo +/- 20   3fold=271 (55%)   2600s      mean=0.520 LLR=+0.88 (game LLR=+0.80) [CONTINUE]
 493 games  +113 =288 -92   +15 Elo +/- 20   3fold=271 (55%)   2602s      mean=0.521 LLR=+0.89 (game LLR=+0.85) [CONTINUE]
 494 games  +113 =289 -92   +15 Elo +/- 20   3fold=272 (55%)   2604s      mean=0.521 LLR=+0.95 (game LLR=+0.85) [CONTINUE]
 495 games  +113 =290 -92   +15 Elo +/- 20   3fold=273 (55%)   2611s      mean=0.521 LLR=+0.95 (game LLR=+0.85) [CONTINUE]
 496 games  +113 =291 -92   +15 Elo +/- 20   3fold=273 (55%)   2626s      mean=0.521 LLR=+0.95 (game LLR=+0.86) [CONTINUE]
 497 games  +113 =292 -92   +15 Elo +/- 20   3fold=274 (55%)   2626s      mean=0.521 LLR=+0.95 (game LLR=+0.86) [CONTINUE]
 498 games  +113 =293 -92   +15 Elo +/- 20   3fold=275 (55%)   2631s      mean=0.521 LLR=+0.95 (game LLR=+0.86) [CONTINUE]
 499 games  +113 =294 -92   +15 Elo +/- 20   3fold=276 (55%)   2631s      mean=0.521 LLR=+0.95 (game LLR=+0.86) [CONTINUE]
 500 games  +113 =295 -92   +15 Elo +/- 20   3fold=277 (55%)   2633s      mean=0.521 LLR=+0.96 (game LLR=+0.86) [CONTINUE]
 501 games  +113 =296 -92   +15 Elo +/- 19   3fold=278 (55%)   2645s      mean=0.521 LLR=+0.96 (game LLR=+0.86) [CONTINUE]
 502 games  +113 =297 -92   +15 Elo +/- 19   3fold=279 (56%)   2650s      mean=0.521 LLR=+0.96 (game LLR=+0.86) [CONTINUE]
 503 games  +113 =298 -92   +15 Elo +/- 19   3fold=280 (56%)   2654s      mean=0.521 LLR=+0.96 (game LLR=+0.86) [CONTINUE]
 504 games  +114 =298 -92   +15 Elo +/- 19   3fold=280 (56%)   2660s      mean=0.522 LLR=+0.96 (game LLR=+0.92) [CONTINUE]
 505 games  +115 =298 -92   +16 Elo +/- 19   3fold=280 (55%)   2663s      mean=0.523 LLR=+0.96 (game LLR=+0.97) [CONTINUE]
 506 games  +116 =298 -92   +16 Elo +/- 19   3fold=280 (55%)   2663s      mean=0.524 LLR=+0.96 (game LLR=+1.02) [CONTINUE]
 507 games  +116 =299 -92   +16 Elo +/- 19   3fold=281 (55%)   2675s      mean=0.524 LLR=+1.02 (game LLR=+1.02) [CONTINUE]
 508 games  +116 =300 -92   +16 Elo +/- 19   3fold=282 (56%)   2677s      mean=0.524 LLR=+1.02 (game LLR=+1.03) [CONTINUE]
 509 games  +116 =300 -93   +16 Elo +/- 19   3fold=282 (55%)   2685s      mean=0.523 LLR=+1.02 (game LLR=+0.97) [CONTINUE]
 510 games  +117 =300 -93   +16 Elo +/- 19   3fold=282 (55%)   2691s      mean=0.524 LLR=+0.95 (game LLR=+1.02) [CONTINUE]
 511 games  +118 =300 -93   +17 Elo +/- 19   3fold=282 (55%)   2695s      mean=0.524 LLR=+1.06 (game LLR=+1.07) [CONTINUE]
 512 games  +118 =301 -93   +17 Elo +/- 19   3fold=283 (55%)   2704s      mean=0.524 LLR=+1.06 (game LLR=+1.07) [CONTINUE]
 513 games  +118 =302 -93   +17 Elo +/- 19   3fold=284 (55%)   2705s      mean=0.524 LLR=+1.12 (game LLR=+1.07) [CONTINUE]
 514 games  +118 =303 -93   +17 Elo +/- 19   3fold=285 (55%)   2706s      mean=0.524 LLR=+1.12 (game LLR=+1.08) [CONTINUE]
 515 games  +119 =303 -93   +18 Elo +/- 19   3fold=285 (55%)   2710s      mean=0.525 LLR=+1.12 (game LLR=+1.13) [CONTINUE]
 516 games  +119 =304 -93   +18 Elo +/- 19   3fold=286 (55%)   2718s      mean=0.525 LLR=+1.12 (game LLR=+1.13) [CONTINUE]
 517 games  +119 =304 -94   +17 Elo +/- 19   3fold=286 (55%)   2726s      mean=0.524 LLR=+1.12 (game LLR=+1.07) [CONTINUE]
 518 games  +119 =305 -94   +17 Elo +/- 19   3fold=287 (55%)   2732s      mean=0.524 LLR=+1.13 (game LLR=+1.07) [CONTINUE]
 519 games  +120 =305 -94   +17 Elo +/- 19   3fold=287 (55%)   2736s      mean=0.525 LLR=+1.13 (game LLR=+1.12) [CONTINUE]
 520 games  +120 =306 -94   +17 Elo +/- 19   3fold=288 (55%)   2736s      mean=0.525 LLR=+1.13 (game LLR=+1.13) [CONTINUE]
 521 games  +120 =307 -94   +17 Elo +/- 19   3fold=288 (55%)   2741s      mean=0.525 LLR=+1.19 (game LLR=+1.13) [CONTINUE]
 522 games  +121 =307 -94   +18 Elo +/- 19   3fold=288 (55%)   2755s      mean=0.526 LLR=+1.19 (game LLR=+1.18) [CONTINUE]
 523 games  +122 =307 -94   +19 Elo +/- 19   3fold=288 (55%)   2758s      mean=0.527 LLR=+1.19 (game LLR=+1.23) [CONTINUE]
 524 games  +122 =307 -95   +18 Elo +/- 19   3fold=288 (55%)   2766s      mean=0.526 LLR=+1.25 (game LLR=+1.17) [CONTINUE]
 525 games  +122 =308 -95   +18 Elo +/- 19   3fold=289 (55%)   2767s      mean=0.526 LLR=+1.26 (game LLR=+1.17) [CONTINUE]
 526 games  +123 =308 -95   +19 Elo +/- 19   3fold=289 (55%)   2771s      mean=0.527 LLR=+1.26 (game LLR=+1.23) [CONTINUE]
 527 games  +123 =309 -95   +18 Elo +/- 19   3fold=290 (55%)   2771s      mean=0.527 LLR=+1.26 (game LLR=+1.23) [CONTINUE]
 528 games  +123 =309 -96   +18 Elo +/- 19   3fold=290 (55%)   2785s      mean=0.526 LLR=+1.26 (game LLR=+1.17) [CONTINUE]
 529 games  +123 =310 -96   +18 Elo +/- 19   3fold=291 (55%)   2790s      mean=0.526 LLR=+1.26 (game LLR=+1.17) [CONTINUE]
 530 games  +123 =311 -96   +18 Elo +/- 19   3fold=292 (55%)   2794s      mean=0.525 LLR=+1.26 (game LLR=+1.17) [CONTINUE]
 531 games  +124 =311 -96   +18 Elo +/- 19   3fold=292 (55%)   2795s      mean=0.526 LLR=+1.26 (game LLR=+1.22) [CONTINUE]
 532 games  +125 =311 -96   +19 Elo +/- 19   3fold=292 (55%)   2798s      mean=0.527 LLR=+1.26 (game LLR=+1.28) [CONTINUE]
 533 games  +125 =312 -96   +19 Elo +/- 19   3fold=293 (55%)   2815s      mean=0.527 LLR=+1.32 (game LLR=+1.28) [CONTINUE]
 534 games  +125 =313 -96   +19 Elo +/- 19   3fold=294 (55%)   2817s      mean=0.527 LLR=+1.38 (game LLR=+1.28) [CONTINUE]
 535 games  +125 =314 -96   +19 Elo +/- 19   3fold=294 (55%)   2818s      mean=0.527 LLR=+1.38 (game LLR=+1.28) [CONTINUE]
 536 games  +126 =314 -96   +19 Elo +/- 19   3fold=294 (55%)   2823s      mean=0.528 LLR=+1.39 (game LLR=+1.33) [CONTINUE]
 537 games  +127 =314 -96   +20 Elo +/- 19   3fold=294 (55%)   2825s      mean=0.529 LLR=+1.45 (game LLR=+1.39) [CONTINUE]
 538 games  +127 =315 -96   +20 Elo +/- 19   3fold=295 (55%)   2831s      mean=0.529 LLR=+1.55 (game LLR=+1.39) [CONTINUE]
 539 games  +128 =315 -96   +21 Elo +/- 19   3fold=295 (55%)   2845s      mean=0.530 LLR=+1.55 (game LLR=+1.44) [CONTINUE]
 540 games  +128 =316 -96   +21 Elo +/- 19   3fold=296 (55%)   2847s      mean=0.530 LLR=+1.55 (game LLR=+1.44) [CONTINUE]
 541 games  +128 =317 -96   +21 Elo +/- 19   3fold=297 (55%)   2848s      mean=0.530 LLR=+1.56 (game LLR=+1.45) [CONTINUE]
 542 games  +128 =318 -96   +21 Elo +/- 19   3fold=298 (55%)   2849s      mean=0.530 LLR=+1.56 (game LLR=+1.45) [CONTINUE]
 543 games  +128 =319 -96   +20 Elo +/- 19   3fold=299 (55%)   2859s      mean=0.529 LLR=+1.56 (game LLR=+1.45) [CONTINUE]
 544 games  +128 =320 -96   +20 Elo +/- 19   3fold=300 (55%)   2861s      mean=0.529 LLR=+1.56 (game LLR=+1.45) [CONTINUE]
 545 games  +128 =321 -96   +20 Elo +/- 19   3fold=301 (55%)   2873s      mean=0.529 LLR=+1.56 (game LLR=+1.45) [CONTINUE]
 546 games  +128 =321 -97   +20 Elo +/- 19   3fold=301 (55%)   2876s      mean=0.528 LLR=+1.56 (game LLR=+1.39) [CONTINUE]
 547 games  +129 =321 -97   +20 Elo +/- 19   3fold=301 (55%)   2876s      mean=0.529 LLR=+1.50 (game LLR=+1.44) [CONTINUE]
 548 games  +130 =321 -97   +21 Elo +/- 19   3fold=301 (55%)   2885s      mean=0.530 LLR=+1.60 (game LLR=+1.50) [CONTINUE]
 549 games  +130 =322 -97   +21 Elo +/- 19   3fold=302 (55%)   2889s      mean=0.530 LLR=+1.60 (game LLR=+1.50) [CONTINUE]
 550 games  +130 =322 -98   +20 Elo +/- 19   3fold=302 (55%)   2892s      mean=0.529 LLR=+1.60 (game LLR=+1.44) [CONTINUE]
 551 games  +131 =322 -98   +21 Elo +/- 19   3fold=302 (55%)   2897s      mean=0.530 LLR=+1.60 (game LLR=+1.49) [CONTINUE]
 552 games  +132 =322 -98   +21 Elo +/- 19   3fold=302 (55%)   2904s      mean=0.531 LLR=+1.60 (game LLR=+1.54) [CONTINUE]
 553 games  +132 =323 -98   +21 Elo +/- 19   3fold=303 (55%)   2908s      mean=0.531 LLR=+1.60 (game LLR=+1.54) [CONTINUE]
 554 games  +132 =324 -98   +21 Elo +/- 19   3fold=304 (55%)   2915s      mean=0.531 LLR=+1.60 (game LLR=+1.55) [CONTINUE]
 555 games  +132 =324 -99   +21 Elo +/- 19   3fold=304 (55%)   2917s      mean=0.530 LLR=+1.60 (game LLR=+1.48) [CONTINUE]
 556 games  +132 =325 -99   +21 Elo +/- 19   3fold=305 (55%)   2921s      mean=0.530 LLR=+1.61 (game LLR=+1.49) [CONTINUE]
 557 games  +133 =325 -99   +21 Elo +/- 19   3fold=305 (55%)   2922s      mean=0.531 LLR=+1.67 (game LLR=+1.54) [CONTINUE]
 558 games  +133 =326 -99   +21 Elo +/- 19   3fold=306 (55%)   2938s      mean=0.530 LLR=+1.67 (game LLR=+1.54) [CONTINUE]
 559 games  +133 =327 -99   +21 Elo +/- 19   3fold=307 (55%)   2943s      mean=0.530 LLR=+1.73 (game LLR=+1.54) [CONTINUE]
 560 games  +134 =327 -99   +22 Elo +/- 19   3fold=307 (55%)   2944s      mean=0.531 LLR=+1.74 (game LLR=+1.59) [CONTINUE]
 561 games  +134 =327 -100   +21 Elo +/- 19   3fold=307 (55%)   2948s      mean=0.530 LLR=+1.80 (game LLR=+1.53) [CONTINUE]
 562 games  +134 =328 -100   +21 Elo +/- 19   3fold=308 (55%)   2950s      mean=0.530 LLR=+1.80 (game LLR=+1.54) [CONTINUE]
 563 games  +134 =329 -100   +21 Elo +/- 19   3fold=309 (55%)   2951s      mean=0.530 LLR=+1.80 (game LLR=+1.54) [CONTINUE]
 564 games  +134 =329 -101   +20 Elo +/- 19   3fold=309 (55%)   2969s      mean=0.529 LLR=+1.80 (game LLR=+1.48) [CONTINUE]
 565 games  +134 =330 -101   +20 Elo +/- 18   3fold=310 (55%)   2974s      mean=0.529 LLR=+1.80 (game LLR=+1.48) [CONTINUE]
 566 games  +135 =330 -101   +21 Elo +/- 18   3fold=310 (55%)   2975s      mean=0.530 LLR=+1.80 (game LLR=+1.53) [CONTINUE]
 567 games  +135 =331 -101   +21 Elo +/- 18   3fold=311 (55%)   2977s      mean=0.530 LLR=+1.80 (game LLR=+1.53) [CONTINUE]
 568 games  +135 =332 -101   +21 Elo +/- 18   3fold=312 (55%)   2981s      mean=0.530 LLR=+1.73 (game LLR=+1.53) [CONTINUE]
 569 games  +136 =332 -101   +21 Elo +/- 18   3fold=312 (55%)   2982s      mean=0.531 LLR=+1.73 (game LLR=+1.59) [CONTINUE]
 570 games  +136 =333 -101   +21 Elo +/- 18   3fold=313 (55%)   3001s      mean=0.531 LLR=+1.80 (game LLR=+1.59) [CONTINUE]
 571 games  +137 =333 -101   +22 Elo +/- 18   3fold=313 (55%)   3002s      mean=0.532 LLR=+1.80 (game LLR=+1.64) [CONTINUE]
 572 games  +137 =333 -102   +21 Elo +/- 18   3fold=313 (55%)   3006s      mean=0.531 LLR=+1.81 (game LLR=+1.58) [CONTINUE]
 573 games  +137 =334 -102   +21 Elo +/- 18   3fold=314 (55%)   3009s      mean=0.531 LLR=+1.81 (game LLR=+1.58) [CONTINUE]
 574 games  +138 =334 -102   +22 Elo +/- 18   3fold=314 (55%)   3009s      mean=0.531 LLR=+1.87 (game LLR=+1.63) [CONTINUE]
 575 games  +138 =335 -102   +22 Elo +/- 18   3fold=315 (55%)   3016s      mean=0.531 LLR=+1.87 (game LLR=+1.64) [CONTINUE]
 576 games  +138 =336 -102   +22 Elo +/- 18   3fold=316 (55%)   3028s      mean=0.531 LLR=+1.87 (game LLR=+1.64) [CONTINUE]
 577 games  +139 =336 -102   +22 Elo +/- 18   3fold=316 (55%)   3030s      mean=0.532 LLR=+1.87 (game LLR=+1.69) [CONTINUE]
 578 games  +139 =337 -102   +22 Elo +/- 18   3fold=317 (55%)   3034s      mean=0.532 LLR=+1.87 (game LLR=+1.69) [CONTINUE]
 579 games  +139 =338 -102   +22 Elo +/- 18   3fold=318 (55%)   3037s      mean=0.532 LLR=+1.93 (game LLR=+1.69) [CONTINUE]
 580 games  +139 =339 -102   +22 Elo +/- 18   3fold=319 (55%)   3040s      mean=0.532 LLR=+1.86 (game LLR=+1.70) [CONTINUE]
 581 games  +139 =339 -103   +22 Elo +/- 18   3fold=319 (55%)   3047s      mean=0.531 LLR=+1.86 (game LLR=+1.64) [CONTINUE]
 582 games  +140 =339 -103   +22 Elo +/- 18   3fold=319 (55%)   3057s      mean=0.532 LLR=+1.79 (game LLR=+1.69) [CONTINUE]
 583 games  +140 =340 -103   +22 Elo +/- 18   3fold=320 (55%)   3058s      mean=0.532 LLR=+1.85 (game LLR=+1.69) [CONTINUE]
 584 games  +140 =341 -103   +22 Elo +/- 18   3fold=321 (55%)   3068s      mean=0.532 LLR=+1.91 (game LLR=+1.69) [CONTINUE]
 585 games  +140 =342 -103   +22 Elo +/- 18   3fold=322 (55%)   3068s      mean=0.532 LLR=+1.91 (game LLR=+1.69) [CONTINUE]
 586 games  +140 =342 -104   +21 Elo +/- 18   3fold=322 (55%)   3071s      mean=0.531 LLR=+1.92 (game LLR=+1.63) [CONTINUE]
 587 games  +140 =343 -104   +21 Elo +/- 18   3fold=323 (55%)   3079s      mean=0.531 LLR=+1.92 (game LLR=+1.63) [CONTINUE]
 588 games  +141 =343 -104   +22 Elo +/- 18   3fold=323 (55%)   3088s      mean=0.531 LLR=+1.92 (game LLR=+1.69) [CONTINUE]
 589 games  +141 =344 -104   +22 Elo +/- 18   3fold=324 (55%)   3088s      mean=0.531 LLR=+1.92 (game LLR=+1.69) [CONTINUE]
 590 games  +142 =344 -104   +22 Elo +/- 18   3fold=324 (55%)   3100s      mean=0.532 LLR=+1.92 (game LLR=+1.74) [CONTINUE]
 591 games  +143 =344 -104   +23 Elo +/- 18   3fold=324 (55%)   3101s      mean=0.533 LLR=+1.92 (game LLR=+1.79) [CONTINUE]
 592 games  +143 =345 -104   +23 Elo +/- 18   3fold=325 (55%)   3102s      mean=0.533 LLR=+1.92 (game LLR=+1.79) [CONTINUE]
 593 games  +144 =345 -104   +23 Elo +/- 18   3fold=325 (55%)   3114s      mean=0.534 LLR=+1.93 (game LLR=+1.85) [CONTINUE]
 594 games  +145 =345 -104   +24 Elo +/- 18   3fold=325 (55%)   3115s      mean=0.535 LLR=+1.99 (game LLR=+1.90) [CONTINUE]
 595 games  +145 =345 -105   +23 Elo +/- 18   3fold=325 (55%)   3116s      mean=0.534 LLR=+2.09 (game LLR=+1.84) [CONTINUE]
 596 games  +146 =345 -105   +24 Elo +/- 18   3fold=325 (55%)   3131s      mean=0.534 LLR=+2.02 (game LLR=+1.89) [CONTINUE]
 597 games  +146 =346 -105   +24 Elo +/- 18   3fold=326 (55%)   3133s      mean=0.534 LLR=+2.02 (game LLR=+1.89) [CONTINUE]
 598 games  +146 =346 -106   +23 Elo +/- 18   3fold=326 (55%)   3135s      mean=0.533 LLR=+2.02 (game LLR=+1.83) [CONTINUE]
 599 games  +146 =347 -106   +23 Elo +/- 18   3fold=327 (55%)   3144s      mean=0.533 LLR=+2.02 (game LLR=+1.83) [CONTINUE]
 600 games  +146 =348 -106   +23 Elo +/- 18   3fold=328 (55%)   3145s      mean=0.533 LLR=+2.02 (game LLR=+1.83) [CONTINUE]
 601 games  +146 =349 -106   +23 Elo +/- 18   3fold=329 (55%)   3147s      mean=0.533 LLR=+2.02 (game LLR=+1.84) [CONTINUE]
 602 games  +147 =349 -106   +24 Elo +/- 18   3fold=329 (55%)   3161s      mean=0.534 LLR=+2.02 (game LLR=+1.89) [CONTINUE]
 603 games  +147 =349 -107   +23 Elo +/- 18   3fold=329 (55%)   3168s      mean=0.533 LLR=+2.09 (game LLR=+1.83) [CONTINUE]
 604 games  +147 =349 -108   +22 Elo +/- 18   3fold=329 (54%)   3176s      mean=0.532 LLR=+2.09 (game LLR=+1.76) [CONTINUE]
 605 games  +147 =350 -108   +22 Elo +/- 18   3fold=330 (55%)   3178s      mean=0.532 LLR=+2.02 (game LLR=+1.77) [CONTINUE]
 606 games  +147 =351 -108   +22 Elo +/- 18   3fold=331 (55%)   3178s      mean=0.532 LLR=+2.02 (game LLR=+1.77) [CONTINUE]
 607 games  +147 =352 -108   +22 Elo +/- 18   3fold=332 (55%)   3185s      mean=0.532 LLR=+2.03 (game LLR=+1.77) [CONTINUE]
 608 games  +148 =352 -108   +23 Elo +/- 18   3fold=332 (55%)   3189s      mean=0.533 LLR=+2.09 (game LLR=+1.82) [CONTINUE]
 609 games  +148 =353 -108   +23 Elo +/- 18   3fold=333 (55%)   3197s      mean=0.533 LLR=+2.09 (game LLR=+1.83) [CONTINUE]
 610 games  +148 =354 -108   +23 Elo +/- 18   3fold=334 (55%)   3201s      mean=0.533 LLR=+2.02 (game LLR=+1.83) [CONTINUE]
 611 games  +148 =354 -109   +22 Elo +/- 18   3fold=334 (55%)   3203s      mean=0.532 LLR=+2.02 (game LLR=+1.77) [CONTINUE]
 612 games  +148 =355 -109   +22 Elo +/- 18   3fold=335 (55%)   3205s      mean=0.532 LLR=+2.02 (game LLR=+1.77) [CONTINUE]
 613 games  +148 =356 -109   +22 Elo +/- 18   3fold=336 (55%)   3213s      mean=0.532 LLR=+2.02 (game LLR=+1.77) [CONTINUE]
 614 games  +148 =357 -109   +22 Elo +/- 18   3fold=337 (55%)   3225s      mean=0.532 LLR=+2.02 (game LLR=+1.77) [CONTINUE]
 615 games  +149 =357 -109   +23 Elo +/- 18   3fold=337 (55%)   3230s      mean=0.533 LLR=+2.08 (game LLR=+1.83) [CONTINUE]
 616 games  +149 =358 -109   +23 Elo +/- 18   3fold=338 (55%)   3231s      mean=0.532 LLR=+2.14 (game LLR=+1.83) [CONTINUE]
 617 games  +149 =359 -109   +23 Elo +/- 18   3fold=339 (55%)   3236s      mean=0.532 LLR=+2.14 (game LLR=+1.83) [CONTINUE]
 618 games  +149 =360 -109   +23 Elo +/- 18   3fold=340 (55%)   3241s      mean=0.532 LLR=+2.07 (game LLR=+1.83) [CONTINUE]
 619 games  +149 =361 -109   +22 Elo +/- 18   3fold=341 (55%)   3249s      mean=0.532 LLR=+2.08 (game LLR=+1.83) [CONTINUE]
 620 games  +149 =362 -109   +22 Elo +/- 18   3fold=342 (55%)   3256s      mean=0.532 LLR=+2.08 (game LLR=+1.84) [CONTINUE]
 621 games  +149 =363 -109   +22 Elo +/- 18   3fold=343 (55%)   3256s      mean=0.532 LLR=+2.09 (game LLR=+1.84) [CONTINUE]
 622 games  +149 =363 -110   +22 Elo +/- 18   3fold=343 (55%)   3259s      mean=0.531 LLR=+2.09 (game LLR=+1.78) [CONTINUE]
 623 games  +149 =364 -110   +22 Elo +/- 18   3fold=344 (55%)   3265s      mean=0.531 LLR=+2.09 (game LLR=+1.78) [CONTINUE]
 624 games  +149 =365 -110   +22 Elo +/- 18   3fold=345 (55%)   3276s      mean=0.531 LLR=+2.09 (game LLR=+1.78) [CONTINUE]
 625 games  +149 =366 -110   +22 Elo +/- 18   3fold=346 (55%)   3277s      mean=0.531 LLR=+2.09 (game LLR=+1.78) [CONTINUE]
 626 games  +149 =367 -110   +22 Elo +/- 18   3fold=347 (55%)   3282s      mean=0.531 LLR=+2.09 (game LLR=+1.79) [CONTINUE]
 627 games  +149 =368 -110   +22 Elo +/- 17   3fold=348 (56%)   3285s      mean=0.531 LLR=+2.09 (game LLR=+1.79) [CONTINUE]
 628 games  +149 =369 -110   +22 Elo +/- 17   3fold=349 (56%)   3287s      mean=0.531 LLR=+2.09 (game LLR=+1.79) [CONTINUE]
 629 games  +149 =370 -110   +22 Elo +/- 17   3fold=350 (56%)   3296s      mean=0.531 LLR=+2.02 (game LLR=+1.79) [CONTINUE]
 630 games  +150 =370 -110   +22 Elo +/- 17   3fold=350 (56%)   3310s      mean=0.532 LLR=+2.03 (game LLR=+1.84) [CONTINUE]
 631 games  +150 =371 -110   +22 Elo +/- 17   3fold=351 (56%)   3311s      mean=0.532 LLR=+2.09 (game LLR=+1.85) [CONTINUE]
 632 games  +150 =372 -110   +22 Elo +/- 17   3fold=352 (56%)   3314s      mean=0.532 LLR=+2.09 (game LLR=+1.85) [CONTINUE]
 633 games  +150 =373 -110   +22 Elo +/- 17   3fold=353 (56%)   3315s      mean=0.532 LLR=+2.10 (game LLR=+1.85) [CONTINUE]
 634 games  +150 =374 -110   +22 Elo +/- 17   3fold=354 (56%)   3315s      mean=0.532 LLR=+2.10 (game LLR=+1.85) [CONTINUE]
 635 games  +150 =375 -110   +22 Elo +/- 17   3fold=355 (56%)   3325s      mean=0.531 LLR=+2.10 (game LLR=+1.86) [CONTINUE]
 636 games  +150 =376 -110   +22 Elo +/- 17   3fold=356 (56%)   3340s      mean=0.531 LLR=+2.10 (game LLR=+1.86) [CONTINUE]
 637 games  +150 =377 -110   +22 Elo +/- 17   3fold=357 (56%)   3341s      mean=0.531 LLR=+2.10 (game LLR=+1.86) [CONTINUE]
 638 games  +150 =377 -111   +21 Elo +/- 17   3fold=357 (56%)   3341s      mean=0.531 LLR=+2.10 (game LLR=+1.80) [CONTINUE]
 639 games  +151 =377 -111   +22 Elo +/- 17   3fold=357 (56%)   3347s      mean=0.531 LLR=+2.10 (game LLR=+1.85) [CONTINUE]
 640 games  +151 =378 -111   +22 Elo +/- 17   3fold=358 (56%)   3348s      mean=0.531 LLR=+2.17 (game LLR=+1.85) [CONTINUE]
 641 games  +151 =379 -111   +22 Elo +/- 17   3fold=359 (56%)   3351s      mean=0.531 LLR=+2.17 (game LLR=+1.86) [CONTINUE]
 642 games  +151 =380 -111   +22 Elo +/- 17   3fold=360 (56%)   3374s      mean=0.531 LLR=+2.17 (game LLR=+1.86) [CONTINUE]
 643 games  +151 =381 -111   +22 Elo +/- 17   3fold=361 (56%)   3376s      mean=0.531 LLR=+2.17 (game LLR=+1.86) [CONTINUE]
 644 games  +151 =382 -111   +22 Elo +/- 17   3fold=362 (56%)   3378s      mean=0.531 LLR=+2.18 (game LLR=+1.86) [CONTINUE]
 645 games  +151 =383 -111   +22 Elo +/- 17   3fold=363 (56%)   3379s      mean=0.531 LLR=+2.18 (game LLR=+1.86) [CONTINUE]
 646 games  +151 =384 -111   +22 Elo +/- 17   3fold=364 (56%)   3382s      mean=0.531 LLR=+2.10 (game LLR=+1.87) [CONTINUE]
 647 games  +151 =385 -111   +22 Elo +/- 17   3fold=364 (56%)   3383s      mean=0.531 LLR=+2.11 (game LLR=+1.87) [CONTINUE]
 648 games  +151 =386 -111   +21 Elo +/- 17   3fold=365 (56%)   3402s      mean=0.531 LLR=+2.11 (game LLR=+1.87) [CONTINUE]
 649 games  +152 =386 -111   +22 Elo +/- 17   3fold=365 (56%)   3407s      mean=0.532 LLR=+2.11 (game LLR=+1.92) [CONTINUE]
 650 games  +152 =387 -111   +22 Elo +/- 17   3fold=366 (56%)   3410s      mean=0.532 LLR=+2.18 (game LLR=+1.93) [CONTINUE]
 651 games  +152 =388 -111   +22 Elo +/- 17   3fold=367 (56%)   3411s      mean=0.531 LLR=+2.18 (game LLR=+1.93) [CONTINUE]
 652 games  +152 =389 -111   +22 Elo +/- 17   3fold=368 (56%)   3411s      mean=0.531 LLR=+2.18 (game LLR=+1.93) [CONTINUE]
 653 games  +152 =390 -111   +22 Elo +/- 17   3fold=368 (56%)   3417s      mean=0.531 LLR=+2.18 (game LLR=+1.93) [CONTINUE]
 654 games  +153 =390 -111   +22 Elo +/- 17   3fold=368 (56%)   3432s      mean=0.532 LLR=+2.18 (game LLR=+1.99) [CONTINUE]
 655 games  +154 =390 -111   +23 Elo +/- 17   3fold=368 (56%)   3433s      mean=0.533 LLR=+2.18 (game LLR=+2.04) [CONTINUE]
 656 games  +154 =390 -112   +22 Elo +/- 17   3fold=368 (56%)   3436s      mean=0.532 LLR=+2.18 (game LLR=+1.98) [CONTINUE]
 657 games  +155 =390 -112   +23 Elo +/- 17   3fold=368 (56%)   3437s      mean=0.533 LLR=+2.11 (game LLR=+2.03) [CONTINUE]
 658 games  +155 =391 -112   +23 Elo +/- 17   3fold=369 (56%)   3438s      mean=0.533 LLR=+2.17 (game LLR=+2.03) [CONTINUE]
 659 games  +155 =392 -112   +23 Elo +/- 17   3fold=370 (56%)   3447s      mean=0.533 LLR=+2.18 (game LLR=+2.03) [CONTINUE]
 660 games  +155 =393 -112   +23 Elo +/- 17   3fold=371 (56%)   3454s      mean=0.533 LLR=+2.18 (game LLR=+2.04) [CONTINUE]
 661 games  +155 =393 -113   +22 Elo +/- 17   3fold=371 (56%)   3464s      mean=0.532 LLR=+2.24 (game LLR=+1.97) [CONTINUE]
 662 games  +155 =393 -114   +22 Elo +/- 17   3fold=371 (56%)   3464s      mean=0.531 LLR=+2.25 (game LLR=+1.91) [CONTINUE]
 663 games  +156 =393 -114   +22 Elo +/- 17   3fold=371 (56%)   3466s      mean=0.532 LLR=+2.25 (game LLR=+1.96) [CONTINUE]
 664 games  +156 =394 -114   +22 Elo +/- 17   3fold=372 (56%)   3469s      mean=0.532 LLR=+2.25 (game LLR=+1.96) [CONTINUE]
 665 games  +156 =395 -114   +22 Elo +/- 17   3fold=373 (56%)   3470s      mean=0.532 LLR=+2.25 (game LLR=+1.97) [CONTINUE]
 666 games  +156 =395 -115   +21 Elo +/- 17   3fold=373 (56%)   3480s      mean=0.531 LLR=+2.25 (game LLR=+1.90) [CONTINUE]
 667 games  +156 =395 -116   +21 Elo +/- 17   3fold=373 (56%)   3491s      mean=0.530 LLR=+2.25 (game LLR=+1.84) [CONTINUE]
 668 games  +156 =395 -117   +20 Elo +/- 17   3fold=373 (56%)   3494s      mean=0.529 LLR=+2.25 (game LLR=+1.78) [CONTINUE]
 669 games  +156 =396 -117   +20 Elo +/- 17   3fold=374 (56%)   3496s      mean=0.529 LLR=+2.26 (game LLR=+1.78) [CONTINUE]
 670 games  +156 =397 -117   +20 Elo +/- 17   3fold=375 (56%)   3499s      mean=0.529 LLR=+2.18 (game LLR=+1.78) [CONTINUE]
 671 games  +156 =398 -117   +20 Elo +/- 17   3fold=376 (56%)   3499s      mean=0.529 LLR=+2.18 (game LLR=+1.78) [CONTINUE]
 672 games  +156 =399 -117   +20 Elo +/- 17   3fold=377 (56%)   3508s      mean=0.529 LLR=+2.19 (game LLR=+1.79) [CONTINUE]
 673 games  +156 =400 -117   +20 Elo +/- 17   3fold=378 (56%)   3522s      mean=0.529 LLR=+2.12 (game LLR=+1.79) [CONTINUE]
 674 games  +157 =400 -117   +21 Elo +/- 17   3fold=378 (56%)   3525s      mean=0.530 LLR=+2.05 (game LLR=+1.84) [CONTINUE]
 675 games  +158 =400 -117   +21 Elo +/- 17   3fold=378 (56%)   3526s      mean=0.530 LLR=+2.11 (game LLR=+1.89) [CONTINUE]
 676 games  +158 =401 -117   +21 Elo +/- 17   3fold=379 (56%)   3527s      mean=0.530 LLR=+2.11 (game LLR=+1.90) [CONTINUE]
 677 games  +158 =401 -118   +21 Elo +/- 17   3fold=379 (56%)   3534s      mean=0.530 LLR=+2.11 (game LLR=+1.83) [CONTINUE]
 678 games  +158 =402 -118   +21 Elo +/- 17   3fold=380 (56%)   3537s      mean=0.529 LLR=+2.11 (game LLR=+1.84) [CONTINUE]
 679 games  +159 =402 -118   +21 Elo +/- 17   3fold=380 (56%)   3549s      mean=0.530 LLR=+2.11 (game LLR=+1.89) [CONTINUE]
 680 games  +159 =403 -118   +21 Elo +/- 17   3fold=381 (56%)   3553s      mean=0.530 LLR=+2.11 (game LLR=+1.89) [CONTINUE]
 681 games  +159 =403 -119   +20 Elo +/- 17   3fold=381 (56%)   3556s      mean=0.529 LLR=+2.11 (game LLR=+1.83) [CONTINUE]
 682 games  +159 =403 -120   +20 Elo +/- 17   3fold=381 (56%)   3557s      mean=0.529 LLR=+2.12 (game LLR=+1.77) [CONTINUE]
 683 games  +159 =404 -120   +20 Elo +/- 17   3fold=382 (56%)   3570s      mean=0.529 LLR=+2.12 (game LLR=+1.77) [CONTINUE]
 684 games  +159 =404 -121   +19 Elo +/- 17   3fold=382 (56%)   3571s      mean=0.528 LLR=+2.05 (game LLR=+1.71) [CONTINUE]
 685 games  +159 =404 -122   +19 Elo +/- 17   3fold=382 (56%)   3577s      mean=0.527 LLR=+1.97 (game LLR=+1.65) [CONTINUE]
 686 games  +159 =405 -122   +19 Elo +/- 17   3fold=383 (56%)   3583s      mean=0.527 LLR=+1.98 (game LLR=+1.65) [CONTINUE]
 687 games  +159 =406 -122   +19 Elo +/- 17   3fold=384 (56%)   3586s      mean=0.527 LLR=+1.98 (game LLR=+1.65) [CONTINUE]
 688 games  +159 =406 -123   +18 Elo +/- 17   3fold=384 (56%)   3586s      mean=0.526 LLR=+1.98 (game LLR=+1.59) [CONTINUE]
 689 games  +159 =406 -124   +18 Elo +/- 17   3fold=384 (56%)   3598s      mean=0.525 LLR=+1.82 (game LLR=+1.53) [CONTINUE]
 690 games  +159 =406 -125   +17 Elo +/- 17   3fold=384 (56%)   3599s      mean=0.525 LLR=+1.82 (game LLR=+1.47) [CONTINUE]
 691 games  +159 =407 -125   +17 Elo +/- 17   3fold=385 (56%)   3610s      mean=0.525 LLR=+1.82 (game LLR=+1.47) [CONTINUE]
 692 games  +160 =407 -125   +18 Elo +/- 17   3fold=385 (56%)   3611s      mean=0.525 LLR=+1.82 (game LLR=+1.52) [CONTINUE]
 693 games  +160 =408 -125   +18 Elo +/- 17   3fold=386 (56%)   3621s      mean=0.525 LLR=+1.88 (game LLR=+1.52) [CONTINUE]
 694 games  +160 =409 -125   +18 Elo +/- 17   3fold=387 (56%)   3622s      mean=0.525 LLR=+1.88 (game LLR=+1.52) [CONTINUE]
 695 games  +160 =410 -125   +18 Elo +/- 17   3fold=388 (56%)   3627s      mean=0.525 LLR=+1.88 (game LLR=+1.53) [CONTINUE]
 696 games  +160 =411 -125   +17 Elo +/- 17   3fold=389 (56%)   3629s      mean=0.525 LLR=+1.81 (game LLR=+1.53) [CONTINUE]
 697 games  +161 =411 -125   +18 Elo +/- 17   3fold=389 (56%)   3641s      mean=0.526 LLR=+1.74 (game LLR=+1.58) [CONTINUE]
 698 games  +161 =412 -125   +18 Elo +/- 17   3fold=390 (56%)   3641s      mean=0.526 LLR=+1.74 (game LLR=+1.58) [CONTINUE]
 699 games  +161 =413 -125   +18 Elo +/- 16   3fold=391 (56%)   3644s      mean=0.526 LLR=+1.75 (game LLR=+1.58) [CONTINUE]
 700 games  +161 =414 -125   +18 Elo +/- 16   3fold=392 (56%)   3655s      mean=0.526 LLR=+1.75 (game LLR=+1.58) [CONTINUE]
 701 games  +161 =415 -125   +18 Elo +/- 16   3fold=393 (56%)   3658s      mean=0.526 LLR=+1.75 (game LLR=+1.59) [CONTINUE]
 702 games  +161 =416 -125   +18 Elo +/- 16   3fold=394 (56%)   3664s      mean=0.526 LLR=+1.75 (game LLR=+1.59) [CONTINUE]
 703 games  +161 =417 -125   +18 Elo +/- 16   3fold=395 (56%)   3669s      mean=0.526 LLR=+1.75 (game LLR=+1.59) [CONTINUE]
 704 games  +161 =418 -125   +18 Elo +/- 16   3fold=396 (56%)   3673s      mean=0.526 LLR=+1.81 (game LLR=+1.59) [CONTINUE]
 705 games  +161 =419 -125   +18 Elo +/- 16   3fold=397 (56%)   3678s      mean=0.526 LLR=+1.81 (game LLR=+1.59) [CONTINUE]
 706 games  +161 =420 -125   +18 Elo +/- 16   3fold=398 (56%)   3685s      mean=0.525 LLR=+1.82 (game LLR=+1.59) [CONTINUE]
 707 games  +161 =421 -125   +18 Elo +/- 16   3fold=398 (56%)   3693s      mean=0.525 LLR=+1.82 (game LLR=+1.60) [CONTINUE]
 708 games  +161 =421 -126   +17 Elo +/- 16   3fold=398 (56%)   3694s      mean=0.525 LLR=+1.82 (game LLR=+1.53) [CONTINUE]
 709 games  +161 =422 -126   +17 Elo +/- 16   3fold=399 (56%)   3695s      mean=0.525 LLR=+1.75 (game LLR=+1.54) [CONTINUE]
 710 games  +162 =422 -126   +18 Elo +/- 16   3fold=399 (56%)   3706s      mean=0.525 LLR=+1.75 (game LLR=+1.59) [CONTINUE]
 711 games  +162 =423 -126   +18 Elo +/- 16   3fold=400 (56%)   3712s      mean=0.525 LLR=+1.81 (game LLR=+1.59) [CONTINUE]
 712 games  +162 =424 -126   +18 Elo +/- 16   3fold=401 (56%)   3714s      mean=0.525 LLR=+1.81 (game LLR=+1.59) [CONTINUE]
 713 games  +162 =425 -126   +18 Elo +/- 16   3fold=402 (56%)   3716s      mean=0.525 LLR=+1.81 (game LLR=+1.59) [CONTINUE]
 714 games  +162 =426 -126   +18 Elo +/- 16   3fold=403 (56%)   3718s      mean=0.525 LLR=+1.82 (game LLR=+1.60) [CONTINUE]
 715 games  +162 =427 -126   +18 Elo +/- 16   3fold=404 (57%)   3733s      mean=0.525 LLR=+1.82 (game LLR=+1.60) [CONTINUE]
 716 games  +162 =428 -126   +17 Elo +/- 16   3fold=405 (57%)   3733s      mean=0.525 LLR=+1.82 (game LLR=+1.60) [CONTINUE]
 717 games  +162 =428 -127   +17 Elo +/- 16   3fold=405 (56%)   3737s      mean=0.524 LLR=+1.82 (game LLR=+1.54) [CONTINUE]
 718 games  +162 =429 -127   +17 Elo +/- 16   3fold=406 (57%)   3741s      mean=0.524 LLR=+1.82 (game LLR=+1.54) [CONTINUE]
 719 games  +163 =429 -127   +17 Elo +/- 16   3fold=406 (56%)   3747s      mean=0.525 LLR=+1.83 (game LLR=+1.59) [CONTINUE]
 720 games  +163 =430 -127   +17 Elo +/- 16   3fold=407 (57%)   3748s      mean=0.525 LLR=+1.89 (game LLR=+1.59) [CONTINUE]
 721 games  +164 =430 -127   +18 Elo +/- 16   3fold=407 (56%)   3763s      mean=0.526 LLR=+1.89 (game LLR=+1.65) [CONTINUE]
 722 games  +164 =431 -127   +18 Elo +/- 16   3fold=408 (57%)   3763s      mean=0.526 LLR=+1.89 (game LLR=+1.65) [CONTINUE]
 723 games  +164 =432 -127   +18 Elo +/- 16   3fold=409 (57%)   3764s      mean=0.526 LLR=+1.89 (game LLR=+1.65) [CONTINUE]
 724 games  +165 =432 -127   +18 Elo +/- 16   3fold=409 (56%)   3774s      mean=0.526 LLR=+1.82 (game LLR=+1.71) [CONTINUE]
 725 games  +165 =433 -127   +18 Elo +/- 16   3fold=410 (57%)   3777s      mean=0.526 LLR=+1.82 (game LLR=+1.71) [CONTINUE]
 726 games  +166 =433 -127   +19 Elo +/- 16   3fold=410 (56%)   3781s      mean=0.527 LLR=+1.82 (game LLR=+1.76) [CONTINUE]
 727 games  +166 =434 -127   +19 Elo +/- 16   3fold=411 (57%)   3785s      mean=0.527 LLR=+1.88 (game LLR=+1.76) [CONTINUE]
 728 games  +166 =435 -127   +19 Elo +/- 16   3fold=412 (57%)   3793s      mean=0.527 LLR=+1.95 (game LLR=+1.76) [CONTINUE]
 729 games  +166 =435 -128   +18 Elo +/- 16   3fold=412 (57%)   3796s      mean=0.526 LLR=+1.95 (game LLR=+1.70) [CONTINUE]
 730 games  +166 =436 -128   +18 Elo +/- 16   3fold=413 (57%)   3804s      mean=0.526 LLR=+1.95 (game LLR=+1.70) [CONTINUE]
 731 games  +166 =437 -128   +18 Elo +/- 16   3fold=414 (57%)   3805s      mean=0.526 LLR=+2.01 (game LLR=+1.70) [CONTINUE]
 732 games  +166 =437 -129   +18 Elo +/- 16   3fold=414 (57%)   3815s      mean=0.525 LLR=+2.02 (game LLR=+1.64) [CONTINUE]
 733 games  +166 =437 -130   +17 Elo +/- 16   3fold=414 (56%)   3816s      mean=0.525 LLR=+2.02 (game LLR=+1.58) [CONTINUE]
 734 games  +166 =438 -130   +17 Elo +/- 16   3fold=415 (57%)   3823s      mean=0.525 LLR=+2.02 (game LLR=+1.58) [CONTINUE]
 735 games  +166 =439 -130   +17 Elo +/- 16   3fold=415 (56%)   3830s      mean=0.524 LLR=+1.95 (game LLR=+1.58) [CONTINUE]
 736 games  +166 =440 -130   +17 Elo +/- 16   3fold=416 (57%)   3837s      mean=0.524 LLR=+1.95 (game LLR=+1.59) [CONTINUE]
 737 games  +166 =441 -130   +17 Elo +/- 16   3fold=416 (56%)   3841s      mean=0.524 LLR=+1.88 (game LLR=+1.59) [CONTINUE]
 738 games  +166 =441 -131   +16 Elo +/- 16   3fold=416 (56%)   3841s      mean=0.524 LLR=+1.88 (game LLR=+1.52) [CONTINUE]
 739 games  +166 =442 -131   +16 Elo +/- 16   3fold=417 (56%)   3843s      mean=0.524 LLR=+1.88 (game LLR=+1.53) [CONTINUE]
 740 games  +166 =443 -131   +16 Elo +/- 16   3fold=418 (56%)   3853s      mean=0.524 LLR=+1.80 (game LLR=+1.53) [CONTINUE]
 741 games  +166 =444 -131   +16 Elo +/- 16   3fold=419 (57%)   3859s      mean=0.524 LLR=+1.80 (game LLR=+1.53) [CONTINUE]
 742 games  +166 =445 -131   +16 Elo +/- 16   3fold=420 (57%)   3868s      mean=0.524 LLR=+1.81 (game LLR=+1.53) [CONTINUE]
 743 games  +166 =445 -132   +16 Elo +/- 16   3fold=420 (57%)   3869s      mean=0.523 LLR=+1.81 (game LLR=+1.47) [CONTINUE]
 744 games  +167 =445 -132   +16 Elo +/- 16   3fold=420 (56%)   3870s      mean=0.524 LLR=+1.65 (game LLR=+1.52) [CONTINUE]
 745 games  +167 =446 -132   +16 Elo +/- 16   3fold=421 (57%)   3871s      mean=0.523 LLR=+1.65 (game LLR=+1.52) [CONTINUE]
 746 games  +167 =447 -132   +16 Elo +/- 16   3fold=422 (57%)   3884s      mean=0.523 LLR=+1.65 (game LLR=+1.53) [CONTINUE]
 747 games  +168 =447 -132   +17 Elo +/- 16   3fold=422 (56%)   3887s      mean=0.524 LLR=+1.66 (game LLR=+1.58) [CONTINUE]
 748 games  +168 =448 -132   +17 Elo +/- 16   3fold=423 (57%)   3895s      mean=0.524 LLR=+1.66 (game LLR=+1.58) [CONTINUE]
 749 games  +169 =448 -132   +17 Elo +/- 16   3fold=423 (56%)   3900s      mean=0.525 LLR=+1.66 (game LLR=+1.64) [CONTINUE]
 750 games  +169 =449 -132   +17 Elo +/- 16   3fold=424 (57%)   3901s      mean=0.525 LLR=+1.77 (game LLR=+1.64) [CONTINUE]
 751 games  +169 =450 -132   +17 Elo +/- 16   3fold=425 (57%)   3903s      mean=0.525 LLR=+1.77 (game LLR=+1.64) [CONTINUE]
 752 games  +169 =451 -132   +17 Elo +/- 16   3fold=425 (57%)   3921s      mean=0.525 LLR=+1.77 (game LLR=+1.64) [CONTINUE]
 753 games  +169 =452 -132   +17 Elo +/- 16   3fold=426 (57%)   3924s      mean=0.525 LLR=+1.77 (game LLR=+1.64) [CONTINUE]
 754 games  +170 =452 -132   +18 Elo +/- 16   3fold=426 (56%)   3925s      mean=0.525 LLR=+1.83 (game LLR=+1.70) [CONTINUE]
 755 games  +170 =453 -132   +18 Elo +/- 16   3fold=427 (57%)   3930s      mean=0.525 LLR=+1.83 (game LLR=+1.70) [CONTINUE]
 756 games  +170 =454 -132   +17 Elo +/- 16   3fold=428 (57%)   3938s      mean=0.525 LLR=+1.83 (game LLR=+1.70) [CONTINUE]
 757 games  +170 =455 -132   +17 Elo +/- 16   3fold=428 (57%)   3942s      mean=0.525 LLR=+1.84 (game LLR=+1.70) [CONTINUE]
 758 games  +171 =455 -132   +18 Elo +/- 16   3fold=428 (56%)   3946s      mean=0.526 LLR=+1.84 (game LLR=+1.76) [CONTINUE]
 759 games  +171 =455 -133   +17 Elo +/- 16   3fold=428 (56%)   3952s      mean=0.525 LLR=+1.90 (game LLR=+1.69) [CONTINUE]
 760 games  +172 =455 -133   +18 Elo +/- 16   3fold=428 (56%)   3955s      mean=0.526 LLR=+1.83 (game LLR=+1.75) [CONTINUE]
 761 games  +173 =455 -133   +18 Elo +/- 16   3fold=428 (56%)   3958s      mean=0.526 LLR=+1.83 (game LLR=+1.80) [CONTINUE]
 762 games  +173 =456 -133   +18 Elo +/- 16   3fold=429 (56%)   3962s      mean=0.526 LLR=+1.94 (game LLR=+1.80) [CONTINUE]
 763 games  +174 =456 -133   +19 Elo +/- 16   3fold=429 (56%)   3968s      mean=0.527 LLR=+1.94 (game LLR=+1.86) [CONTINUE]
 764 games  +175 =456 -133   +19 Elo +/- 16   3fold=429 (56%)   3976s      mean=0.527 LLR=+1.94 (game LLR=+1.91) [CONTINUE]
 765 games  +175 =456 -134   +19 Elo +/- 16   3fold=429 (56%)   3980s      mean=0.527 LLR=+1.94 (game LLR=+1.85) [CONTINUE]
 766 games  +176 =456 -134   +19 Elo +/- 16   3fold=429 (56%)   3982s      mean=0.527 LLR=+1.94 (game LLR=+1.90) [CONTINUE]
 767 games  +176 =457 -134   +19 Elo +/- 16   3fold=430 (56%)   3986s      mean=0.527 LLR=+2.04 (game LLR=+1.90) [CONTINUE]
 768 games  +176 =458 -134   +19 Elo +/- 16   3fold=431 (56%)   3989s      mean=0.527 LLR=+2.04 (game LLR=+1.91) [CONTINUE]
 769 games  +176 =459 -134   +19 Elo +/- 16   3fold=432 (56%)   3992s      mean=0.527 LLR=+2.05 (game LLR=+1.91) [CONTINUE]
 770 games  +176 =460 -134   +19 Elo +/- 16   3fold=433 (56%)   3997s      mean=0.527 LLR=+2.11 (game LLR=+1.91) [CONTINUE]
 771 games  +176 =461 -134   +19 Elo +/- 16   3fold=434 (56%)   4015s      mean=0.527 LLR=+2.17 (game LLR=+1.91) [CONTINUE]
 772 games  +177 =461 -134   +19 Elo +/- 16   3fold=434 (56%)   4015s      mean=0.528 LLR=+2.17 (game LLR=+1.96) [CONTINUE]
 773 games  +177 =462 -134   +19 Elo +/- 16   3fold=434 (56%)   4020s      mean=0.528 LLR=+2.23 (game LLR=+1.97) [CONTINUE]
 774 games  +177 =462 -135   +19 Elo +/- 16   3fold=434 (56%)   4022s      mean=0.527 LLR=+2.16 (game LLR=+1.90) [CONTINUE]
 775 games  +177 =463 -135   +19 Elo +/- 16   3fold=435 (56%)   4028s      mean=0.527 LLR=+2.16 (game LLR=+1.91) [CONTINUE]
 776 games  +177 =464 -135   +19 Elo +/- 15   3fold=436 (56%)   4038s      mean=0.527 LLR=+2.16 (game LLR=+1.91) [CONTINUE]
 777 games  +177 =465 -135   +19 Elo +/- 15   3fold=437 (56%)   4041s      mean=0.527 LLR=+2.16 (game LLR=+1.91) [CONTINUE]
 778 games  +178 =465 -135   +19 Elo +/- 15   3fold=437 (56%)   4047s      mean=0.528 LLR=+2.17 (game LLR=+1.96) [CONTINUE]
 779 games  +178 =466 -135   +19 Elo +/- 15   3fold=438 (56%)   4048s      mean=0.528 LLR=+2.17 (game LLR=+1.96) [CONTINUE]
 780 games  +178 =467 -135   +19 Elo +/- 15   3fold=439 (56%)   4050s      mean=0.528 LLR=+2.17 (game LLR=+1.97) [CONTINUE]
 781 games  +178 =468 -135   +19 Elo +/- 15   3fold=440 (56%)   4054s      mean=0.528 LLR=+2.17 (game LLR=+1.97) [CONTINUE]
 782 games  +178 =469 -135   +19 Elo +/- 15   3fold=441 (56%)   4067s      mean=0.527 LLR=+2.10 (game LLR=+1.97) [CONTINUE]
 783 games  +178 =470 -135   +19 Elo +/- 15   3fold=441 (56%)   4074s      mean=0.527 LLR=+2.11 (game LLR=+1.97) [CONTINUE]
 784 games  +178 =471 -135   +19 Elo +/- 15   3fold=442 (56%)   4075s      mean=0.527 LLR=+2.11 (game LLR=+1.97) [CONTINUE]
 785 games  +178 =472 -135   +19 Elo +/- 15   3fold=443 (56%)   4078s      mean=0.527 LLR=+2.11 (game LLR=+1.98) [CONTINUE]
 786 games  +179 =472 -135   +19 Elo +/- 15   3fold=443 (56%)   4079s      mean=0.528 LLR=+2.11 (game LLR=+2.03) [CONTINUE]
 787 games  +179 =472 -136   +19 Elo +/- 15   3fold=443 (56%)   4094s      mean=0.527 LLR=+2.21 (game LLR=+1.97) [CONTINUE]
 788 games  +180 =472 -136   +19 Elo +/- 15   3fold=443 (56%)   4101s      mean=0.528 LLR=+2.21 (game LLR=+2.02) [CONTINUE]
 789 games  +180 =473 -136   +19 Elo +/- 15   3fold=444 (56%)   4107s      mean=0.528 LLR=+2.28 (game LLR=+2.02) [CONTINUE]
 790 games  +180 =474 -136   +19 Elo +/- 15   3fold=445 (56%)   4108s      mean=0.528 LLR=+2.28 (game LLR=+2.02) [CONTINUE]
 791 games  +180 =474 -137   +19 Elo +/- 15   3fold=445 (56%)   4116s      mean=0.527 LLR=+2.28 (game LLR=+1.96) [CONTINUE]
 792 games  +181 =474 -137   +19 Elo +/- 15   3fold=445 (56%)   4116s      mean=0.528 LLR=+2.28 (game LLR=+2.02) [CONTINUE]
 793 games  +181 =474 -138   +19 Elo +/- 15   3fold=445 (56%)   4125s      mean=0.527 LLR=+2.34 (game LLR=+1.95) [CONTINUE]
 794 games  +182 =474 -138   +19 Elo +/- 15   3fold=445 (56%)   4131s      mean=0.528 LLR=+2.18 (game LLR=+2.01) [CONTINUE]
 795 games  +182 =475 -138   +19 Elo +/- 15   3fold=446 (56%)   4137s      mean=0.528 LLR=+2.18 (game LLR=+2.01) [CONTINUE]
 796 games  +183 =475 -138   +20 Elo +/- 15   3fold=446 (56%)   4141s      mean=0.528 LLR=+2.18 (game LLR=+2.06) [CONTINUE]
 797 games  +183 =476 -138   +20 Elo +/- 15   3fold=447 (56%)   4150s      mean=0.528 LLR=+2.25 (game LLR=+2.06) [CONTINUE]
 798 games  +183 =477 -138   +20 Elo +/- 15   3fold=448 (56%)   4150s      mean=0.528 LLR=+2.18 (game LLR=+2.07) [CONTINUE]
 799 games  +183 =477 -139   +19 Elo +/- 15   3fold=448 (56%)   4154s      mean=0.528 LLR=+2.18 (game LLR=+2.00) [CONTINUE]
 800 games  +183 =477 -140   +19 Elo +/- 15   3fold=448 (56%)   4167s      mean=0.527 LLR=+2.18 (game LLR=+1.94) [CONTINUE]
 801 games  +183 =478 -140   +19 Elo +/- 15   3fold=449 (56%)   4170s      mean=0.527 LLR=+2.18 (game LLR=+1.94) [CONTINUE]
 802 games  +184 =478 -140   +19 Elo +/- 15   3fold=449 (56%)   4170s      mean=0.527 LLR=+2.18 (game LLR=+2.00) [CONTINUE]
 803 games  +184 =479 -140   +19 Elo +/- 15   3fold=450 (56%)   4179s      mean=0.527 LLR=+2.18 (game LLR=+2.00) [CONTINUE]
 804 games  +184 =480 -140   +19 Elo +/- 15   3fold=451 (56%)   4182s      mean=0.527 LLR=+2.18 (game LLR=+2.00) [CONTINUE]
 805 games  +184 =481 -140   +19 Elo +/- 15   3fold=452 (56%)   4183s      mean=0.527 LLR=+2.19 (game LLR=+2.00) [CONTINUE]
 806 games  +184 =482 -140   +19 Elo +/- 15   3fold=453 (56%)   4199s      mean=0.527 LLR=+2.12 (game LLR=+2.00) [CONTINUE]
 807 games  +185 =482 -140   +19 Elo +/- 15   3fold=453 (56%)   4202s      mean=0.528 LLR=+2.12 (game LLR=+2.06) [CONTINUE]
 808 games  +186 =482 -140   +20 Elo +/- 15   3fold=453 (56%)   4208s      mean=0.528 LLR=+2.22 (game LLR=+2.11) [CONTINUE]
 809 games  +186 =483 -140   +20 Elo +/- 15   3fold=454 (56%)   4211s      mean=0.528 LLR=+2.28 (game LLR=+2.11) [CONTINUE]
 810 games  +186 =484 -140   +20 Elo +/- 15   3fold=455 (56%)   4211s      mean=0.528 LLR=+2.28 (game LLR=+2.11) [CONTINUE]
 811 games  +186 =485 -140   +20 Elo +/- 15   3fold=456 (56%)   4221s      mean=0.528 LLR=+2.28 (game LLR=+2.12) [CONTINUE]
 812 games  +186 =486 -140   +20 Elo +/- 15   3fold=457 (56%)   4226s      mean=0.528 LLR=+2.28 (game LLR=+2.12) [CONTINUE]
 813 games  +186 =487 -140   +20 Elo +/- 15   3fold=458 (56%)   4234s      mean=0.528 LLR=+2.29 (game LLR=+2.12) [CONTINUE]
 814 games  +186 =488 -140   +20 Elo +/- 15   3fold=459 (56%)   4234s      mean=0.528 LLR=+2.29 (game LLR=+2.12) [CONTINUE]
 815 games  +186 =489 -140   +20 Elo +/- 15   3fold=460 (56%)   4243s      mean=0.528 LLR=+2.29 (game LLR=+2.12) [CONTINUE]
 816 games  +186 =489 -141   +19 Elo +/- 15   3fold=460 (56%)   4244s      mean=0.528 LLR=+2.29 (game LLR=+2.06) [CONTINUE]
 817 games  +186 =490 -141   +19 Elo +/- 15   3fold=461 (56%)   4250s      mean=0.528 LLR=+2.22 (game LLR=+2.06) [CONTINUE]
 818 games  +186 =491 -141   +19 Elo +/- 15   3fold=462 (56%)   4257s      mean=0.528 LLR=+2.23 (game LLR=+2.06) [CONTINUE]
 819 games  +187 =491 -141   +20 Elo +/- 15   3fold=462 (56%)   4262s      mean=0.528 LLR=+2.23 (game LLR=+2.12) [CONTINUE]
 820 games  +187 =492 -141   +20 Elo +/- 15   3fold=463 (56%)   4270s      mean=0.528 LLR=+2.29 (game LLR=+2.12) [CONTINUE]
 821 games  +188 =492 -141   +20 Elo +/- 15   3fold=463 (56%)   4278s      mean=0.529 LLR=+2.29 (game LLR=+2.17) [CONTINUE]
 822 games  +188 =493 -141   +20 Elo +/- 15   3fold=463 (56%)   4279s      mean=0.529 LLR=+2.29 (game LLR=+2.18) [CONTINUE]
 823 games  +188 =494 -141   +20 Elo +/- 15   3fold=464 (56%)   4285s      mean=0.529 LLR=+2.29 (game LLR=+2.18) [CONTINUE]
 824 games  +188 =495 -141   +20 Elo +/- 15   3fold=465 (56%)   4286s      mean=0.529 LLR=+2.30 (game LLR=+2.18) [CONTINUE]
 825 games  +188 =496 -141   +20 Elo +/- 15   3fold=466 (56%)   4288s      mean=0.528 LLR=+2.30 (game LLR=+2.18) [CONTINUE]
 826 games  +188 =497 -141   +20 Elo +/- 15   3fold=467 (57%)   4298s      mean=0.528 LLR=+2.30 (game LLR=+2.18) [CONTINUE]
 827 games  +188 =498 -141   +20 Elo +/- 15   3fold=468 (57%)   4307s      mean=0.528 LLR=+2.30 (game LLR=+2.19) [CONTINUE]
 828 games  +188 =499 -141   +20 Elo +/- 15   3fold=469 (57%)   4308s      mean=0.528 LLR=+2.30 (game LLR=+2.19) [CONTINUE]
 829 games  +188 =500 -141   +20 Elo +/- 15   3fold=470 (57%)   4310s      mean=0.528 LLR=+2.30 (game LLR=+2.19) [CONTINUE]
 830 games  +189 =500 -141   +20 Elo +/- 15   3fold=470 (57%)   4313s      mean=0.529 LLR=+2.36 (game LLR=+2.25) [CONTINUE]
 831 games  +189 =501 -141   +20 Elo +/- 15   3fold=471 (57%)   4323s      mean=0.529 LLR=+2.36 (game LLR=+2.25) [CONTINUE]
 832 games  +189 =502 -141   +20 Elo +/- 15   3fold=472 (57%)   4327s      mean=0.529 LLR=+2.37 (game LLR=+2.25) [CONTINUE]
 833 games  +189 =503 -141   +20 Elo +/- 15   3fold=473 (57%)   4335s      mean=0.529 LLR=+2.37 (game LLR=+2.25) [CONTINUE]
 834 games  +190 =503 -141   +20 Elo +/- 15   3fold=473 (57%)   4336s      mean=0.529 LLR=+2.37 (game LLR=+2.31) [CONTINUE]
 835 games  +190 =504 -141   +20 Elo +/- 15   3fold=474 (57%)   4338s      mean=0.529 LLR=+2.37 (game LLR=+2.31) [CONTINUE]
 836 games  +190 =505 -141   +20 Elo +/- 15   3fold=475 (57%)   4344s      mean=0.529 LLR=+2.43 (game LLR=+2.31) [CONTINUE]
 837 games  +190 =506 -141   +20 Elo +/- 15   3fold=476 (57%)   4348s      mean=0.529 LLR=+2.44 (game LLR=+2.31) [CONTINUE]
 838 games  +190 =506 -142   +20 Elo +/- 15   3fold=476 (57%)   4358s      mean=0.529 LLR=+2.44 (game LLR=+2.25) [CONTINUE]
 839 games  +191 =506 -142   +20 Elo +/- 15   3fold=476 (57%)   4360s      mean=0.529 LLR=+2.44 (game LLR=+2.30) [CONTINUE]
 840 games  +191 =507 -142   +20 Elo +/- 15   3fold=477 (57%)   4367s      mean=0.529 LLR=+2.50 (game LLR=+2.30) [CONTINUE]
 841 games  +191 =508 -142   +20 Elo +/- 15   3fold=478 (57%)   4368s      mean=0.529 LLR=+2.56 (game LLR=+2.31) [CONTINUE]
 842 games  +191 =509 -142   +20 Elo +/- 15   3fold=479 (57%)   4372s      mean=0.529 LLR=+2.56 (game LLR=+2.31) [CONTINUE]
 843 games  +191 =510 -142   +20 Elo +/- 15   3fold=480 (57%)   4376s      mean=0.529 LLR=+2.56 (game LLR=+2.31) [CONTINUE]
 844 games  +191 =511 -142   +20 Elo +/- 15   3fold=481 (57%)   4384s      mean=0.529 LLR=+2.57 (game LLR=+2.31) [CONTINUE]
 845 games  +192 =511 -142   +21 Elo +/- 15   3fold=481 (57%)   4392s      mean=0.530 LLR=+2.50 (game LLR=+2.37) [CONTINUE]
 846 games  +193 =511 -142   +21 Elo +/- 15   3fold=481 (57%)   4394s      mean=0.530 LLR=+2.50 (game LLR=+2.42) [CONTINUE]
 847 games  +193 =511 -143   +21 Elo +/- 15   3fold=481 (57%)   4397s      mean=0.530 LLR=+2.50 (game LLR=+2.36) [CONTINUE]
 848 games  +193 =512 -143   +21 Elo +/- 15   3fold=482 (57%)   4398s      mean=0.529 LLR=+2.43 (game LLR=+2.36) [CONTINUE]
 849 games  +193 =513 -143   +20 Elo +/- 15   3fold=483 (57%)   4403s      mean=0.529 LLR=+2.43 (game LLR=+2.36) [CONTINUE]
 850 games  +193 =514 -143   +20 Elo +/- 15   3fold=484 (57%)   4419s      mean=0.529 LLR=+2.43 (game LLR=+2.36) [CONTINUE]
 851 games  +193 =515 -143   +20 Elo +/- 15   3fold=485 (57%)   4419s      mean=0.529 LLR=+2.43 (game LLR=+2.36) [CONTINUE]
 852 games  +193 =516 -143   +20 Elo +/- 15   3fold=486 (57%)   4420s      mean=0.529 LLR=+2.49 (game LLR=+2.37) [CONTINUE]
 853 games  +193 =517 -143   +20 Elo +/- 15   3fold=486 (57%)   4430s      mean=0.529 LLR=+2.55 (game LLR=+2.37) [CONTINUE]
 854 games  +193 =518 -143   +20 Elo +/- 15   3fold=487 (57%)   4433s      mean=0.529 LLR=+2.56 (game LLR=+2.37) [CONTINUE]
 855 games  +193 =518 -144   +20 Elo +/- 15   3fold=487 (57%)   4436s      mean=0.529 LLR=+2.56 (game LLR=+2.31) [CONTINUE]
 856 games  +193 =519 -144   +20 Elo +/- 15   3fold=488 (57%)   4451s      mean=0.529 LLR=+2.56 (game LLR=+2.31) [CONTINUE]
 857 games  +193 =520 -144   +20 Elo +/- 15   3fold=489 (57%)   4452s      mean=0.529 LLR=+2.56 (game LLR=+2.31) [CONTINUE]
 858 games  +193 =521 -144   +20 Elo +/- 15   3fold=490 (57%)   4453s      mean=0.529 LLR=+2.56 (game LLR=+2.31) [CONTINUE]
 859 games  +194 =521 -144   +20 Elo +/- 15   3fold=490 (57%)   4455s      mean=0.529 LLR=+2.56 (game LLR=+2.37) [CONTINUE]
 860 games  +194 =522 -144   +20 Elo +/- 15   3fold=490 (57%)   4461s      mean=0.529 LLR=+2.62 (game LLR=+2.37) [CONTINUE]
 861 games  +194 =523 -144   +20 Elo +/- 15   3fold=490 (57%)   4467s      mean=0.529 LLR=+2.62 (game LLR=+2.37) [CONTINUE]
 862 games  +195 =523 -144   +21 Elo +/- 15   3fold=490 (57%)   4479s      mean=0.530 LLR=+2.56 (game LLR=+2.43) [CONTINUE]
 863 games  +195 =524 -144   +21 Elo +/- 15   3fold=491 (57%)   4480s      mean=0.530 LLR=+2.62 (game LLR=+2.43) [CONTINUE]
 864 games  +195 =525 -144   +21 Elo +/- 15   3fold=492 (57%)   4482s      mean=0.530 LLR=+2.62 (game LLR=+2.43) [CONTINUE]
 865 games  +196 =525 -144   +21 Elo +/- 15   3fold=492 (57%)   4483s      mean=0.530 LLR=+2.63 (game LLR=+2.49) [CONTINUE]
 866 games  +196 =526 -144   +21 Elo +/- 14   3fold=493 (57%)   4489s      mean=0.530 LLR=+2.63 (game LLR=+2.49) [CONTINUE]
 867 games  +196 =527 -144   +21 Elo +/- 14   3fold=494 (57%)   4492s      mean=0.530 LLR=+2.63 (game LLR=+2.49) [CONTINUE]
 868 games  +196 =528 -144   +21 Elo +/- 14   3fold=495 (57%)   4505s      mean=0.530 LLR=+2.63 (game LLR=+2.49) [CONTINUE]
 869 games  +196 =529 -144   +21 Elo +/- 14   3fold=496 (57%)   4507s      mean=0.530 LLR=+2.63 (game LLR=+2.49) [CONTINUE]
 870 games  +196 =529 -145   +20 Elo +/- 14   3fold=496 (57%)   4512s      mean=0.529 LLR=+2.63 (game LLR=+2.43) [CONTINUE]
 871 games  +196 =530 -145   +20 Elo +/- 14   3fold=497 (57%)   4513s      mean=0.529 LLR=+2.63 (game LLR=+2.43) [CONTINUE]
 872 games  +196 =530 -146   +20 Elo +/- 14   3fold=497 (57%)   4514s      mean=0.529 LLR=+2.69 (game LLR=+2.37) [CONTINUE]
 873 games  +196 =531 -146   +20 Elo +/- 14   3fold=498 (57%)   4522s      mean=0.529 LLR=+2.62 (game LLR=+2.37) [CONTINUE]
 874 games  +196 =532 -146   +20 Elo +/- 14   3fold=499 (57%)   4535s      mean=0.529 LLR=+2.62 (game LLR=+2.37) [CONTINUE]
 875 games  +196 =533 -146   +20 Elo +/- 14   3fold=500 (57%)   4536s      mean=0.529 LLR=+2.63 (game LLR=+2.37) [CONTINUE]
 876 games  +196 =534 -146   +20 Elo +/- 14   3fold=501 (57%)   4542s      mean=0.529 LLR=+2.63 (game LLR=+2.37) [CONTINUE]
 877 games  +196 =535 -146   +20 Elo +/- 14   3fold=502 (57%)   4542s      mean=0.529 LLR=+2.63 (game LLR=+2.38) [CONTINUE]
 878 games  +196 =536 -146   +20 Elo +/- 14   3fold=503 (57%)   4542s      mean=0.528 LLR=+2.63 (game LLR=+2.38) [CONTINUE]
 879 games  +196 =537 -146   +20 Elo +/- 14   3fold=504 (57%)   4548s      mean=0.528 LLR=+2.56 (game LLR=+2.38) [CONTINUE]
 880 games  +196 =538 -146   +20 Elo +/- 14   3fold=505 (57%)   4567s      mean=0.528 LLR=+2.56 (game LLR=+2.38) [CONTINUE]
 881 games  +197 =538 -146   +20 Elo +/- 14   3fold=505 (57%)   4568s      mean=0.529 LLR=+2.56 (game LLR=+2.44) [CONTINUE]
 882 games  +197 =539 -146   +20 Elo +/- 14   3fold=506 (57%)   4569s      mean=0.529 LLR=+2.56 (game LLR=+2.44) [CONTINUE]
 883 games  +197 =540 -146   +20 Elo +/- 14   3fold=507 (57%)   4571s      mean=0.529 LLR=+2.57 (game LLR=+2.44) [CONTINUE]
 884 games  +197 =541 -146   +20 Elo +/- 14   3fold=508 (57%)   4571s      mean=0.529 LLR=+2.57 (game LLR=+2.44) [CONTINUE]
 885 games  +197 =542 -146   +20 Elo +/- 14   3fold=509 (58%)   4576s      mean=0.529 LLR=+2.57 (game LLR=+2.45) [CONTINUE]
 886 games  +198 =542 -146   +20 Elo +/- 14   3fold=509 (57%)   4597s      mean=0.529 LLR=+2.57 (game LLR=+2.50) [CONTINUE]
 887 games  +198 =543 -146   +20 Elo +/- 14   3fold=510 (57%)   4597s      mean=0.529 LLR=+2.68 (game LLR=+2.50) [CONTINUE]
 888 games  +198 =543 -147   +20 Elo +/- 14   3fold=510 (57%)   4599s      mean=0.529 LLR=+2.68 (game LLR=+2.44) [CONTINUE]
 889 games  +198 =544 -147   +20 Elo +/- 14   3fold=511 (57%)   4603s      mean=0.529 LLR=+2.61 (game LLR=+2.44) [CONTINUE]
 890 games  +198 =545 -147   +20 Elo +/- 14   3fold=512 (58%)   4604s      mean=0.529 LLR=+2.61 (game LLR=+2.44) [CONTINUE]
 891 games  +198 =546 -147   +20 Elo +/- 14   3fold=513 (58%)   4614s      mean=0.529 LLR=+2.61 (game LLR=+2.44) [CONTINUE]
 892 games  +198 =547 -147   +20 Elo +/- 14   3fold=514 (58%)   4627s      mean=0.529 LLR=+2.61 (game LLR=+2.45) [CONTINUE]
 893 games  +198 =547 -148   +19 Elo +/- 14   3fold=514 (58%)   4629s      mean=0.528 LLR=+2.61 (game LLR=+2.38) [CONTINUE]
 894 games  +198 =548 -148   +19 Elo +/- 14   3fold=515 (58%)   4631s      mean=0.528 LLR=+2.61 (game LLR=+2.38) [CONTINUE]
 895 games  +198 =549 -148   +19 Elo +/- 14   3fold=516 (58%)   4632s      mean=0.528 LLR=+2.62 (game LLR=+2.38) [CONTINUE]
 896 games  +198 =549 -149   +19 Elo +/- 14   3fold=516 (58%)   4635s      mean=0.527 LLR=+2.62 (game LLR=+2.32) [CONTINUE]
 897 games  +198 =550 -149   +19 Elo +/- 14   3fold=517 (58%)   4643s      mean=0.527 LLR=+2.55 (game LLR=+2.32) [CONTINUE]
 898 games  +198 =551 -149   +19 Elo +/- 14   3fold=518 (58%)   4656s      mean=0.527 LLR=+2.55 (game LLR=+2.32) [CONTINUE]
 899 games  +199 =551 -149   +19 Elo +/- 14   3fold=518 (58%)   4657s      mean=0.528 LLR=+2.48 (game LLR=+2.38) [CONTINUE]
 900 games  +199 =552 -149   +19 Elo +/- 14   3fold=519 (58%)   4658s      mean=0.528 LLR=+2.54 (game LLR=+2.38) [CONTINUE]
 901 games  +200 =552 -149   +20 Elo +/- 14   3fold=519 (58%)   4664s      mean=0.528 LLR=+2.55 (game LLR=+2.43) [CONTINUE]
 902 games  +201 =552 -149   +20 Elo +/- 14   3fold=519 (58%)   4665s      mean=0.529 LLR=+2.55 (game LLR=+2.49) [CONTINUE]
 903 games  +201 =553 -149   +20 Elo +/- 14   3fold=520 (58%)   4676s      mean=0.529 LLR=+2.55 (game LLR=+2.49) [CONTINUE]
 904 games  +201 =554 -149   +20 Elo +/- 14   3fold=521 (58%)   4684s      mean=0.529 LLR=+2.55 (game LLR=+2.49) [CONTINUE]
 905 games  +201 =555 -149   +20 Elo +/- 14   3fold=522 (58%)   4685s      mean=0.529 LLR=+2.55 (game LLR=+2.50) [CONTINUE]
 906 games  +201 =556 -149   +20 Elo +/- 14   3fold=523 (58%)   4692s      mean=0.529 LLR=+2.55 (game LLR=+2.50) [CONTINUE]
 907 games  +201 =557 -149   +20 Elo +/- 14   3fold=523 (58%)   4694s      mean=0.529 LLR=+2.55 (game LLR=+2.50) [CONTINUE]
 908 games  +201 =557 -150   +20 Elo +/- 14   3fold=523 (58%)   4697s      mean=0.528 LLR=+2.61 (game LLR=+2.43) [CONTINUE]
 909 games  +201 =558 -150   +20 Elo +/- 14   3fold=524 (58%)   4707s      mean=0.528 LLR=+2.61 (game LLR=+2.44) [CONTINUE]
 910 games  +202 =558 -150   +20 Elo +/- 14   3fold=524 (58%)   4713s      mean=0.529 LLR=+2.62 (game LLR=+2.49) [CONTINUE]
 911 games  +203 =558 -150   +20 Elo +/- 14   3fold=524 (58%)   4717s      mean=0.529 LLR=+2.68 (game LLR=+2.55) [CONTINUE]
 912 games  +203 =558 -151   +20 Elo +/- 14   3fold=524 (57%)   4723s      mean=0.529 LLR=+2.74 (game LLR=+2.48) [CONTINUE]
 913 games  +203 =559 -151   +20 Elo +/- 14   3fold=525 (58%)   4724s      mean=0.528 LLR=+2.67 (game LLR=+2.48) [CONTINUE]
 914 games  +203 =560 -151   +20 Elo +/- 14   3fold=526 (58%)   4732s      mean=0.528 LLR=+2.67 (game LLR=+2.49) [CONTINUE]
 915 games  +203 =560 -152   +19 Elo +/- 14   3fold=526 (57%)   4740s      mean=0.528 LLR=+2.67 (game LLR=+2.42) [CONTINUE]
 916 games  +203 =561 -152   +19 Elo +/- 14   3fold=527 (58%)   4742s      mean=0.528 LLR=+2.67 (game LLR=+2.42) [CONTINUE]
 917 games  +203 =562 -152   +19 Elo +/- 14   3fold=528 (58%)   4747s      mean=0.528 LLR=+2.67 (game LLR=+2.42) [CONTINUE]
 918 games  +203 =563 -152   +19 Elo +/- 14   3fold=529 (58%)   4753s      mean=0.528 LLR=+2.67 (game LLR=+2.43) [CONTINUE]
 919 games  +203 =564 -152   +19 Elo +/- 14   3fold=530 (58%)   4755s      mean=0.528 LLR=+2.67 (game LLR=+2.43) [CONTINUE]
 920 games  +203 =565 -152   +19 Elo +/- 14   3fold=531 (58%)   4758s      mean=0.528 LLR=+2.68 (game LLR=+2.43) [CONTINUE]
 921 games  +204 =565 -152   +20 Elo +/- 14   3fold=531 (58%)   4770s      mean=0.528 LLR=+2.68 (game LLR=+2.49) [CONTINUE]
 922 games  +204 =565 -153   +19 Elo +/- 14   3fold=531 (58%)   4771s      mean=0.528 LLR=+2.74 (game LLR=+2.42) [CONTINUE]
 923 games  +204 =565 -154   +19 Elo +/- 14   3fold=531 (58%)   4777s      mean=0.527 LLR=+2.58 (game LLR=+2.35) [CONTINUE]
 924 games  +205 =565 -154   +19 Elo +/- 14   3fold=531 (57%)   4784s      mean=0.528 LLR=+2.51 (game LLR=+2.41) [CONTINUE]
 925 games  +205 =566 -154   +19 Elo +/- 14   3fold=532 (58%)   4790s      mean=0.528 LLR=+2.51 (game LLR=+2.41) [CONTINUE]
 926 games  +205 =566 -155   +19 Elo +/- 14   3fold=532 (57%)   4793s      mean=0.527 LLR=+2.51 (game LLR=+2.35) [CONTINUE]
 927 games  +206 =566 -155   +19 Elo +/- 14   3fold=532 (57%)   4798s      mean=0.528 LLR=+2.44 (game LLR=+2.40) [CONTINUE]
 928 games  +206 =567 -155   +19 Elo +/- 14   3fold=533 (57%)   4799s      mean=0.527 LLR=+2.44 (game LLR=+2.40) [CONTINUE]
*** ANOMALY ***  flag as white (0-1) -- caused by agent@engine
 929 games  +206 =567 -156   +19 Elo +/- 14   3fold=533 (57%)   4806s   ANOMALIES: 1   mean=0.527 LLR=+2.44 (game LLR=+2.34) [CONTINUE]
 930 games  +206 =568 -156   +19 Elo +/- 14   3fold=534 (57%)   4815s   ANOMALIES: 1   mean=0.527 LLR=+2.44 (game LLR=+2.34) [CONTINUE]
 931 games  +207 =568 -156   +19 Elo +/- 14   3fold=534 (57%)   4821s   ANOMALIES: 1   mean=0.527 LLR=+2.51 (game LLR=+2.40) [CONTINUE]
 932 games  +207 =569 -156   +19 Elo +/- 14   3fold=535 (57%)   4824s   ANOMALIES: 1   mean=0.527 LLR=+2.57 (game LLR=+2.40) [CONTINUE]
 933 games  +207 =569 -157   +19 Elo +/- 14   3fold=535 (57%)   4829s   ANOMALIES: 1   mean=0.527 LLR=+2.57 (game LLR=+2.33) [CONTINUE]
 934 games  +208 =569 -157   +19 Elo +/- 14   3fold=535 (57%)   4836s   ANOMALIES: 1   mean=0.527 LLR=+2.57 (game LLR=+2.39) [CONTINUE]
 935 games  +208 =570 -157   +19 Elo +/- 14   3fold=536 (57%)   4842s   ANOMALIES: 1   mean=0.527 LLR=+2.63 (game LLR=+2.39) [CONTINUE]
 936 games  +209 =570 -157   +19 Elo +/- 14   3fold=536 (57%)   4844s   ANOMALIES: 1   mean=0.528 LLR=+2.56 (game LLR=+2.45) [CONTINUE]
 937 games  +209 =571 -157   +19 Elo +/- 14   3fold=537 (57%)   4850s   ANOMALIES: 1   mean=0.528 LLR=+2.56 (game LLR=+2.45) [CONTINUE]
 938 games  +209 =572 -157   +19 Elo +/- 14   3fold=538 (57%)   4851s   ANOMALIES: 1   mean=0.528 LLR=+2.56 (game LLR=+2.45) [CONTINUE]
 939 games  +209 =573 -157   +19 Elo +/- 14   3fold=539 (57%)   4859s   ANOMALIES: 1   mean=0.528 LLR=+2.57 (game LLR=+2.45) [CONTINUE]
 940 games  +209 =574 -157   +19 Elo +/- 14   3fold=540 (57%)   4869s   ANOMALIES: 1   mean=0.528 LLR=+2.57 (game LLR=+2.45) [CONTINUE]
 941 games  +209 =575 -157   +19 Elo +/- 14   3fold=541 (57%)   4873s   ANOMALIES: 1   mean=0.528 LLR=+2.57 (game LLR=+2.46) [CONTINUE]
 942 games  +210 =575 -157   +20 Elo +/- 14   3fold=541 (57%)   4876s   ANOMALIES: 1   mean=0.528 LLR=+2.57 (game LLR=+2.51) [CONTINUE]
 943 games  +210 =575 -158   +19 Elo +/- 14   3fold=541 (57%)   4880s   ANOMALIES: 1   mean=0.528 LLR=+2.67 (game LLR=+2.45) [CONTINUE]
 944 games  +210 =576 -158   +19 Elo +/- 14   3fold=542 (57%)   4891s   ANOMALIES: 1   mean=0.528 LLR=+2.60 (game LLR=+2.45) [CONTINUE]
 945 games  +210 =577 -158   +19 Elo +/- 14   3fold=543 (57%)   4891s   ANOMALIES: 1   mean=0.528 LLR=+2.60 (game LLR=+2.45) [CONTINUE]
 946 games  +210 =578 -158   +19 Elo +/- 14   3fold=544 (58%)   4892s   ANOMALIES: 1   mean=0.527 LLR=+2.61 (game LLR=+2.45) [CONTINUE]
 947 games  +210 =579 -158   +19 Elo +/- 14   3fold=545 (58%)   4901s   ANOMALIES: 1   mean=0.527 LLR=+2.61 (game LLR=+2.45) [CONTINUE]
 948 games  +210 =580 -158   +19 Elo +/- 14   3fold=546 (58%)   4914s   ANOMALIES: 1   mean=0.527 LLR=+2.61 (game LLR=+2.46) [CONTINUE]
 949 games  +210 =581 -158   +19 Elo +/- 14   3fold=546 (58%)   4918s   ANOMALIES: 1   mean=0.527 LLR=+2.61 (game LLR=+2.46) [CONTINUE]
 950 games  +210 =582 -158   +19 Elo +/- 14   3fold=546 (57%)   4920s   ANOMALIES: 1   mean=0.527 LLR=+2.61 (game LLR=+2.46) [CONTINUE]
 951 games  +211 =582 -158   +19 Elo +/- 14   3fold=546 (57%)   4921s   ANOMALIES: 1   mean=0.528 LLR=+2.62 (game LLR=+2.52) [CONTINUE]
 952 games  +212 =582 -158   +20 Elo +/- 14   3fold=546 (57%)   4923s   ANOMALIES: 1   mean=0.528 LLR=+2.68 (game LLR=+2.57) [CONTINUE]
 953 games  +213 =582 -158   +20 Elo +/- 14   3fold=546 (57%)   4929s   ANOMALIES: 1   mean=0.529 LLR=+2.68 (game LLR=+2.63) [CONTINUE]
 954 games  +213 =583 -158   +20 Elo +/- 14   3fold=547 (57%)   4943s   ANOMALIES: 1   mean=0.529 LLR=+2.74 (game LLR=+2.63) [CONTINUE]
 955 games  +213 =584 -158   +20 Elo +/- 14   3fold=548 (57%)   4944s   ANOMALIES: 1   mean=0.529 LLR=+2.74 (game LLR=+2.63) [CONTINUE]
 956 games  +214 =584 -158   +20 Elo +/- 14   3fold=548 (57%)   4950s   ANOMALIES: 1   mean=0.529 LLR=+2.74 (game LLR=+2.69) [CONTINUE]
 957 games  +214 =585 -158   +20 Elo +/- 14   3fold=549 (57%)   4950s   ANOMALIES: 1   mean=0.529 LLR=+2.74 (game LLR=+2.69) [CONTINUE]
 958 games  +214 =586 -158   +20 Elo +/- 14   3fold=550 (57%)   4959s   ANOMALIES: 1   mean=0.529 LLR=+2.81 (game LLR=+2.69) [CONTINUE]
 959 games  +214 =587 -158   +20 Elo +/- 14   3fold=550 (57%)   4959s   ANOMALIES: 1   mean=0.529 LLR=+2.81 (game LLR=+2.69) [CONTINUE]
 960 games  +214 =587 -159   +20 Elo +/- 14   3fold=550 (57%)   4973s   ANOMALIES: 1   mean=0.529 LLR=+2.81 (game LLR=+2.63) [CONTINUE]
 961 games  +214 =587 -160   +20 Elo +/- 14   3fold=550 (57%)   4977s   ANOMALIES: 1   mean=0.528 LLR=+2.74 (game LLR=+2.56) [CONTINUE]
 962 games  +214 =588 -160   +20 Elo +/- 14   3fold=551 (57%)   4978s   ANOMALIES: 1   mean=0.528 LLR=+2.74 (game LLR=+2.56) [CONTINUE]
 963 games  +214 =588 -161   +19 Elo +/- 14   3fold=551 (57%)   4979s   ANOMALIES: 1   mean=0.528 LLR=+2.80 (game LLR=+2.50) [CONTINUE]
 964 games  +214 =589 -161   +19 Elo +/- 14   3fold=552 (57%)   4981s   ANOMALIES: 1   mean=0.527 LLR=+2.80 (game LLR=+2.50) [CONTINUE]
 965 games  +215 =589 -161   +19 Elo +/- 14   3fold=552 (57%)   4990s   ANOMALIES: 1   mean=0.528 LLR=+2.80 (game LLR=+2.55) [CONTINUE]
 966 games  +216 =589 -161   +20 Elo +/- 14   3fold=552 (57%)   5005s   ANOMALIES: 1   mean=0.528 LLR=+2.86 (game LLR=+2.61) [CONTINUE]
 967 games  +216 =589 -162   +19 Elo +/- 14   3fold=552 (57%)   5007s   ANOMALIES: 1   mean=0.528 LLR=+2.87 (game LLR=+2.55) [CONTINUE]
 968 games  +216 =590 -162   +19 Elo +/- 14   3fold=553 (57%)   5007s   ANOMALIES: 1   mean=0.528 LLR=+2.87 (game LLR=+2.55) [CONTINUE]
 969 games  +216 =591 -162   +19 Elo +/- 14   3fold=554 (57%)   5011s   ANOMALIES: 1   mean=0.528 LLR=+2.87 (game LLR=+2.55) [CONTINUE]
 970 games  +216 =592 -162   +19 Elo +/- 14   3fold=555 (57%)   5012s   ANOMALIES: 1   mean=0.528 LLR=+2.87 (game LLR=+2.55) [CONTINUE]
 971 games  +216 =592 -163   +19 Elo +/- 14   3fold=555 (57%)   5018s   ANOMALIES: 1   mean=0.527 LLR=+2.80 (game LLR=+2.49) [CONTINUE]
 972 games  +217 =592 -163   +19 Elo +/- 14   3fold=555 (57%)   5033s   ANOMALIES: 1   mean=0.528 LLR=+2.80 (game LLR=+2.54) [CONTINUE]
 973 games  +218 =592 -163   +20 Elo +/- 14   3fold=555 (57%)   5039s   ANOMALIES: 1   mean=0.528 LLR=+2.80 (game LLR=+2.60) [CONTINUE]
 974 games  +218 =593 -163   +20 Elo +/- 14   3fold=556 (57%)   5040s   ANOMALIES: 1   mean=0.528 LLR=+2.80 (game LLR=+2.60) [CONTINUE]
 975 games  +218 =594 -163   +20 Elo +/- 14   3fold=557 (57%)   5041s   ANOMALIES: 1   mean=0.528 LLR=+2.81 (game LLR=+2.60) [CONTINUE]
 976 games  +218 =594 -164   +19 Elo +/- 14   3fold=557 (57%)   5043s   ANOMALIES: 1   mean=0.528 LLR=+2.74 (game LLR=+2.54) [CONTINUE]
 977 games  +218 =595 -164   +19 Elo +/- 14   3fold=558 (57%)   5046s   ANOMALIES: 1   mean=0.528 LLR=+2.74 (game LLR=+2.54) [CONTINUE]
 978 games  +218 =595 -165   +19 Elo +/- 14   3fold=558 (57%)   5063s   ANOMALIES: 1   mean=0.527 LLR=+2.67 (game LLR=+2.47) [CONTINUE]
 979 games  +218 =596 -165   +19 Elo +/- 14   3fold=559 (57%)   5063s   ANOMALIES: 1   mean=0.527 LLR=+2.67 (game LLR=+2.47) [CONTINUE]
 980 games  +218 =597 -165   +19 Elo +/- 14   3fold=560 (57%)   5064s   ANOMALIES: 1   mean=0.527 LLR=+2.60 (game LLR=+2.48) [CONTINUE]
 981 games  +218 =598 -165   +19 Elo +/- 14   3fold=561 (57%)   5069s   ANOMALIES: 1   mean=0.527 LLR=+2.66 (game LLR=+2.48) [CONTINUE]
 982 games  +218 =598 -166   +18 Elo +/- 14   3fold=561 (57%)   5070s   ANOMALIES: 1   mean=0.526 LLR=+2.66 (game LLR=+2.41) [CONTINUE]
 983 games  +219 =598 -166   +19 Elo +/- 14   3fold=561 (57%)   5078s   ANOMALIES: 1   mean=0.527 LLR=+2.66 (game LLR=+2.47) [CONTINUE]
 984 games  +219 =598 -167   +18 Elo +/- 14   3fold=561 (57%)   5090s   ANOMALIES: 1   mean=0.526 LLR=+2.66 (game LLR=+2.40) [CONTINUE]
 985 games  +219 =598 -168   +18 Elo +/- 14   3fold=561 (57%)   5091s   ANOMALIES: 1   mean=0.526 LLR=+2.66 (game LLR=+2.34) [CONTINUE]
 986 games  +220 =598 -168   +18 Elo +/- 14   3fold=561 (57%)   5091s   ANOMALIES: 1   mean=0.526 LLR=+2.60 (game LLR=+2.40) [CONTINUE]
 987 games  +220 =598 -169   +18 Elo +/- 14   3fold=561 (57%)   5097s   ANOMALIES: 1   mean=0.526 LLR=+2.60 (game LLR=+2.33) [CONTINUE]
 988 games  +220 =598 -170   +18 Elo +/- 14   3fold=561 (57%)   5099s   ANOMALIES: 1   mean=0.525 LLR=+2.44 (game LLR=+2.27) [CONTINUE]
 989 games  +221 =598 -170   +18 Elo +/- 14   3fold=561 (57%)   5109s   ANOMALIES: 1   mean=0.526 LLR=+2.44 (game LLR=+2.32) [CONTINUE]
 990 games  +221 =598 -171   +18 Elo +/- 14   3fold=561 (57%)   5118s   ANOMALIES: 1   mean=0.525 LLR=+2.55 (game LLR=+2.26) [CONTINUE]
 991 games  +221 =599 -171   +18 Elo +/- 14   3fold=562 (57%)   5119s   ANOMALIES: 1   mean=0.525 LLR=+2.39 (game LLR=+2.26) [CONTINUE]
 992 games  +222 =599 -171   +18 Elo +/- 14   3fold=562 (57%)   5127s   ANOMALIES: 1   mean=0.526 LLR=+2.39 (game LLR=+2.32) [CONTINUE]
 993 games  +222 =599 -172   +18 Elo +/- 14   3fold=562 (57%)   5129s   ANOMALIES: 1   mean=0.525 LLR=+2.39 (game LLR=+2.25) [CONTINUE]
 994 games  +222 =600 -172   +17 Elo +/- 14   3fold=563 (57%)   5130s   ANOMALIES: 1   mean=0.525 LLR=+2.40 (game LLR=+2.25) [CONTINUE]
 995 games  +222 =601 -172   +17 Elo +/- 14   3fold=564 (57%)   5131s   ANOMALIES: 1   mean=0.525 LLR=+2.33 (game LLR=+2.26) [CONTINUE]
 996 games  +222 =602 -172   +17 Elo +/- 14   3fold=565 (57%)   5151s   ANOMALIES: 1   mean=0.525 LLR=+2.33 (game LLR=+2.26) [CONTINUE]
 997 games  +222 =603 -172   +17 Elo +/- 14   3fold=566 (57%)   5152s   ANOMALIES: 1   mean=0.525 LLR=+2.33 (game LLR=+2.26) [CONTINUE]
 998 games  +222 =604 -172   +17 Elo +/- 14   3fold=567 (57%)   5154s   ANOMALIES: 1   mean=0.525 LLR=+2.33 (game LLR=+2.26) [CONTINUE]
 999 games  +223 =604 -172   +18 Elo +/- 14   3fold=567 (57%)   5157s   ANOMALIES: 1   mean=0.526 LLR=+2.33 (game LLR=+2.32) [CONTINUE]
1000 games  +223 =604 -173   +17 Elo +/- 14   3fold=567 (57%)   5158s   ANOMALIES: 1   mean=0.525 LLR=+2.44 (game LLR=+2.25) [CONTINUE]
1001 games  +223 =605 -173   +17 Elo +/- 14   3fold=568 (57%)   5159s   ANOMALIES: 1   mean=0.525 LLR=+2.44 (game LLR=+2.25) [CONTINUE]
1002 games  +223 =606 -173   +17 Elo +/- 14   3fold=569 (57%)   5180s   ANOMALIES: 1   mean=0.525 LLR=+2.44 (game LLR=+2.25) [CONTINUE]
1003 games  +223 =606 -174   +17 Elo +/- 14   3fold=569 (57%)   5180s   ANOMALIES: 1   mean=0.524 LLR=+2.45 (game LLR=+2.19) [CONTINUE]
1004 games  +223 =606 -175   +17 Elo +/- 14   3fold=569 (57%)   5185s   ANOMALIES: 1   mean=0.524 LLR=+2.45 (game LLR=+2.13) [CONTINUE]
1005 games  +223 =607 -175   +17 Elo +/- 14   3fold=570 (57%)   5186s   ANOMALIES: 1   mean=0.524 LLR=+2.45 (game LLR=+2.13) [CONTINUE]
1006 games  +224 =607 -175   +17 Elo +/- 14   3fold=570 (57%)   5187s   ANOMALIES: 1   mean=0.524 LLR=+2.45 (game LLR=+2.19) [CONTINUE]
1007 games  +225 =607 -175   +17 Elo +/- 14   3fold=570 (57%)   5189s   ANOMALIES: 1   mean=0.525 LLR=+2.45 (game LLR=+2.24) [CONTINUE]
1008 games  +225 =608 -175   +17 Elo +/- 14   3fold=571 (57%)   5205s   ANOMALIES: 1   mean=0.525 LLR=+2.45 (game LLR=+2.24) [CONTINUE]
1009 games  +226 =608 -175   +18 Elo +/- 14   3fold=571 (57%)   5209s   ANOMALIES: 1   mean=0.525 LLR=+2.45 (game LLR=+2.30) [CONTINUE]
1010 games  +226 =609 -175   +18 Elo +/- 13   3fold=572 (57%)   5213s   ANOMALIES: 1   mean=0.525 LLR=+2.46 (game LLR=+2.30) [CONTINUE]
1011 games  +226 =610 -175   +18 Elo +/- 13   3fold=573 (57%)   5218s   ANOMALIES: 1   mean=0.525 LLR=+2.39 (game LLR=+2.30) [CONTINUE]
1012 games  +226 =611 -175   +18 Elo +/- 13   3fold=574 (57%)   5218s   ANOMALIES: 1   mean=0.525 LLR=+2.39 (game LLR=+2.30) [CONTINUE]
1013 games  +227 =611 -175   +18 Elo +/- 13   3fold=574 (57%)   5219s   ANOMALIES: 1   mean=0.526 LLR=+2.45 (game LLR=+2.36) [CONTINUE]
1014 games  +228 =611 -175   +18 Elo +/- 13   3fold=574 (57%)   5231s   ANOMALIES: 1   mean=0.526 LLR=+2.45 (game LLR=+2.41) [CONTINUE]
1015 games  +229 =611 -175   +19 Elo +/- 13   3fold=574 (57%)   5236s   ANOMALIES: 1   mean=0.527 LLR=+2.51 (game LLR=+2.47) [CONTINUE]
1016 games  +229 =612 -175   +18 Elo +/- 13   3fold=575 (57%)   5238s   ANOMALIES: 1   mean=0.527 LLR=+2.51 (game LLR=+2.47) [CONTINUE]
1017 games  +229 =613 -175   +18 Elo +/- 13   3fold=576 (57%)   5243s   ANOMALIES: 1   mean=0.527 LLR=+2.51 (game LLR=+2.47) [CONTINUE]
1018 games  +229 =614 -175   +18 Elo +/- 13   3fold=577 (57%)   5243s   ANOMALIES: 1   mean=0.527 LLR=+2.51 (game LLR=+2.47) [CONTINUE]
1019 games  +229 =615 -175   +18 Elo +/- 13   3fold=578 (57%)   5251s   ANOMALIES: 1   mean=0.526 LLR=+2.51 (game LLR=+2.47) [CONTINUE]
1020 games  +229 =616 -175   +18 Elo +/- 13   3fold=579 (57%)   5262s   ANOMALIES: 1   mean=0.526 LLR=+2.57 (game LLR=+2.47) [CONTINUE]
1021 games  +229 =617 -175   +18 Elo +/- 13   3fold=580 (57%)   5263s   ANOMALIES: 1   mean=0.526 LLR=+2.57 (game LLR=+2.48) [CONTINUE]
1022 games  +229 =618 -175   +18 Elo +/- 13   3fold=581 (57%)   5268s   ANOMALIES: 1   mean=0.526 LLR=+2.63 (game LLR=+2.48) [CONTINUE]
1023 games  +229 =618 -176   +18 Elo +/- 13   3fold=581 (57%)   5272s   ANOMALIES: 1   mean=0.526 LLR=+2.63 (game LLR=+2.41) [CONTINUE]
1024 games  +229 =619 -176   +18 Elo +/- 13   3fold=582 (57%)   5277s   ANOMALIES: 1   mean=0.526 LLR=+2.57 (game LLR=+2.42) [CONTINUE]
1025 games  +229 =620 -176   +18 Elo +/- 13   3fold=582 (57%)   5283s   ANOMALIES: 1   mean=0.526 LLR=+2.57 (game LLR=+2.42) [CONTINUE]
1026 games  +229 =620 -177   +18 Elo +/- 13   3fold=582 (57%)   5290s   ANOMALIES: 1   mean=0.525 LLR=+2.57 (game LLR=+2.35) [CONTINUE]
1027 games  +229 =621 -177   +18 Elo +/- 13   3fold=583 (57%)   5293s   ANOMALIES: 1   mean=0.525 LLR=+2.50 (game LLR=+2.36) [CONTINUE]
1028 games  +229 =622 -177   +18 Elo +/- 13   3fold=584 (57%)   5294s   ANOMALIES: 1   mean=0.525 LLR=+2.50 (game LLR=+2.36) [CONTINUE]
1029 games  +229 =622 -178   +17 Elo +/- 13   3fold=584 (57%)   5306s   ANOMALIES: 1   mean=0.525 LLR=+2.51 (game LLR=+2.29) [CONTINUE]
1030 games  +230 =622 -178   +18 Elo +/- 13   3fold=584 (57%)   5307s   ANOMALIES: 1   mean=0.525 LLR=+2.44 (game LLR=+2.35) [CONTINUE]
1031 games  +231 =622 -178   +18 Elo +/- 13   3fold=584 (57%)   5308s   ANOMALIES: 1   mean=0.526 LLR=+2.44 (game LLR=+2.40) [CONTINUE]
1032 games  +231 =623 -178   +18 Elo +/- 13   3fold=585 (57%)   5318s   ANOMALIES: 1   mean=0.526 LLR=+2.44 (game LLR=+2.40) [CONTINUE]
1033 games  +231 =624 -178   +18 Elo +/- 13   3fold=586 (57%)   5325s   ANOMALIES: 1   mean=0.526 LLR=+2.44 (game LLR=+2.41) [CONTINUE]
1034 games  +231 =625 -178   +18 Elo +/- 13   3fold=587 (57%)   5325s   ANOMALIES: 1   mean=0.526 LLR=+2.44 (game LLR=+2.41) [CONTINUE]
1035 games  +231 =626 -178   +18 Elo +/- 13   3fold=588 (57%)   5337s   ANOMALIES: 1   mean=0.526 LLR=+2.44 (game LLR=+2.41) [CONTINUE]
1036 games  +231 =627 -178   +18 Elo +/- 13   3fold=589 (57%)   5339s   ANOMALIES: 1   mean=0.526 LLR=+2.50 (game LLR=+2.41) [CONTINUE]
1037 games  +232 =627 -178   +18 Elo +/- 13   3fold=589 (57%)   5341s   ANOMALIES: 1   mean=0.526 LLR=+2.50 (game LLR=+2.47) [CONTINUE]
1038 games  +232 =628 -178   +18 Elo +/- 13   3fold=590 (57%)   5349s   ANOMALIES: 1   mean=0.526 LLR=+2.61 (game LLR=+2.47) [CONTINUE]
1039 games  +232 =629 -178   +18 Elo +/- 13   3fold=591 (57%)   5354s   ANOMALIES: 1   mean=0.526 LLR=+2.61 (game LLR=+2.47) [CONTINUE]
1040 games  +232 =630 -178   +18 Elo +/- 13   3fold=592 (57%)   5354s   ANOMALIES: 1   mean=0.526 LLR=+2.61 (game LLR=+2.47) [CONTINUE]
1041 games  +232 =631 -178   +18 Elo +/- 13   3fold=593 (57%)   5364s   ANOMALIES: 1   mean=0.526 LLR=+2.61 (game LLR=+2.47) [CONTINUE]
1042 games  +232 =632 -178   +18 Elo +/- 13   3fold=594 (57%)   5366s   ANOMALIES: 1   mean=0.526 LLR=+2.61 (game LLR=+2.47) [CONTINUE]
1043 games  +232 =633 -178   +18 Elo +/- 13   3fold=595 (57%)   5368s   ANOMALIES: 1   mean=0.526 LLR=+2.62 (game LLR=+2.48) [CONTINUE]
1044 games  +233 =633 -178   +18 Elo +/- 13   3fold=595 (57%)   5377s   ANOMALIES: 1   mean=0.526 LLR=+2.62 (game LLR=+2.53) [CONTINUE]
1045 games  +233 =634 -178   +18 Elo +/- 13   3fold=596 (57%)   5384s   ANOMALIES: 1   mean=0.526 LLR=+2.62 (game LLR=+2.53) [CONTINUE]
1046 games  +233 =635 -178   +18 Elo +/- 13   3fold=597 (57%)   5386s   ANOMALIES: 1   mean=0.526 LLR=+2.62 (game LLR=+2.53) [CONTINUE]
1047 games  +233 =636 -178   +18 Elo +/- 13   3fold=598 (57%)   5393s   ANOMALIES: 1   mean=0.526 LLR=+2.62 (game LLR=+2.54) [CONTINUE]
1048 games  +233 =637 -178   +18 Elo +/- 13   3fold=599 (57%)   5395s   ANOMALIES: 1   mean=0.526 LLR=+2.62 (game LLR=+2.54) [CONTINUE]
1049 games  +233 =637 -179   +18 Elo +/- 13   3fold=599 (57%)   5395s   ANOMALIES: 1   mean=0.526 LLR=+2.63 (game LLR=+2.47) [CONTINUE]
1050 games  +233 =638 -179   +18 Elo +/- 13   3fold=600 (57%)   5406s   ANOMALIES: 1   mean=0.526 LLR=+2.63 (game LLR=+2.48) [CONTINUE]
1051 games  +233 =639 -179   +18 Elo +/- 13   3fold=601 (57%)   5411s   ANOMALIES: 1   mean=0.526 LLR=+2.69 (game LLR=+2.48) [CONTINUE]
1052 games  +234 =639 -179   +18 Elo +/- 13   3fold=601 (57%)   5415s   ANOMALIES: 1   mean=0.526 LLR=+2.69 (game LLR=+2.53) [CONTINUE]
1053 games  +234 =640 -179   +18 Elo +/- 13   3fold=601 (57%)   5422s   ANOMALIES: 1   mean=0.526 LLR=+2.75 (game LLR=+2.53) [CONTINUE]
1054 games  +235 =640 -179   +18 Elo +/- 13   3fold=601 (57%)   5424s   ANOMALIES: 1   mean=0.527 LLR=+2.75 (game LLR=+2.59) [CONTINUE]
1055 games  +235 =641 -179   +18 Elo +/- 13   3fold=602 (57%)   5424s   ANOMALIES: 1   mean=0.527 LLR=+2.75 (game LLR=+2.59) [CONTINUE]
1056 games  +235 =642 -179   +18 Elo +/- 13   3fold=603 (57%)   5435s   ANOMALIES: 1   mean=0.527 LLR=+2.68 (game LLR=+2.59) [CONTINUE]
1057 games  +235 =643 -179   +18 Elo +/- 13   3fold=604 (57%)   5439s   ANOMALIES: 1   mean=0.526 LLR=+2.68 (game LLR=+2.60) [CONTINUE]
1058 games  +235 =644 -179   +18 Elo +/- 13   3fold=605 (57%)   5449s   ANOMALIES: 1   mean=0.526 LLR=+2.69 (game LLR=+2.60) [CONTINUE]
1059 games  +235 =645 -179   +18 Elo +/- 13   3fold=606 (57%)   5449s   ANOMALIES: 1   mean=0.526 LLR=+2.69 (game LLR=+2.60) [CONTINUE]
1060 games  +235 =646 -179   +18 Elo +/- 13   3fold=607 (57%)   5455s   ANOMALIES: 1   mean=0.526 LLR=+2.69 (game LLR=+2.60) [CONTINUE]
1061 games  +235 =647 -179   +18 Elo +/- 13   3fold=607 (57%)   5459s   ANOMALIES: 1   mean=0.526 LLR=+2.69 (game LLR=+2.60) [CONTINUE]
1062 games  +235 =648 -179   +18 Elo +/- 13   3fold=608 (57%)   5467s   ANOMALIES: 1   mean=0.526 LLR=+2.75 (game LLR=+2.60) [CONTINUE]
1063 games  +235 =649 -179   +18 Elo +/- 13   3fold=609 (57%)   5469s   ANOMALIES: 1   mean=0.526 LLR=+2.75 (game LLR=+2.61) [CONTINUE]
1064 games  +235 =650 -179   +18 Elo +/- 13   3fold=610 (57%)   5479s   ANOMALIES: 1   mean=0.526 LLR=+2.75 (game LLR=+2.61) [CONTINUE]
1065 games  +235 =651 -179   +18 Elo +/- 13   3fold=611 (57%)   5479s   ANOMALIES: 1   mean=0.526 LLR=+2.76 (game LLR=+2.61) [CONTINUE]
1066 games  +235 =652 -179   +18 Elo +/- 13   3fold=612 (57%)   5486s   ANOMALIES: 1   mean=0.526 LLR=+2.76 (game LLR=+2.61) [CONTINUE]
1067 games  +236 =652 -179   +19 Elo +/- 13   3fold=612 (57%)   5490s   ANOMALIES: 1   mean=0.527 LLR=+2.76 (game LLR=+2.67) [CONTINUE]
1068 games  +237 =652 -179   +19 Elo +/- 13   3fold=612 (57%)   5496s   ANOMALIES: 1   mean=0.527 LLR=+2.76 (game LLR=+2.72) [CONTINUE]
1069 games  +237 =652 -180   +19 Elo +/- 13   3fold=612 (57%)   5503s   ANOMALIES: 1   mean=0.527 LLR=+2.82 (game LLR=+2.66) [CONTINUE]
1070 games  +238 =652 -180   +19 Elo +/- 13   3fold=612 (57%)   5508s   ANOMALIES: 1   mean=0.527 LLR=+2.82 (game LLR=+2.71) [CONTINUE]
1071 games  +239 =652 -180   +19 Elo +/- 13   3fold=612 (57%)   5512s   ANOMALIES: 1   mean=0.528 LLR=+2.82 (game LLR=+2.77) [CONTINUE]
1072 games  +240 =652 -180   +19 Elo +/- 13   3fold=612 (57%)   5514s   ANOMALIES: 1   mean=0.528 LLR=+2.88 (game LLR=+2.82) [CONTINUE]
1073 games  +241 =652 -180   +20 Elo +/- 13   3fold=612 (57%)   5519s   ANOMALIES: 1   mean=0.528 LLR=+2.88 (game LLR=+2.88) [CONTINUE]
1074 games  +241 =652 -181   +19 Elo +/- 13   3fold=612 (57%)   5526s   ANOMALIES: 1   mean=0.528 LLR=+2.99 (game LLR=+2.81) [CONTINUE]
1075 games  +241 =652 -182   +19 Elo +/- 13   3fold=612 (57%)   5531s   ANOMALIES: 1   mean=0.527 LLR=+2.99 (game LLR=+2.75) [CONTINUE]
1076 games  +241 =653 -182   +19 Elo +/- 13   3fold=613 (57%)   5536s   ANOMALIES: 1   mean=0.527 LLR=+2.83 (game LLR=+2.75) [CONTINUE]
1077 games  +241 =654 -182   +19 Elo +/- 13   3fold=614 (57%)   5543s   ANOMALIES: 1   mean=0.527 LLR=+2.89 (game LLR=+2.75) [CONTINUE]
1078 games  +241 =655 -182   +19 Elo +/- 13   3fold=615 (57%)   5549s   ANOMALIES: 1   mean=0.527 LLR=+2.89 (game LLR=+2.75) [CONTINUE]
1079 games  +241 =656 -182   +19 Elo +/- 13   3fold=616 (57%)   5555s   ANOMALIES: 1   mean=0.527 LLR=+2.89 (game LLR=+2.76) [CONTINUE]
1080 games  +241 =657 -182   +19 Elo +/- 13   3fold=617 (57%)   5557s   ANOMALIES: 1   mean=0.527 LLR=+2.95 (game LLR=+2.76) [CONTINUE]
1081 games  +241 =658 -182   +19 Elo +/- 13   3fold=618 (57%)   5568s   ANOMALIES: 1   mean=0.527 LLR=+2.89 (game LLR=+2.76) [CONTINUE]
1082 games  +242 =658 -182   +19 Elo +/- 13   3fold=618 (57%)   5577s   ANOMALIES: 1   mean=0.528 LLR=+2.89 (game LLR=+2.82) [CONTINUE]
1083 games  +243 =658 -182   +20 Elo +/- 13   3fold=618 (57%)   5579s   ANOMALIES: 1   mean=0.528 LLR=+2.95 (game LLR=+2.87) [CONTINUE]
1084 games  +244 =658 -182   +20 Elo +/- 13   3fold=618 (57%)   5580s   ANOMALIES: 1   mean=0.529 LLR=+3.01 (game LLR=+2.93) [CONTINUE]
1085 games  +245 =658 -182   +20 Elo +/- 13   3fold=618 (57%)   5584s   ANOMALIES: 1   mean=0.529 LLR=+3.01 (game LLR=+2.98) [CONTINUE]
1086 games  +245 =659 -182   +20 Elo +/- 13   3fold=619 (57%)   5589s   ANOMALIES: 1   mean=0.529 LLR=+3.01 (game LLR=+2.98) [CONTINUE]
1087 games  +245 =660 -182   +20 Elo +/- 13   3fold=620 (57%)   5590s   ANOMALIES: 1   mean=0.529 LLR=+3.01 (game LLR=+2.98) [CONTINUE]
1088 games  +245 =661 -182   +20 Elo +/- 13   3fold=621 (57%)   5608s   ANOMALIES: 1   mean=0.529 LLR=+3.01 (game LLR=+2.99) [CONTINUE]
1089 games  +245 =662 -182   +20 Elo +/- 13   3fold=622 (57%)   5610s   ANOMALIES: 1   mean=0.529 LLR=+3.01 (game LLR=+2.99) [CONTINUE]
1090 games  +245 =662 -183   +20 Elo +/- 13   3fold=622 (57%)   5611s   ANOMALIES: 1   mean=0.528 LLR=+3.07 (game LLR=+2.92) [CONTINUE]
1091 games  +245 =663 -183   +20 Elo +/- 13   3fold=623 (57%)   5613s   ANOMALIES: 1   mean=0.528 LLR=+3.08 (game LLR=+2.93) [CONTINUE]
1092 games  +245 =664 -183   +20 Elo +/- 13   3fold=624 (57%)   5620s   ANOMALIES: 1   mean=0.528 LLR=+3.08 (game LLR=+2.93) [CONTINUE]
1093 games  +246 =664 -183   +20 Elo +/- 13   3fold=624 (57%)   5622s   ANOMALIES: 1   mean=0.529 LLR=+3.08 (game LLR=+2.98) [CONTINUE]
1094 games  +246 =665 -183   +20 Elo +/- 13   3fold=625 (57%)   5636s   ANOMALIES: 1   mean=0.529 LLR=+3.08 (game LLR=+2.98) [CONTINUE]
1095 games  +246 =666 -183   +20 Elo +/- 13   3fold=626 (57%)   5637s   ANOMALIES: 1   mean=0.529 LLR=+3.08 (game LLR=+2.99) [CONTINUE]
1096 games  +246 =667 -183   +20 Elo +/- 13   3fold=627 (57%)   5641s   ANOMALIES: 1   mean=0.529 LLR=+3.08 (game LLR=+2.99) [CONTINUE]
1097 games  +246 =667 -184   +20 Elo +/- 13   3fold=627 (57%)   5641s   ANOMALIES: 1   mean=0.528 LLR=+3.09 (game LLR=+2.92) [CONTINUE]
1098 games  +246 =668 -184   +20 Elo +/- 13   3fold=628 (57%)   5647s   ANOMALIES: 1   mean=0.528 LLR=+3.09 (game LLR=+2.93) [CONTINUE]
1099 games  +246 =669 -184   +20 Elo +/- 13   3fold=629 (57%)   5648s   ANOMALIES: 1   mean=0.528 LLR=+3.15 (game LLR=+2.93) [CONTINUE]
1100 games  +246 =670 -184   +20 Elo +/- 13   3fold=630 (57%)   5666s   ANOMALIES: 1   mean=0.528 LLR=+3.15 (game LLR=+2.93) [CONTINUE]
1101 games  +246 =671 -184   +20 Elo +/- 13   3fold=630 (57%)   5670s   ANOMALIES: 1   mean=0.528 LLR=+3.15 (game LLR=+2.93) [CONTINUE]
1102 games  +246 =672 -184   +20 Elo +/- 13   3fold=631 (57%)   5673s   ANOMALIES: 1   mean=0.528 LLR=+3.15 (game LLR=+2.93) [CONTINUE]
1103 games  +246 =673 -184   +20 Elo +/- 13   3fold=632 (57%)   5674s   ANOMALIES: 1   mean=0.528 LLR=+3.15 (game LLR=+2.94) [CONTINUE]
1104 games  +246 =674 -184   +20 Elo +/- 13   3fold=633 (57%)   5680s   ANOMALIES: 1   mean=0.528 LLR=+3.15 (game LLR=+2.94) [CONTINUE]
1105 games  +247 =674 -184   +20 Elo +/- 13   3fold=633 (57%)   5682s   ANOMALIES: 1   mean=0.529 LLR=+3.08 (game LLR=+2.99) [CONTINUE]
1106 games  +247 =675 -184   +20 Elo +/- 13   3fold=634 (57%)   5695s   ANOMALIES: 1   mean=0.528 LLR=+3.15 (game LLR=+2.99) [CONTINUE]
1107 games  +247 =676 -184   +20 Elo +/- 13   3fold=635 (57%)   5700s   ANOMALIES: 1   mean=0.528 LLR=+3.15 (game LLR=+3.00) [CONTINUE]
1108 games  +247 =677 -184   +20 Elo +/- 13   3fold=636 (57%)   5701s   ANOMALIES: 1   mean=0.528 LLR=+3.15 (game LLR=+3.00) [CONTINUE]
1109 games  +248 =677 -184   +20 Elo +/- 13   3fold=636 (57%)   5702s   ANOMALIES: 1   mean=0.529 LLR=+3.15 (game LLR=+3.05) [CONTINUE]
1110 games  +248 =678 -184   +20 Elo +/- 13   3fold=637 (57%)   5703s   ANOMALIES: 1   mean=0.529 LLR=+3.21 (game LLR=+3.06) [CONTINUE]
1111 games  +248 =679 -184   +20 Elo +/- 13   3fold=638 (57%)   5709s   ANOMALIES: 1   mean=0.529 LLR=+3.21 (game LLR=+3.06) [CONTINUE]
1112 games  +248 =680 -184   +20 Elo +/- 13   3fold=639 (57%)   5726s   ANOMALIES: 1   mean=0.529 LLR=+3.21 (game LLR=+3.06) [CONTINUE]
1113 games  +249 =680 -184   +20 Elo +/- 13   3fold=639 (57%)   5726s   ANOMALIES: 1   mean=0.529 LLR=+3.22 (game LLR=+3.12) [CONTINUE]
1114 games  +249 =681 -184   +20 Elo +/- 13   3fold=640 (57%)   5729s   ANOMALIES: 1   mean=0.529 LLR=+3.22 (game LLR=+3.12) [CONTINUE]
1115 games  +249 =682 -184   +20 Elo +/- 13   3fold=641 (57%)   5730s   ANOMALIES: 1   mean=0.529 LLR=+3.22 (game LLR=+3.12) [CONTINUE]
1116 games  +249 =682 -185   +20 Elo +/- 13   3fold=641 (57%)   5734s   ANOMALIES: 1   mean=0.529 LLR=+3.22 (game LLR=+3.05) [CONTINUE]
1117 games  +249 =683 -185   +20 Elo +/- 13   3fold=642 (57%)   5740s   ANOMALIES: 1   mean=0.529 LLR=+3.15 (game LLR=+3.06) [CONTINUE]
1118 games  +249 =684 -185   +20 Elo +/- 13   3fold=643 (58%)   5753s   ANOMALIES: 1   mean=0.529 LLR=+3.16 (game LLR=+3.06) [CONTINUE]
1119 games  +249 =685 -185   +20 Elo +/- 13   3fold=644 (58%)   5757s   ANOMALIES: 1   mean=0.529 LLR=+3.22 (game LLR=+3.06) [CONTINUE]
1120 games  +249 =686 -185   +20 Elo +/- 13   3fold=645 (58%)   5758s   ANOMALIES: 1   mean=0.529 LLR=+3.22 (game LLR=+3.06) [CONTINUE]
1121 games  +249 =687 -185   +20 Elo +/- 13   3fold=646 (58%)   5763s   ANOMALIES: 1   mean=0.529 LLR=+3.22 (game LLR=+3.06) [CONTINUE]
1122 games  +250 =687 -185   +20 Elo +/- 13   3fold=646 (58%)   5763s   ANOMALIES: 1   mean=0.529 LLR=+3.22 (game LLR=+3.12) [CONTINUE]
1123 games  +250 =688 -185   +20 Elo +/- 13   3fold=647 (58%)   5771s   ANOMALIES: 1   mean=0.529 LLR=+3.28 (game LLR=+3.12) [CONTINUE]
1124 games  +251 =688 -185   +20 Elo +/- 13   3fold=647 (58%)   5785s   ANOMALIES: 1   mean=0.529 LLR=+3.28 (game LLR=+3.18) [CONTINUE]
1125 games  +251 =689 -185   +20 Elo +/- 13   3fold=648 (58%)   5786s   ANOMALIES: 1   mean=0.529 LLR=+3.28 (game LLR=+3.18) [CONTINUE]
1126 games  +251 =689 -186   +20 Elo +/- 13   3fold=648 (58%)   5788s   ANOMALIES: 1   mean=0.529 LLR=+3.28 (game LLR=+3.11) [CONTINUE]
1127 games  +251 =690 -186   +20 Elo +/- 13   3fold=649 (58%)   5790s   ANOMALIES: 1   mean=0.529 LLR=+3.21 (game LLR=+3.12) [CONTINUE]
1128 games  +251 =691 -186   +20 Elo +/- 13   3fold=650 (58%)   5793s   ANOMALIES: 1   mean=0.529 LLR=+3.22 (game LLR=+3.12) [CONTINUE]
1129 games  +251 =692 -186   +20 Elo +/- 13   3fold=651 (58%)   5798s   ANOMALIES: 1   mean=0.529 LLR=+3.22 (game LLR=+3.12) [CONTINUE]
1130 games  +251 =692 -187   +20 Elo +/- 13   3fold=651 (58%)   5817s   ANOMALIES: 1   mean=0.528 LLR=+3.22 (game LLR=+3.05) [CONTINUE]
1131 games  +251 =692 -188   +19 Elo +/- 13   3fold=651 (58%)   5818s   ANOMALIES: 1   mean=0.528 LLR=+3.22 (game LLR=+2.99) [CONTINUE]
1132 games  +251 =693 -188   +19 Elo +/- 13   3fold=652 (58%)   5819s   ANOMALIES: 1   mean=0.528 LLR=+3.15 (game LLR=+2.99) [CONTINUE]
1133 games  +252 =693 -188   +20 Elo +/- 13   3fold=652 (58%)   5822s   ANOMALIES: 1   mean=0.528 LLR=+3.16 (game LLR=+3.05) [CONTINUE]
1134 games  +252 =693 -189   +19 Elo +/- 13   3fold=652 (57%)   5825s   ANOMALIES: 1   mean=0.528 LLR=+3.26 (game LLR=+2.98) [CONTINUE]
1135 games  +252 =694 -189   +19 Elo +/- 13   3fold=653 (58%)   5826s   ANOMALIES: 1   mean=0.528 LLR=+3.26 (game LLR=+2.98) [CONTINUE]
1136 games  +252 =695 -189   +19 Elo +/- 13   3fold=654 (58%)   5846s   ANOMALIES: 1   mean=0.528 LLR=+3.26 (game LLR=+2.98) [CONTINUE]
1137 games  +253 =695 -189   +20 Elo +/- 13   3fold=654 (58%)   5851s   ANOMALIES: 1   mean=0.528 LLR=+3.19 (game LLR=+3.04) [CONTINUE]
*** ANOMALY ***  flag as white (1-0) -- caused by agent@checkpoints/syzygy
1138 games  +254 =695 -189   +20 Elo +/- 13   3fold=654 (57%)   5852s   ANOMALIES: 2   mean=0.529 LLR=+3.20 (game LLR=+3.10) [CONTINUE]
1139 games  +254 =696 -189   +20 Elo +/- 13   3fold=655 (58%)   5853s   ANOMALIES: 2   mean=0.529 LLR=+3.20 (game LLR=+3.10) [CONTINUE]
1140 games  +254 =696 -190   +20 Elo +/- 13   3fold=655 (57%)   5853s   ANOMALIES: 2   mean=0.528 LLR=+3.20 (game LLR=+3.03) [CONTINUE]
1141 games  +254 =697 -190   +20 Elo +/- 13   3fold=656 (57%)   5854s   ANOMALIES: 2   mean=0.528 LLR=+3.20 (game LLR=+3.03) [CONTINUE]
1142 games  +254 =698 -190   +19 Elo +/- 13   3fold=657 (58%)   5880s   ANOMALIES: 2   mean=0.528 LLR=+3.20 (game LLR=+3.04) [CONTINUE]
1143 games  +254 =699 -190   +19 Elo +/- 13   3fold=658 (58%)   5881s   ANOMALIES: 2   mean=0.528 LLR=+3.20 (game LLR=+3.04) [CONTINUE]
1144 games  +254 =700 -190   +19 Elo +/- 13   3fold=659 (58%)   5882s   ANOMALIES: 2   mean=0.528 LLR=+3.26 (game LLR=+3.04) [CONTINUE]
1145 games  +254 =701 -190   +19 Elo +/- 13   3fold=660 (58%)   5882s   ANOMALIES: 2   mean=0.528 LLR=+3.20 (game LLR=+3.04) [CONTINUE]
1146 games  +254 =702 -190   +19 Elo +/- 13   3fold=661 (58%)   5884s   ANOMALIES: 2   mean=0.528 LLR=+3.20 (game LLR=+3.04) [CONTINUE]
1147 games  +254 =703 -190   +19 Elo +/- 13   3fold=662 (58%)   5884s   ANOMALIES: 2   mean=0.528 LLR=+3.20 (game LLR=+3.05) [CONTINUE]
1148 games  +254 =703 -191   +19 Elo +/- 13   3fold=662 (58%)   5909s   ANOMALIES: 2   mean=0.527 LLR=+3.20 (game LLR=+2.98) [CONTINUE]
1149 games  +254 =704 -191   +19 Elo +/- 12   3fold=663 (58%)   5910s   ANOMALIES: 2   mean=0.527 LLR=+3.20 (game LLR=+2.98) [CONTINUE]
1150 games  +254 =704 -192   +19 Elo +/- 13   3fold=663 (58%)   5913s   ANOMALIES: 2   mean=0.527 LLR=+3.20 (game LLR=+2.92) [CONTINUE]
1151 games  +255 =704 -192   +19 Elo +/- 13   3fold=663 (58%)   5916s   ANOMALIES: 2   mean=0.527 LLR=+3.20 (game LLR=+2.97) [CONTINUE]
1152 games  +255 =705 -192   +19 Elo +/- 12   3fold=664 (58%)   5919s   ANOMALIES: 2   mean=0.527 LLR=+3.26 (game LLR=+2.97) [CONTINUE]
1153 games  +256 =705 -192   +19 Elo +/- 12   3fold=664 (58%)   5920s   ANOMALIES: 2   mean=0.528 LLR=+3.26 (game LLR=+3.03) [CONTINUE]
1154 games  +256 =706 -192   +19 Elo +/- 12   3fold=665 (58%)   5932s   ANOMALIES: 2   mean=0.528 LLR=+3.32 (game LLR=+3.03) [CONTINUE]
1155 games  +256 =707 -192   +19 Elo +/- 12   3fold=666 (58%)   5939s   ANOMALIES: 2   mean=0.528 LLR=+3.25 (game LLR=+3.03) [CONTINUE]
1156 games  +256 =708 -192   +19 Elo +/- 12   3fold=667 (58%)   5942s   ANOMALIES: 2   mean=0.528 LLR=+3.19 (game LLR=+3.04) [CONTINUE]
1157 games  +256 =709 -192   +19 Elo +/- 12   3fold=668 (58%)   5950s   ANOMALIES: 2   mean=0.528 LLR=+3.19 (game LLR=+3.04) [CONTINUE]
1158 games  +257 =709 -192   +20 Elo +/- 12   3fold=668 (58%)   5953s   ANOMALIES: 2   mean=0.528 LLR=+3.19 (game LLR=+3.09) [CONTINUE]
1159 games  +257 =710 -192   +20 Elo +/- 12   3fold=669 (58%)   5954s   ANOMALIES: 2   mean=0.528 LLR=+3.19 (game LLR=+3.10) [CONTINUE]
1160 games  +258 =710 -192   +20 Elo +/- 12   3fold=669 (58%)   5960s   ANOMALIES: 2   mean=0.528 LLR=+3.19 (game LLR=+3.15) [CONTINUE]
1161 games  +258 =711 -192   +20 Elo +/- 12   3fold=670 (58%)   5960s   ANOMALIES: 2   mean=0.528 LLR=+3.19 (game LLR=+3.15) [CONTINUE]
1162 games  +258 =712 -192   +20 Elo +/- 12   3fold=671 (58%)   5974s   ANOMALIES: 2   mean=0.528 LLR=+3.19 (game LLR=+3.15) [CONTINUE]
1163 games  +258 =713 -192   +20 Elo +/- 12   3fold=672 (58%)   5978s   ANOMALIES: 2   mean=0.528 LLR=+3.19 (game LLR=+3.16) [CONTINUE]
1164 games  +258 =714 -192   +20 Elo +/- 12   3fold=673 (58%)   5983s   ANOMALIES: 2   mean=0.528 LLR=+3.19 (game LLR=+3.16) [CONTINUE]
1165 games  +259 =714 -192   +20 Elo +/- 12   3fold=673 (58%)   5984s   ANOMALIES: 2   mean=0.529 LLR=+3.20 (game LLR=+3.21) [CONTINUE]
1166 games  +259 =715 -192   +20 Elo +/- 12   3fold=674 (58%)   5989s   ANOMALIES: 2   mean=0.529 LLR=+3.30 (game LLR=+3.22) [CONTINUE]
1167 games  +259 =716 -192   +20 Elo +/- 12   3fold=675 (58%)   5994s   ANOMALIES: 2   mean=0.529 LLR=+3.36 (game LLR=+3.22) [CONTINUE]
1168 games  +259 =717 -192   +20 Elo +/- 12   3fold=676 (58%)   6008s   ANOMALIES: 2   mean=0.529 LLR=+3.37 (game LLR=+3.22) [CONTINUE]
1169 games  +259 =718 -192   +20 Elo +/- 12   3fold=677 (58%)   6010s   ANOMALIES: 2   mean=0.529 LLR=+3.37 (game LLR=+3.22) [CONTINUE]
1170 games  +259 =719 -192   +20 Elo +/- 12   3fold=678 (58%)   6010s   ANOMALIES: 2   mean=0.529 LLR=+3.37 (game LLR=+3.22) [CONTINUE]
1171 games  +259 =720 -192   +20 Elo +/- 12   3fold=679 (58%)   6010s   ANOMALIES: 2   mean=0.529 LLR=+3.37 (game LLR=+3.23) [CONTINUE]
1172 games  +260 =720 -192   +20 Elo +/- 12   3fold=679 (58%)   6021s   ANOMALIES: 2   mean=0.529 LLR=+3.37 (game LLR=+3.28) [CONTINUE]
1173 games  +260 =721 -192   +20 Elo +/- 12   3fold=680 (58%)   6022s   ANOMALIES: 2   mean=0.529 LLR=+3.37 (game LLR=+3.28) [CONTINUE]
1174 games  +260 =721 -193   +20 Elo +/- 12   3fold=680 (58%)   6036s   ANOMALIES: 2   mean=0.529 LLR=+3.37 (game LLR=+3.22) [CONTINUE]
1175 games  +260 =722 -193   +20 Elo +/- 12   3fold=681 (58%)   6038s   ANOMALIES: 2   mean=0.529 LLR=+3.37 (game LLR=+3.22) [CONTINUE]
1176 games  +260 =723 -193   +20 Elo +/- 12   3fold=682 (58%)   6038s   ANOMALIES: 2   mean=0.528 LLR=+3.37 (game LLR=+3.22) [CONTINUE]
1177 games  +260 =724 -193   +20 Elo +/- 12   3fold=683 (58%)   6046s   ANOMALIES: 2   mean=0.528 LLR=+3.38 (game LLR=+3.22) [CONTINUE]
1178 games  +260 =724 -194   +19 Elo +/- 12   3fold=683 (58%)   6048s   ANOMALIES: 2   mean=0.528 LLR=+3.38 (game LLR=+3.16) [CONTINUE]
1179 games  +260 =725 -194   +19 Elo +/- 12   3fold=684 (58%)   6049s   ANOMALIES: 2   mean=0.528 LLR=+3.39 (game LLR=+3.16) [CONTINUE]
1180 games  +260 =726 -194   +19 Elo +/- 12   3fold=685 (58%)   6068s   ANOMALIES: 2   mean=0.528 LLR=+3.39 (game LLR=+3.16) [CONTINUE]
1181 games  +260 =726 -195   +19 Elo +/- 12   3fold=685 (58%)   6068s   ANOMALIES: 2   mean=0.528 LLR=+3.39 (game LLR=+3.10) [CONTINUE]
1182 games  +260 =727 -195   +19 Elo +/- 12   3fold=686 (58%)   6070s   ANOMALIES: 2   mean=0.527 LLR=+3.39 (game LLR=+3.10) [CONTINUE]
1183 games  +261 =727 -195   +19 Elo +/- 12   3fold=686 (58%)   6077s   ANOMALIES: 2   mean=0.528 LLR=+3.32 (game LLR=+3.15) [CONTINUE]
1184 games  +261 =728 -195   +19 Elo +/- 12   3fold=687 (58%)   6077s   ANOMALIES: 2   mean=0.528 LLR=+3.32 (game LLR=+3.16) [CONTINUE]
1185 games  +261 =728 -196   +19 Elo +/- 12   3fold=687 (58%)   6077s   ANOMALIES: 2   mean=0.527 LLR=+3.32 (game LLR=+3.09) [CONTINUE]
1186 games  +262 =728 -196   +19 Elo +/- 12   3fold=687 (58%)   6095s   ANOMALIES: 2   mean=0.528 LLR=+3.32 (game LLR=+3.15) [CONTINUE]
1187 games  +262 =729 -196   +19 Elo +/- 12   3fold=688 (58%)   6102s   ANOMALIES: 2   mean=0.528 LLR=+3.33 (game LLR=+3.15) [CONTINUE]
1188 games  +262 =730 -196   +19 Elo +/- 12   3fold=689 (58%)   6103s   ANOMALIES: 2   mean=0.528 LLR=+3.33 (game LLR=+3.15) [CONTINUE]
1189 games  +262 =731 -196   +19 Elo +/- 12   3fold=690 (58%)   6103s   ANOMALIES: 2   mean=0.528 LLR=+3.33 (game LLR=+3.15) [CONTINUE]
1190 games  +263 =731 -196   +20 Elo +/- 12   3fold=690 (58%)   6103s   ANOMALIES: 2   mean=0.528 LLR=+3.39 (game LLR=+3.21) [CONTINUE]
1191 games  +263 =731 -197   +19 Elo +/- 12   3fold=690 (58%)   6106s   ANOMALIES: 2   mean=0.528 LLR=+3.45 (game LLR=+3.14) [CONTINUE]
1192 games  +263 =732 -197   +19 Elo +/- 12   3fold=691 (58%)   6127s   ANOMALIES: 2   mean=0.528 LLR=+3.30 (game LLR=+3.14) [CONTINUE]
1193 games  +263 =733 -197   +19 Elo +/- 12   3fold=692 (58%)   6130s   ANOMALIES: 2   mean=0.528 LLR=+3.30 (game LLR=+3.15) [CONTINUE]
1194 games  +263 =734 -197   +19 Elo +/- 12   3fold=693 (58%)   6132s   ANOMALIES: 2   mean=0.528 LLR=+3.30 (game LLR=+3.15) [CONTINUE]
1195 games  +263 =735 -197   +19 Elo +/- 12   3fold=694 (58%)   6133s   ANOMALIES: 2   mean=0.528 LLR=+3.30 (game LLR=+3.15) [CONTINUE]
1196 games  +263 =736 -197   +19 Elo +/- 12   3fold=695 (58%)   6135s   ANOMALIES: 2   mean=0.528 LLR=+3.30 (game LLR=+3.15) [CONTINUE]
1197 games  +263 =737 -197   +19 Elo +/- 12   3fold=696 (58%)   6141s   ANOMALIES: 2   mean=0.528 LLR=+3.30 (game LLR=+3.15) [CONTINUE]
1198 games  +264 =737 -197   +19 Elo +/- 12   3fold=696 (58%)   6156s   ANOMALIES: 2   mean=0.528 LLR=+3.30 (game LLR=+3.21) [CONTINUE]
1199 games  +264 =738 -197   +19 Elo +/- 12   3fold=697 (58%)   6157s   ANOMALIES: 2   mean=0.528 LLR=+3.36 (game LLR=+3.21) [CONTINUE]
1200 games  +264 =739 -197   +19 Elo +/- 12   3fold=698 (58%)   6162s   ANOMALIES: 2   mean=0.528 LLR=+3.36 (game LLR=+3.21) [CONTINUE]
1201 games  +264 =740 -197   +19 Elo +/- 12   3fold=699 (58%)   6163s   ANOMALIES: 2   mean=0.528 LLR=+3.37 (game LLR=+3.22) [CONTINUE]
1202 games  +264 =740 -198   +19 Elo +/- 12   3fold=699 (58%)   6164s   ANOMALIES: 2   mean=0.527 LLR=+3.37 (game LLR=+3.15) [CONTINUE]
1203 games  +264 =741 -198   +19 Elo +/- 12   3fold=700 (58%)   6169s   ANOMALIES: 2   mean=0.527 LLR=+3.30 (game LLR=+3.15) [CONTINUE]
1204 games  +264 =742 -198   +19 Elo +/- 12   3fold=700 (58%)   6185s   ANOMALIES: 2   mean=0.527 LLR=+3.31 (game LLR=+3.15) [CONTINUE]
1205 games  +265 =742 -198   +19 Elo +/- 12   3fold=700 (58%)   6187s   ANOMALIES: 2   mean=0.528 LLR=+3.31 (game LLR=+3.21) [CONTINUE]
1206 games  +265 =743 -198   +19 Elo +/- 12   3fold=701 (58%)   6190s   ANOMALIES: 2   mean=0.528 LLR=+3.37 (game LLR=+3.21) [CONTINUE]
1207 games  +265 =744 -198   +19 Elo +/- 12   3fold=702 (58%)   6194s   ANOMALIES: 2   mean=0.528 LLR=+3.37 (game LLR=+3.21) [CONTINUE]
1208 games  +265 =744 -199   +19 Elo +/- 12   3fold=702 (58%)   6196s   ANOMALIES: 2   mean=0.527 LLR=+3.37 (game LLR=+3.15) [CONTINUE]
1209 games  +265 =744 -200   +19 Elo +/- 12   3fold=702 (58%)   6196s   ANOMALIES: 2   mean=0.527 LLR=+3.37 (game LLR=+3.08) [CONTINUE]
1210 games  +265 =745 -200   +19 Elo +/- 12   3fold=703 (58%)   6212s   ANOMALIES: 2   mean=0.527 LLR=+3.37 (game LLR=+3.08) [CONTINUE]
1211 games  +265 =746 -200   +19 Elo +/- 12   3fold=704 (58%)   6215s   ANOMALIES: 2   mean=0.527 LLR=+3.37 (game LLR=+3.08) [CONTINUE]
1212 games  +265 =747 -200   +19 Elo +/- 12   3fold=705 (58%)   6220s   ANOMALIES: 2   mean=0.527 LLR=+3.37 (game LLR=+3.09) [CONTINUE]
1213 games  +265 =748 -200   +19 Elo +/- 12   3fold=706 (58%)   6226s   ANOMALIES: 2   mean=0.527 LLR=+3.37 (game LLR=+3.09) [CONTINUE]
1214 games  +266 =748 -200   +19 Elo +/- 12   3fold=706 (58%)   6227s   ANOMALIES: 2   mean=0.527 LLR=+3.38 (game LLR=+3.14) [CONTINUE]
1215 games  +266 =749 -200   +19 Elo +/- 12   3fold=707 (58%)   6233s   ANOMALIES: 2   mean=0.527 LLR=+3.38 (game LLR=+3.15) [CONTINUE]
1216 games  +266 =749 -201   +19 Elo +/- 12   3fold=707 (58%)   6243s   ANOMALIES: 2   mean=0.527 LLR=+3.31 (game LLR=+3.08) [CONTINUE]
1217 games  +266 =750 -201   +19 Elo +/- 12   3fold=708 (58%)   6244s   ANOMALIES: 2   mean=0.527 LLR=+3.31 (game LLR=+3.08) [CONTINUE]
1218 games  +266 =751 -201   +19 Elo +/- 12   3fold=709 (58%)   6246s   ANOMALIES: 2   mean=0.527 LLR=+3.32 (game LLR=+3.08) [CONTINUE]
1219 games  +266 =752 -201   +19 Elo +/- 12   3fold=710 (58%)   6255s   ANOMALIES: 2   mean=0.527 LLR=+3.32 (game LLR=+3.09) [CONTINUE]
1220 games  +267 =752 -201   +19 Elo +/- 12   3fold=710 (58%)   6259s   ANOMALIES: 2   mean=0.527 LLR=+3.32 (game LLR=+3.14) [CONTINUE]
1221 games  +268 =752 -201   +19 Elo +/- 12   3fold=710 (58%)   6262s   ANOMALIES: 2   mean=0.527 LLR=+3.32 (game LLR=+3.20) [CONTINUE]
1222 games  +268 =753 -201   +19 Elo +/- 12   3fold=711 (58%)   6269s   ANOMALIES: 2   mean=0.527 LLR=+3.32 (game LLR=+3.20) [CONTINUE]
1223 games  +268 =754 -201   +19 Elo +/- 12   3fold=712 (58%)   6271s   ANOMALIES: 2   mean=0.527 LLR=+3.32 (game LLR=+3.20) [CONTINUE]
1224 games  +269 =754 -201   +19 Elo +/- 12   3fold=712 (58%)   6278s   ANOMALIES: 2   mean=0.528 LLR=+3.25 (game LLR=+3.26) [CONTINUE]
1225 games  +269 =755 -201   +19 Elo +/- 12   3fold=713 (58%)   6290s   ANOMALIES: 2   mean=0.528 LLR=+3.31 (game LLR=+3.26) [CONTINUE]
1226 games  +269 =756 -201   +19 Elo +/- 12   3fold=714 (58%)   6290s   ANOMALIES: 2   mean=0.528 LLR=+3.37 (game LLR=+3.26) [CONTINUE]
1227 games  +269 =757 -201   +19 Elo +/- 12   3fold=715 (58%)   6291s   ANOMALIES: 2   mean=0.528 LLR=+3.38 (game LLR=+3.26) [CONTINUE]
1228 games  +269 =758 -201   +19 Elo +/- 12   3fold=716 (58%)   6291s   ANOMALIES: 2   mean=0.528 LLR=+3.44 (game LLR=+3.27) [CONTINUE]
1229 games  +269 =758 -202   +19 Elo +/- 12   3fold=716 (58%)   6300s   ANOMALIES: 2   mean=0.527 LLR=+3.44 (game LLR=+3.20) [CONTINUE]
1230 games  +269 =759 -202   +19 Elo +/- 12   3fold=717 (58%)   6303s   ANOMALIES: 2   mean=0.527 LLR=+3.37 (game LLR=+3.20) [CONTINUE]
1231 games  +269 =759 -203   +19 Elo +/- 12   3fold=717 (58%)   6316s   ANOMALIES: 2   mean=0.527 LLR=+3.37 (game LLR=+3.14) [CONTINUE]
1232 games  +269 =760 -203   +19 Elo +/- 12   3fold=718 (58%)   6318s   ANOMALIES: 2   mean=0.527 LLR=+3.37 (game LLR=+3.14) [CONTINUE]
1233 games  +270 =760 -203   +19 Elo +/- 12   3fold=718 (58%)   6325s   ANOMALIES: 2   mean=0.527 LLR=+3.37 (game LLR=+3.19) [CONTINUE]
1234 games  +270 =761 -203   +19 Elo +/- 12   3fold=719 (58%)   6329s   ANOMALIES: 2   mean=0.527 LLR=+3.37 (game LLR=+3.20) [CONTINUE]
1235 games  +270 =762 -203   +19 Elo +/- 12   3fold=720 (58%)   6333s   ANOMALIES: 2   mean=0.527 LLR=+3.37 (game LLR=+3.20) [CONTINUE]
1236 games  +270 =762 -204   +19 Elo +/- 12   3fold=720 (58%)   6335s   ANOMALIES: 2   mean=0.527 LLR=+3.37 (game LLR=+3.13) [CONTINUE]
1237 games  +270 =763 -204   +19 Elo +/- 12   3fold=721 (58%)   6348s   ANOMALIES: 2   mean=0.527 LLR=+3.30 (game LLR=+3.13) [CONTINUE]
1238 games  +270 =764 -204   +19 Elo +/- 12   3fold=722 (58%)   6357s   ANOMALIES: 2   mean=0.527 LLR=+3.31 (game LLR=+3.13) [CONTINUE]
1239 games  +270 =765 -204   +19 Elo +/- 12   3fold=723 (58%)   6357s   ANOMALIES: 2   mean=0.527 LLR=+3.37 (game LLR=+3.14) [CONTINUE]
1240 games  +270 =766 -204   +19 Elo +/- 12   3fold=724 (58%)   6357s   ANOMALIES: 2   mean=0.527 LLR=+3.37 (game LLR=+3.14) [CONTINUE]
1241 games  +270 =767 -204   +18 Elo +/- 12   3fold=725 (58%)   6360s   ANOMALIES: 2   mean=0.527 LLR=+3.30 (game LLR=+3.14) [CONTINUE]
1242 games  +271 =767 -204   +19 Elo +/- 12   3fold=725 (58%)   6362s   ANOMALIES: 2   mean=0.527 LLR=+3.30 (game LLR=+3.20) [CONTINUE]
1243 games  +271 =768 -204   +19 Elo +/- 12   3fold=726 (58%)   6376s   ANOMALIES: 2   mean=0.527 LLR=+3.30 (game LLR=+3.20) [CONTINUE]
1244 games  +271 =769 -204   +19 Elo +/- 12   3fold=727 (58%)   6379s   ANOMALIES: 2   mean=0.527 LLR=+3.30 (game LLR=+3.20) [CONTINUE]
1245 games  +271 =769 -205   +18 Elo +/- 12   3fold=727 (58%)   6388s   ANOMALIES: 2   mean=0.527 LLR=+3.30 (game LLR=+3.13) [CONTINUE]
1246 games  +271 =769 -206   +18 Elo +/- 12   3fold=727 (58%)   6389s   ANOMALIES: 2   mean=0.526 LLR=+3.30 (game LLR=+3.07) [CONTINUE]
1247 games  +271 =770 -206   +18 Elo +/- 12   3fold=728 (58%)   6398s   ANOMALIES: 2   mean=0.526 LLR=+3.30 (game LLR=+3.07) [CONTINUE]
1248 games  +271 =771 -206   +18 Elo +/- 12   3fold=728 (58%)   6399s   ANOMALIES: 2   mean=0.526 LLR=+3.37 (game LLR=+3.07) [CONTINUE]
1249 games  +271 =772 -206   +18 Elo +/- 12   3fold=729 (58%)   6405s   ANOMALIES: 2   mean=0.526 LLR=+3.37 (game LLR=+3.07) [CONTINUE]
1250 games  +271 =773 -206   +18 Elo +/- 12   3fold=730 (58%)   6408s   ANOMALIES: 2   mean=0.526 LLR=+3.37 (game LLR=+3.08) [CONTINUE]
1251 games  +271 =774 -206   +18 Elo +/- 12   3fold=731 (58%)   6416s   ANOMALIES: 2   mean=0.526 LLR=+3.38 (game LLR=+3.08) [CONTINUE]
1252 games  +271 =774 -207   +18 Elo +/- 12   3fold=731 (58%)   6423s   ANOMALIES: 2   mean=0.526 LLR=+3.31 (game LLR=+3.01) [CONTINUE]
1253 games  +272 =774 -207   +18 Elo +/- 12   3fold=731 (58%)   6428s   ANOMALIES: 2   mean=0.526 LLR=+3.15 (game LLR=+3.07) [CONTINUE]
1254 games  +273 =774 -207   +18 Elo +/- 12   3fold=731 (58%)   6430s   ANOMALIES: 2   mean=0.526 LLR=+3.15 (game LLR=+3.12) [CONTINUE]
1255 games  +273 =775 -207   +18 Elo +/- 12   3fold=732 (58%)   6436s   ANOMALIES: 2   mean=0.526 LLR=+3.15 (game LLR=+3.13) [CONTINUE]
1256 games  +273 =775 -208   +18 Elo +/- 12   3fold=732 (58%)   6438s   ANOMALIES: 2   mean=0.526 LLR=+3.15 (game LLR=+3.06) [CONTINUE]
1257 games  +273 =776 -208   +18 Elo +/- 12   3fold=733 (58%)   6446s   ANOMALIES: 2   mean=0.526 LLR=+3.15 (game LLR=+3.06) [CONTINUE]
1258 games  +273 =777 -208   +18 Elo +/- 12   3fold=734 (58%)   6456s   ANOMALIES: 2   mean=0.526 LLR=+3.15 (game LLR=+3.06) [CONTINUE]
1259 games  +273 =778 -208   +18 Elo +/- 12   3fold=735 (58%)   6456s   ANOMALIES: 2   mean=0.526 LLR=+3.15 (game LLR=+3.06) [CONTINUE]
1260 games  +273 =778 -209   +18 Elo +/- 12   3fold=735 (58%)   6464s   ANOMALIES: 2   mean=0.525 LLR=+3.21 (game LLR=+3.00) [CONTINUE]
1261 games  +273 =779 -209   +18 Elo +/- 12   3fold=736 (58%)   6465s   ANOMALIES: 2   mean=0.525 LLR=+3.22 (game LLR=+3.00) [CONTINUE]
1262 games  +273 =780 -209   +18 Elo +/- 12   3fold=737 (58%)   6469s   ANOMALIES: 2   mean=0.525 LLR=+3.15 (game LLR=+3.00) [CONTINUE]
1263 games  +273 =781 -209   +18 Elo +/- 12   3fold=738 (58%)   6470s   ANOMALIES: 2   mean=0.525 LLR=+3.15 (game LLR=+3.00) [CONTINUE]
1264 games  +274 =781 -209   +18 Elo +/- 12   3fold=738 (58%)   6485s   ANOMALIES: 2   mean=0.526 LLR=+3.16 (game LLR=+3.06) [CONTINUE]
1265 games  +274 =782 -209   +18 Elo +/- 12   3fold=739 (58%)   6489s   ANOMALIES: 2   mean=0.526 LLR=+3.22 (game LLR=+3.06) [CONTINUE]
1266 games  +275 =782 -209   +18 Elo +/- 12   3fold=739 (58%)   6494s   ANOMALIES: 2   mean=0.526 LLR=+3.22 (game LLR=+3.12) [CONTINUE]
1267 games  +275 =783 -209   +18 Elo +/- 12   3fold=740 (58%)   6496s   ANOMALIES: 2   mean=0.526 LLR=+3.22 (game LLR=+3.12) [CONTINUE]
1268 games  +275 =784 -209   +18 Elo +/- 12   3fold=741 (58%)   6499s   ANOMALIES: 2   mean=0.526 LLR=+3.22 (game LLR=+3.12) [CONTINUE]
1269 games  +275 =785 -209   +18 Elo +/- 12   3fold=742 (58%)   6499s   ANOMALIES: 2   mean=0.526 LLR=+3.22 (game LLR=+3.12) [CONTINUE]
1270 games  +275 =786 -209   +18 Elo +/- 12   3fold=743 (59%)   6510s   ANOMALIES: 2   mean=0.526 LLR=+3.22 (game LLR=+3.13) [CONTINUE]
1271 games  +276 =786 -209   +18 Elo +/- 12   3fold=743 (58%)   6519s   ANOMALIES: 2   mean=0.526 LLR=+3.22 (game LLR=+3.18) [CONTINUE]
1272 games  +276 =787 -209   +18 Elo +/- 12   3fold=744 (58%)   6524s   ANOMALIES: 2   mean=0.526 LLR=+3.28 (game LLR=+3.18) [CONTINUE]
1273 games  +276 =788 -209   +18 Elo +/- 12   3fold=745 (59%)   6524s   ANOMALIES: 2   mean=0.526 LLR=+3.28 (game LLR=+3.19) [CONTINUE]
1274 games  +276 =789 -209   +18 Elo +/- 12   3fold=746 (59%)   6525s   ANOMALIES: 2   mean=0.526 LLR=+3.29 (game LLR=+3.19) [CONTINUE]
1275 games  +276 =790 -209   +18 Elo +/- 12   3fold=747 (59%)   6531s   ANOMALIES: 2   mean=0.526 LLR=+3.35 (game LLR=+3.19) [CONTINUE]
1276 games  +276 =791 -209   +18 Elo +/- 12   3fold=748 (59%)   6540s   ANOMALIES: 2   mean=0.526 LLR=+3.35 (game LLR=+3.19) [CONTINUE]
1277 games  +276 =792 -209   +18 Elo +/- 12   3fold=749 (59%)   6549s   ANOMALIES: 2   mean=0.526 LLR=+3.36 (game LLR=+3.19) [CONTINUE]
1278 games  +276 =793 -209   +18 Elo +/- 12   3fold=750 (59%)   6549s   ANOMALIES: 2   mean=0.526 LLR=+3.36 (game LLR=+3.20) [CONTINUE]
1279 games  +276 =794 -209   +18 Elo +/- 12   3fold=751 (59%)   6558s   ANOMALIES: 2   mean=0.526 LLR=+3.36 (game LLR=+3.20) [CONTINUE]
1280 games  +276 =795 -209   +18 Elo +/- 12   3fold=752 (59%)   6560s   ANOMALIES: 2   mean=0.526 LLR=+3.36 (game LLR=+3.20) [CONTINUE]
1281 games  +276 =796 -209   +18 Elo +/- 12   3fold=753 (59%)   6563s   ANOMALIES: 2   mean=0.526 LLR=+3.36 (game LLR=+3.20) [CONTINUE]
1282 games  +276 =797 -209   +18 Elo +/- 12   3fold=754 (59%)   6575s   ANOMALIES: 2   mean=0.526 LLR=+3.36 (game LLR=+3.20) [CONTINUE]
1283 games  +276 =798 -209   +18 Elo +/- 12   3fold=755 (59%)   6577s   ANOMALIES: 2   mean=0.526 LLR=+3.36 (game LLR=+3.20) [CONTINUE]
1284 games  +276 =798 -210   +18 Elo +/- 12   3fold=755 (59%)   6581s   ANOMALIES: 2   mean=0.526 LLR=+3.36 (game LLR=+3.14) [CONTINUE]
1285 games  +276 =799 -210   +18 Elo +/- 12   3fold=756 (59%)   6586s   ANOMALIES: 2   mean=0.526 LLR=+3.29 (game LLR=+3.14) [CONTINUE]
1286 games  +276 =800 -210   +18 Elo +/- 12   3fold=757 (59%)   6586s   ANOMALIES: 2   mean=0.526 LLR=+3.29 (game LLR=+3.14) [CONTINUE]
1287 games  +276 =800 -211   +18 Elo +/- 12   3fold=757 (59%)   6592s   ANOMALIES: 2   mean=0.525 LLR=+3.30 (game LLR=+3.07) [CONTINUE]
1288 games  +276 =800 -212   +17 Elo +/- 12   3fold=757 (59%)   6602s   ANOMALIES: 2   mean=0.525 LLR=+3.23 (game LLR=+3.01) [CONTINUE]
1289 games  +277 =800 -212   +18 Elo +/- 12   3fold=757 (59%)   6604s   ANOMALIES: 2   mean=0.525 LLR=+3.23 (game LLR=+3.06) [CONTINUE]
1290 games  +278 =800 -212   +18 Elo +/- 12   3fold=757 (59%)   6610s   ANOMALIES: 2   mean=0.526 LLR=+3.29 (game LLR=+3.12) [CONTINUE]
1291 games  +278 =801 -212   +18 Elo +/- 12   3fold=758 (59%)   6610s   ANOMALIES: 2   mean=0.526 LLR=+3.29 (game LLR=+3.12) [CONTINUE]
1292 games  +278 =801 -213   +17 Elo +/- 12   3fold=758 (59%)   6621s   ANOMALIES: 2   mean=0.525 LLR=+3.29 (game LLR=+3.06) [CONTINUE]
1293 games  +279 =801 -213   +18 Elo +/- 12   3fold=758 (59%)   6627s   ANOMALIES: 2   mean=0.526 LLR=+3.29 (game LLR=+3.11) [CONTINUE]
1294 games  +279 =801 -214   +17 Elo +/- 12   3fold=758 (59%)   6631s   ANOMALIES: 2   mean=0.525 LLR=+3.29 (game LLR=+3.05) [CONTINUE]
1295 games  +280 =801 -214   +18 Elo +/- 12   3fold=758 (59%)   6637s   ANOMALIES: 2   mean=0.525 LLR=+3.13 (game LLR=+3.10) [CONTINUE]
1296 games  +280 =801 -215   +17 Elo +/- 12   3fold=758 (58%)   6639s   ANOMALIES: 2   mean=0.525 LLR=+3.13 (game LLR=+3.04) [CONTINUE]
1297 games  +280 =802 -215   +17 Elo +/- 12   3fold=759 (59%)   6642s   ANOMALIES: 2   mean=0.525 LLR=+3.14 (game LLR=+3.04) [CONTINUE]
1298 games  +281 =802 -215   +18 Elo +/- 12   3fold=759 (58%)   6652s   ANOMALIES: 2   mean=0.525 LLR=+3.14 (game LLR=+3.10) [CONTINUE]
1299 games  +281 =803 -215   +18 Elo +/- 12   3fold=760 (59%)   6659s   ANOMALIES: 2   mean=0.525 LLR=+3.14 (game LLR=+3.10) [CONTINUE]
1300 games  +281 =803 -216   +17 Elo +/- 12   3fold=760 (58%)   6660s   ANOMALIES: 2   mean=0.525 LLR=+3.21 (game LLR=+3.03) [CONTINUE]
1301 games  +281 =804 -216   +17 Elo +/- 12   3fold=761 (58%)   6661s   ANOMALIES: 2   mean=0.525 LLR=+3.21 (game LLR=+3.03) [CONTINUE]
1302 games  +281 =805 -216   +17 Elo +/- 12   3fold=762 (59%)   6666s   ANOMALIES: 2   mean=0.525 LLR=+3.21 (game LLR=+3.04) [CONTINUE]
1303 games  +281 =806 -216   +17 Elo +/- 12   3fold=763 (59%)   6672s   ANOMALIES: 2   mean=0.525 LLR=+3.27 (game LLR=+3.04) [CONTINUE]
1304 games  +281 =807 -216   +17 Elo +/- 12   3fold=764 (59%)   6681s   ANOMALIES: 2   mean=0.525 LLR=+3.27 (game LLR=+3.04) [CONTINUE]
1305 games  +281 =808 -216   +17 Elo +/- 12   3fold=765 (59%)   6690s   ANOMALIES: 2   mean=0.525 LLR=+3.27 (game LLR=+3.04) [CONTINUE]
1306 games  +281 =809 -216   +17 Elo +/- 12   3fold=766 (59%)   6690s   ANOMALIES: 2   mean=0.525 LLR=+3.27 (game LLR=+3.04) [CONTINUE]
1307 games  +281 =810 -216   +17 Elo +/- 12   3fold=767 (59%)   6693s   ANOMALIES: 2   mean=0.525 LLR=+3.27 (game LLR=+3.04) [CONTINUE]
1308 games  +281 =811 -216   +17 Elo +/- 12   3fold=768 (59%)   6695s   ANOMALIES: 2   mean=0.525 LLR=+3.20 (game LLR=+3.05) [CONTINUE]
1309 games  +281 =812 -216   +17 Elo +/- 12   3fold=768 (59%)   6710s   ANOMALIES: 2   mean=0.525 LLR=+3.20 (game LLR=+3.05) [CONTINUE]
1310 games  +281 =813 -216   +17 Elo +/- 12   3fold=769 (59%)   6717s   ANOMALIES: 2   mean=0.525 LLR=+3.21 (game LLR=+3.05) [CONTINUE]
1311 games  +281 =814 -216   +17 Elo +/- 12   3fold=770 (59%)   6719s   ANOMALIES: 2   mean=0.525 LLR=+3.21 (game LLR=+3.05) [CONTINUE]
1312 games  +281 =815 -216   +17 Elo +/- 12   3fold=771 (59%)   6719s   ANOMALIES: 2   mean=0.525 LLR=+3.21 (game LLR=+3.05) [CONTINUE]
1313 games  +281 =816 -216   +17 Elo +/- 12   3fold=772 (59%)   6723s   ANOMALIES: 2   mean=0.525 LLR=+3.21 (game LLR=+3.05) [CONTINUE]
1314 games  +282 =816 -216   +17 Elo +/- 12   3fold=772 (59%)   6726s   ANOMALIES: 2   mean=0.525 LLR=+3.22 (game LLR=+3.11) [CONTINUE]
1315 games  +282 =817 -216   +17 Elo +/- 12   3fold=773 (59%)   6747s   ANOMALIES: 2   mean=0.525 LLR=+3.22 (game LLR=+3.11) [CONTINUE]
1316 games  +283 =817 -216   +18 Elo +/- 12   3fold=773 (59%)   6748s   ANOMALIES: 2   mean=0.525 LLR=+3.22 (game LLR=+3.17) [CONTINUE]
1317 games  +283 =817 -217   +17 Elo +/- 12   3fold=773 (59%)   6751s   ANOMALIES: 2   mean=0.525 LLR=+3.28 (game LLR=+3.10) [CONTINUE]
1318 games  +283 =818 -217   +17 Elo +/- 12   3fold=774 (59%)   6751s   ANOMALIES: 2   mean=0.525 LLR=+3.28 (game LLR=+3.11) [CONTINUE]
1319 games  +283 =819 -217   +17 Elo +/- 12   3fold=775 (59%)   6757s   ANOMALIES: 2   mean=0.525 LLR=+3.28 (game LLR=+3.11) [CONTINUE]
1320 games  +283 =819 -218   +17 Elo +/- 12   3fold=775 (59%)   6758s   ANOMALIES: 2   mean=0.525 LLR=+3.28 (game LLR=+3.04) [CONTINUE]
1321 games  +283 =820 -218   +17 Elo +/- 12   3fold=776 (59%)   6777s   ANOMALIES: 2   mean=0.525 LLR=+3.28 (game LLR=+3.04) [CONTINUE]
1322 games  +284 =820 -218   +17 Elo +/- 12   3fold=776 (59%)   6782s   ANOMALIES: 2   mean=0.525 LLR=+3.21 (game LLR=+3.10) [CONTINUE]
1323 games  +284 =820 -219   +17 Elo +/- 12   3fold=776 (59%)   6786s   ANOMALIES: 2   mean=0.525 LLR=+3.28 (game LLR=+3.03) [CONTINUE]
1324 games  +284 =821 -219   +17 Elo +/- 12   3fold=776 (59%)   6787s   ANOMALIES: 2   mean=0.525 LLR=+3.28 (game LLR=+3.03) [CONTINUE]
1325 games  +284 =822 -219   +17 Elo +/- 12   3fold=777 (59%)   6788s   ANOMALIES: 2   mean=0.525 LLR=+3.28 (game LLR=+3.04) [CONTINUE]
1326 games  +285 =822 -219   +17 Elo +/- 12   3fold=777 (59%)   6791s   ANOMALIES: 2   mean=0.525 LLR=+3.28 (game LLR=+3.09) [CONTINUE]
1327 games  +285 =823 -219   +17 Elo +/- 12   3fold=778 (59%)   6808s   ANOMALIES: 2   mean=0.525 LLR=+3.28 (game LLR=+3.09) [CONTINUE]
1328 games  +285 =824 -219   +17 Elo +/- 12   3fold=779 (59%)   6809s   ANOMALIES: 2   mean=0.525 LLR=+3.28 (game LLR=+3.10) [CONTINUE]
1329 games  +285 =825 -219   +17 Elo +/- 11   3fold=780 (59%)   6817s   ANOMALIES: 2   mean=0.525 LLR=+3.28 (game LLR=+3.10) [CONTINUE]
1330 games  +285 =826 -219   +17 Elo +/- 11   3fold=781 (59%)   6818s   ANOMALIES: 2   mean=0.525 LLR=+3.21 (game LLR=+3.10) [CONTINUE]
1331 games  +285 =827 -219   +17 Elo +/- 11   3fold=782 (59%)   6820s   ANOMALIES: 2   mean=0.525 LLR=+3.27 (game LLR=+3.10) [CONTINUE]
1332 games  +285 =828 -219   +17 Elo +/- 11   3fold=783 (59%)   6821s   ANOMALIES: 2   mean=0.525 LLR=+3.27 (game LLR=+3.10) [CONTINUE]
1333 games  +285 =828 -220   +17 Elo +/- 11   3fold=783 (59%)   6830s   ANOMALIES: 2   mean=0.524 LLR=+3.27 (game LLR=+3.04) [CONTINUE]
1334 games  +285 =829 -220   +17 Elo +/- 11   3fold=783 (59%)   6843s   ANOMALIES: 2   mean=0.524 LLR=+3.21 (game LLR=+3.04) [CONTINUE]
1335 games  +285 =829 -221   +17 Elo +/- 11   3fold=783 (59%)   6848s   ANOMALIES: 2   mean=0.524 LLR=+3.21 (game LLR=+2.97) [CONTINUE]
1336 games  +286 =829 -221   +17 Elo +/- 11   3fold=783 (59%)   6852s   ANOMALIES: 2   mean=0.524 LLR=+3.21 (game LLR=+3.03) [CONTINUE]
1337 games  +286 =830 -221   +17 Elo +/- 11   3fold=784 (59%)   6852s   ANOMALIES: 2   mean=0.524 LLR=+3.27 (game LLR=+3.03) [CONTINUE]
1338 games  +286 =831 -221   +17 Elo +/- 11   3fold=785 (59%)   6854s   ANOMALIES: 2   mean=0.524 LLR=+3.27 (game LLR=+3.03) [CONTINUE]
1339 games  +287 =831 -221   +17 Elo +/- 11   3fold=785 (59%)   6860s   ANOMALIES: 2   mean=0.525 LLR=+3.27 (game LLR=+3.09) [CONTINUE]
1340 games  +287 =831 -222   +17 Elo +/- 11   3fold=785 (59%)   6873s   ANOMALIES: 2   mean=0.524 LLR=+3.27 (game LLR=+3.02) [CONTINUE]
1341 games  +287 =832 -222   +17 Elo +/- 11   3fold=786 (59%)   6878s   ANOMALIES: 2   mean=0.524 LLR=+3.27 (game LLR=+3.02) [CONTINUE]
1342 games  +287 =833 -222   +17 Elo +/- 11   3fold=787 (59%)   6879s   ANOMALIES: 2   mean=0.524 LLR=+3.21 (game LLR=+3.03) [CONTINUE]
1343 games  +288 =833 -222   +17 Elo +/- 11   3fold=787 (59%)   6885s   ANOMALIES: 2   mean=0.525 LLR=+3.21 (game LLR=+3.08) [CONTINUE]
1344 games  +288 =833 -223   +17 Elo +/- 11   3fold=787 (59%)   6888s   ANOMALIES: 2   mean=0.524 LLR=+3.27 (game LLR=+3.02) [CONTINUE]
1345 games  +288 =834 -223   +17 Elo +/- 11   3fold=788 (59%)   6895s   ANOMALIES: 2   mean=0.524 LLR=+3.27 (game LLR=+3.02) [CONTINUE]
1346 games  +288 =835 -223   +17 Elo +/- 11   3fold=789 (59%)   6904s   ANOMALIES: 2   mean=0.524 LLR=+3.33 (game LLR=+3.02) [CONTINUE]
1347 games  +288 =836 -223   +17 Elo +/- 11   3fold=790 (59%)   6905s   ANOMALIES: 2   mean=0.524 LLR=+3.26 (game LLR=+3.02) [CONTINUE]
1348 games  +288 =836 -224   +17 Elo +/- 11   3fold=790 (59%)   6907s   ANOMALIES: 2   mean=0.524 LLR=+3.26 (game LLR=+2.96) [CONTINUE]
1349 games  +289 =836 -224   +17 Elo +/- 11   3fold=790 (59%)   6913s   ANOMALIES: 2   mean=0.524 LLR=+3.19 (game LLR=+3.01) [CONTINUE]
1350 games  +289 =837 -224   +17 Elo +/- 11   3fold=791 (59%)   6914s   ANOMALIES: 2   mean=0.524 LLR=+3.19 (game LLR=+3.01) [CONTINUE]
1351 games  +289 =838 -224   +17 Elo +/- 11   3fold=792 (59%)   6922s   ANOMALIES: 2   mean=0.524 LLR=+3.19 (game LLR=+3.02) [CONTINUE]
1352 games  +289 =839 -224   +17 Elo +/- 11   3fold=793 (59%)   6935s   ANOMALIES: 2   mean=0.524 LLR=+3.19 (game LLR=+3.02) [CONTINUE]
1353 games  +290 =839 -224   +17 Elo +/- 11   3fold=793 (59%)   6939s   ANOMALIES: 2   mean=0.524 LLR=+3.19 (game LLR=+3.08) [CONTINUE]
1354 games  +290 =840 -224   +17 Elo +/- 11   3fold=794 (59%)   6940s   ANOMALIES: 2   mean=0.524 LLR=+3.26 (game LLR=+3.08) [CONTINUE]
1355 games  +290 =841 -224   +17 Elo +/- 11   3fold=795 (59%)   6941s   ANOMALIES: 2   mean=0.524 LLR=+3.26 (game LLR=+3.08) [CONTINUE]
1356 games  +290 =842 -224   +17 Elo +/- 11   3fold=796 (59%)   6941s   ANOMALIES: 2   mean=0.524 LLR=+3.26 (game LLR=+3.08) [CONTINUE]
1357 games  +290 =843 -224   +17 Elo +/- 11   3fold=797 (59%)   6958s   ANOMALIES: 2   mean=0.524 LLR=+3.26 (game LLR=+3.08) [CONTINUE]
1358 games  +290 =844 -224   +17 Elo +/- 11   3fold=798 (59%)   6966s   ANOMALIES: 2   mean=0.524 LLR=+3.26 (game LLR=+3.08) [CONTINUE]
1359 games  +290 =845 -224   +17 Elo +/- 11   3fold=799 (59%)   6968s   ANOMALIES: 2   mean=0.524 LLR=+3.27 (game LLR=+3.08) [CONTINUE]
1360 games  +291 =845 -224   +17 Elo +/- 11   3fold=799 (59%)   6970s   ANOMALIES: 2   mean=0.525 LLR=+3.27 (game LLR=+3.14) [CONTINUE]
1361 games  +292 =845 -224   +17 Elo +/- 11   3fold=799 (59%)   6971s   ANOMALIES: 2   mean=0.525 LLR=+3.27 (game LLR=+3.20) [CONTINUE]
1362 games  +293 =845 -224   +18 Elo +/- 11   3fold=799 (59%)   6972s   ANOMALIES: 2   mean=0.525 LLR=+3.33 (game LLR=+3.26) [CONTINUE]
1363 games  +293 =846 -224   +18 Elo +/- 11   3fold=800 (59%)   6982s   ANOMALIES: 2   mean=0.525 LLR=+3.39 (game LLR=+3.26) [CONTINUE]
1364 games  +293 =847 -224   +18 Elo +/- 11   3fold=801 (59%)   6995s   ANOMALIES: 2   mean=0.525 LLR=+3.39 (game LLR=+3.26) [CONTINUE]
1365 games  +293 =848 -224   +18 Elo +/- 11   3fold=802 (59%)   6997s   ANOMALIES: 2   mean=0.525 LLR=+3.39 (game LLR=+3.26) [CONTINUE]
1366 games  +294 =848 -224   +18 Elo +/- 11   3fold=802 (59%)   6999s   ANOMALIES: 2   mean=0.526 LLR=+3.39 (game LLR=+3.32) [CONTINUE]
1367 games  +295 =848 -224   +18 Elo +/- 11   3fold=802 (59%)   7004s   ANOMALIES: 2   mean=0.526 LLR=+3.50 (game LLR=+3.38) [CONTINUE]
1368 games  +295 =849 -224   +18 Elo +/- 11   3fold=803 (59%)   7008s   ANOMALIES: 2   mean=0.526 LLR=+3.50 (game LLR=+3.38) [CONTINUE]
1369 games  +296 =849 -224   +18 Elo +/- 11   3fold=803 (59%)   7010s   ANOMALIES: 2   mean=0.526 LLR=+3.50 (game LLR=+3.43) [CONTINUE]
1370 games  +296 =850 -224   +18 Elo +/- 11   3fold=804 (59%)   7025s   ANOMALIES: 2   mean=0.526 LLR=+3.56 (game LLR=+3.44) [CONTINUE]
1371 games  +297 =850 -224   +19 Elo +/- 11   3fold=804 (59%)   7027s   ANOMALIES: 2   mean=0.527 LLR=+3.57 (game LLR=+3.49) [CONTINUE]
1372 games  +297 =851 -224   +19 Elo +/- 11   3fold=805 (59%)   7031s   ANOMALIES: 2   mean=0.527 LLR=+3.57 (game LLR=+3.49) [CONTINUE]
1373 games  +297 =852 -224   +18 Elo +/- 11   3fold=806 (59%)   7037s   ANOMALIES: 2   mean=0.527 LLR=+3.57 (game LLR=+3.50) [CONTINUE]
1374 games  +298 =852 -224   +19 Elo +/- 11   3fold=806 (59%)   7038s   ANOMALIES: 2   mean=0.527 LLR=+3.57 (game LLR=+3.55) [CONTINUE]
1375 games  +298 =853 -224   +19 Elo +/- 11   3fold=807 (59%)   7039s   ANOMALIES: 2   mean=0.527 LLR=+3.57 (game LLR=+3.55) [CONTINUE]
1376 games  +298 =853 -225   +18 Elo +/- 11   3fold=807 (59%)   7051s   ANOMALIES: 2   mean=0.527 LLR=+3.63 (game LLR=+3.49) [CONTINUE]
1377 games  +298 =853 -226   +18 Elo +/- 11   3fold=807 (59%)   7058s   ANOMALIES: 2   mean=0.526 LLR=+3.63 (game LLR=+3.42) [CONTINUE]
1378 games  +298 =854 -226   +18 Elo +/- 11   3fold=807 (59%)   7060s   ANOMALIES: 2   mean=0.526 LLR=+3.64 (game LLR=+3.42) [CONTINUE]
1379 games  +298 =855 -226   +18 Elo +/- 11   3fold=808 (59%)   7065s   ANOMALIES: 2   mean=0.526 LLR=+3.64 (game LLR=+3.43) [CONTINUE]
1380 games  +298 =856 -226   +18 Elo +/- 11   3fold=809 (59%)   7069s   ANOMALIES: 2   mean=0.526 LLR=+3.64 (game LLR=+3.43) [CONTINUE]
1381 games  +298 =857 -226   +18 Elo +/- 11   3fold=810 (59%)   7070s   ANOMALIES: 2   mean=0.526 LLR=+3.64 (game LLR=+3.43) [CONTINUE]
1382 games  +298 =858 -226   +18 Elo +/- 11   3fold=811 (59%)   7085s   ANOMALIES: 2   mean=0.526 LLR=+3.70 (game LLR=+3.43) [ACCEPT]
1383 games  +298 =858 -227   +18 Elo +/- 11   3fold=811 (59%)   7086s   ANOMALIES: 2   mean=0.526 LLR=+3.71 (game LLR=+3.36) [ACCEPT]
1384 games  +298 =859 -227   +18 Elo +/- 11   3fold=812 (59%)   7086s   ANOMALIES: 2   mean=0.526 LLR=+3.55 (game LLR=+3.37) [CONTINUE]
1385 games  +298 =860 -227   +18 Elo +/- 11   3fold=813 (59%)   7091s   ANOMALIES: 2   mean=0.526 LLR=+3.55 (game LLR=+3.37) [CONTINUE]
1386 games  +298 =861 -227   +18 Elo +/- 11   3fold=814 (59%)   7101s   ANOMALIES: 2   mean=0.526 LLR=+3.55 (game LLR=+3.37) [CONTINUE]
1387 games  +298 =862 -227   +18 Elo +/- 11   3fold=815 (59%)   7113s   ANOMALIES: 2   mean=0.526 LLR=+3.55 (game LLR=+3.37) [CONTINUE]
1388 games  +298 =862 -228   +18 Elo +/- 11   3fold=815 (59%)   7122s   ANOMALIES: 2   mean=0.525 LLR=+3.56 (game LLR=+3.30) [CONTINUE]

=== FINAL ===
+298 =862 -228  out of 1388   score 52.5%   +18 Elo +/- 11
terminations:
  draw:threefold     815   58.7%
  mate               524   37.8%
  draw:fifty          24    1.7%
  draw:material       20    1.4%
  draw:stalemate       3    0.2%
  flag                 2    0.1%
ANOMALIES (2):
  flag as white (0-1) -- caused by agent@engine
  flag as white (1-0) -- caused by agent@checkpoints/syzygy
pair results (A's view, 694 complete pairs):
  0-2         17    2.4%
  0.5-1.5    133   19.2%
  1-1        339   48.8%
  1.5-0.5    173   24.9%
  2-0         32    4.6%
  LLR per-game=+3.304   per-pair=+3.488   ratio=1.06x

=== SPRT ===
status=INCONCLUSIVE  LLR=+3.488  bounds=[-3.664, 3.664]  elo0=0.0 elo1=8.0 alpha=0.025 beta=0.025
